date,actual_sales,predicted_sales,error,absolute_error
2015-04-14,1363,1404.05861186465,-41.05861186464995,41.05861186464995
2015-04-14,563,453.8686914205848,109.13130857941519,109.13130857941519
2015-04-14,280,253.3131958895384,26.686804110461594,26.686804110461594
2015-04-14,544,573.0007847272093,-29.000784727209293,29.000784727209293
2015-04-14,1940,1931.6423314683032,8.357668531696845,8.357668531696845
2015-04-14,1628,1530.2557667992269,97.74423320077312,97.74423320077312
2015-04-14,1729,1924.774307593114,-195.77430759311392,195.77430759311392
2015-04-14,791,804.5741654793858,-13.574165479385783,13.574165479385783
2015-04-14,589,553.501920255677,35.498079744323036,35.498079744323036
2015-04-14,808,837.9866845382406,-29.986684538240638,29.986684538240638
2015-04-14,212,198.90525515667602,13.09474484332398,13.09474484332398
2015-04-14,233,265.82544990948577,-32.82544990948577,32.82544990948577
2015-04-14,633,591.3607525688444,41.63924743115558,41.63924743115558
2015-04-14,1015,1052.8883271850277,-37.88832718502772,37.88832718502772
2015-04-14,294,325.76893520663947,-31.76893520663947,31.76893520663947
2015-04-14,3373,3144.824638190763,228.17536180923707,228.17536180923707
2015-04-14,245,209.02037983697022,35.97962016302978,35.97962016302978
2015-04-14,2354,2450.9386445006776,-96.93864450067758,96.93864450067758
2015-04-14,692,791.2797196749372,-99.27971967493716,99.27971967493716
2015-04-14,910,940.0208531423785,-30.02085314237854,30.02085314237854
2015-04-14,438,406.9611794177015,31.038820582298513,31.038820582298513
2015-04-14,785,784.7013490315658,0.2986509684342309,0.2986509684342309
2015-04-14,272,325.9894697098246,-53.98946970982462,53.98946970982462
2015-04-14,1980,2233.4557744019844,-253.4557744019844,253.4557744019844
2015-04-14,357,309.2769779014772,47.72302209852279,47.72302209852279
2015-04-14,285,365.6484183548168,-80.64841835481678,80.64841835481678
2015-04-14,570,612.3968917795025,-42.39689177950254,42.39689177950254
2015-04-14,3536,3386.7827988359354,149.2172011640646,149.2172011640646
2015-04-14,2165,2414.0990341948313,-249.09903419483135,249.09903419483135
2015-04-14,3013,2152.694132893817,860.3058671061831,860.3058671061831
2015-04-15,1439,1343.725710387026,95.27428961297392,95.27428961297392
2015-04-15,688,595.0174545080666,92.98254549193337,92.98254549193337
2015-04-15,631,617.1057130925393,13.894286907460696,13.894286907460696
2015-04-15,486,580.225701057426,-94.22570105742602,94.22570105742602
2015-04-15,400,413.7845163592468,-13.784516359246823,13.784516359246823
2015-04-15,2370,2396.760690644592,-26.76069064459216,26.76069064459216
2015-04-15,966,937.0732588266826,28.926741173317396,28.926741173317396
2015-04-15,886,906.523387540158,-20.523387540157955,20.523387540157955
2015-04-15,420,339.1317626271002,80.86823737289978,80.86823737289978
2015-04-15,451,330.5333568293089,120.4666431706911,120.4666431706911
2015-04-15,805,744.8155174856684,60.18448251433165,60.18448251433165
2015-04-15,1092,1092.9567925843655,-0.9567925843655303,0.9567925843655303
2015-04-15,233,237.5294012654756,-4.529401265475599,4.529401265475599
2015-04-15,375,316.76227667242915,58.23772332757085,58.23772332757085
2015-04-15,491,508.16514463342355,-17.16514463342355,17.16514463342355
2015-04-15,241,284.88763858055273,-43.88763858055273,43.88763858055273
2015-04-15,807,782.4145553767553,24.58544462324471,24.58544462324471
2015-04-15,2473,2444.2782680538257,28.72173194617426,28.72173194617426
2015-04-15,3379,3414.345502603081,-35.34550260308106,35.34550260308106
2015-04-15,2046,2016.990307818099,29.009692181901073,29.009692181901073
2015-04-15,215,237.47069960816788,-22.470699608167877,22.470699608167877
2015-04-15,633,617.8175309817947,15.182469018205325,15.182469018205325
2015-04-15,265,253.4088276151482,11.591172384851802,11.591172384851802
2015-04-15,3632,3277.183793628072,354.8162063719278,354.8162063719278
2015-04-15,2324,2409.8708783864577,-85.87087838645766,85.87087838645766
2015-04-15,1433,1515.1019484341691,-82.10194843416912,82.10194843416912
2015-04-15,2443,2280.72815012763,162.27184987236978,162.27184987236978
2015-04-15,1921,1851.8025589533272,69.1974410466728,69.1974410466728
2015-04-15,836,797.7330345417591,38.26696545824086,38.26696545824086
2015-04-15,309,324.77951275084683,-15.779512750846834,15.779512750846834
2015-04-16,574,542.3995636060192,31.60043639398077,31.60043639398077
2015-04-16,259,343.95058483993006,-84.95058483993006,84.95058483993006
2015-04-16,907,870.7349142473594,36.26508575264063,36.26508575264063
2015-04-16,617,596.025509640908,20.974490359091988,20.974490359091988
2015-04-16,562,601.6107855234158,-39.61078552341576,39.61078552341576
2015-04-16,1511,1434.227556671069,76.7724433289311,76.7724433289311
2015-04-16,1916,1879.8787906717478,36.121209328252235,36.121209328252235
2015-04-16,3450,3311.986917711333,138.0130822886672,138.0130822886672
2015-04-16,828,853.9046749687424,-25.90467496874237,25.90467496874237
2015-04-16,2575,2603.567841862349,-28.567841862348814,28.567841862348814
2015-04-16,1482,1348.6182301258289,133.38176987417114,133.38176987417114
2015-04-16,2464,2332.169046314118,131.83095368588192,131.83095368588192
2015-04-16,418,412.97287568519823,5.0271243148017675,5.0271243148017675
2015-04-16,2090,2092.8184155958124,-2.8184155958124393,2.8184155958124393
2015-04-16,1116,1084.5576661919379,31.44233380806213,31.44233380806213
2015-04-16,231,358.21429800010463,-127.21429800010463,127.21429800010463
2015-04-16,535,465.5341476267686,69.46585237323143,69.46585237323143
2015-04-16,675,650.3172830176784,24.682716982321608,24.682716982321608
2015-04-16,1953,2006.6764701191764,-53.67647011917643,53.67647011917643
2015-04-16,662,822.1329231076447,-160.13292310764473,160.13292310764473
2015-04-16,226,351.1838979305134,-125.18389793051341,125.18389793051341
2015-04-16,205,245.75279255029133,-40.75279255029133,40.75279255029133
2015-04-16,258,219.56150940166768,38.43849059833232,38.43849059833232
2015-04-16,303,247.48856736686506,55.511432633134945,55.511432633134945
2015-04-16,733,767.4556840021206,-34.45568400212062,34.45568400212062
2015-04-16,151,200.3134550581952,-49.31345505819519,49.31345505819519
2015-04-16,249,325.66597276035117,-76.66597276035117,76.66597276035117
2015-04-16,2120,2164.954410722593,-44.95441072259291,44.95441072259291
2015-04-16,719,798.7201679675475,-79.72016796754747,79.72016796754747
2015-04-16,1642,1821.2766803709733,-179.27668037097328,179.27668037097328
2015-04-17,187,305.52377787506157,-118.52377787506157,118.52377787506157
2015-04-17,1661,1856.1795868001157,-195.17958680011566,195.17958680011566
2015-04-17,227,315.40468605966487,-88.40468605966487,88.40468605966487
2015-04-17,187,265.4344582899481,-78.43445828994811,78.43445828994811
2015-04-17,1975,2298.5941229742343,-323.5941229742343,323.5941229742343
2015-04-17,2008,2186.8917525179695,-178.8917525179695,178.8917525179695
2015-04-17,277,456.24689307094036,-179.24689307094036,179.24689307094036
2015-04-17,938,1015.709687464379,-77.70968746437904,77.70968746437904
2015-04-17,3491,3585.293329519592,-94.29332951959213,94.29332951959213
2015-04-17,341,393.01557426300036,-52.01557426300036,52.01557426300036
2015-04-17,663,826.5121444276011,-163.51214442760113,163.51214442760113
2015-04-17,2538,2465.860644822675,72.13935517732489,72.13935517732489
2015-04-17,308,381.5351568653953,-73.53515686539532,73.53515686539532
2015-04-17,412,537.0080005396461,-125.0080005396461,125.0080005396461
2015-04-17,157,242.51371340538577,-85.51371340538577,85.51371340538577
2015-04-17,552,673.1966010344049,-121.19660103440492,121.19660103440492
2015-04-17,2951,2960.8511090611873,-9.851109061187344,9.851109061187344
2015-04-17,740,803.3929180087113,-63.39291800871126,63.39291800871126
2015-04-17,225,277.6770987047501,-52.67709870475011,52.67709870475011
2015-04-17,858,1005.4504541925935,-147.4504541925935,147.4504541925935
2015-04-17,499,445.18674844008444,53.81325155991556,53.81325155991556
2015-04-17,651,869.8045600883036,-218.80456008830356,218.80456008830356
2015-04-17,2300,2193.9856612017234,106.01433879827664,106.01433879827664
2015-04-17,1199,1211.6821937027883,-12.682193702788254,12.682193702788254
2015-04-17,752,766.5870616971096,-14.587061697109561,14.587061697109561
2015-04-17,873,910.8683407409785,-37.86834074097851,37.86834074097851
2015-04-17,1540,1582.8383620320985,-42.83836203209853,42.83836203209853
2015-04-17,1675,1506.9309254217424,168.06907457825764,168.06907457825764
2015-04-17,2026,2129.2656086700626,-103.26560867006265,103.26560867006265
2015-04-17,848,863.9069529210597,-15.906952921059656,15.906952921059656
2015-04-18,263,221.4924880157778,41.50751198422219,41.50751198422219
2015-04-18,358,308.63256043628826,49.36743956371174,49.36743956371174
2015-04-18,1651,1824.5996027671918,-173.59960276719175,173.59960276719175
2015-04-18,968,1086.053935240175,-118.05393524017495,118.05393524017495
2015-04-18,300,402.5913314940276,-102.5913314940276,102.5913314940276
2015-04-18,2875,2927.1561447830913,-52.15614478309135,52.15614478309135
2015-04-18,318,267.89590299802524,50.104097001974765,50.104097001974765
2015-04-18,2680,2581.132767301096,98.86723269890399,98.86723269890399
2015-04-18,627,661.7866682445367,-34.78666824453671,34.78666824453671
2015-04-18,3086,2591.0136213683913,494.98637863160866,494.98637863160866
2015-04-18,957,927.400815251191,29.599184748808966,29.599184748808966
2015-04-18,315,387.71233017321435,-72.71233017321435,72.71233017321435
2015-04-18,447,414.2350861646856,32.76491383531442,32.76491383531442
2015-04-18,2279,2204.7795889063405,74.22041109365955,74.22041109365955
2015-04-18,1162,1069.2089985572404,92.79100144275958,92.79100144275958
2015-04-18,1050,1019.5327672701112,30.467232729888792,30.467232729888792
2015-04-18,1359,1123.6343221722068,235.3656778277932,235.3656778277932
2015-04-18,3862,4467.80595460809,-605.8059546080904,605.8059546080904
2015-04-18,2257,2355.3692249574947,-98.36922495749468,98.36922495749468
2015-04-18,743,613.898021148892,129.10197885110802,129.10197885110802
2015-04-18,574,605.9366393592115,-31.93663935921154,31.93663935921154
2015-04-18,1257,1159.2710620821124,97.7289379178876,97.7289379178876
2015-04-18,440,397.99561571740287,42.00438428259713,42.00438428259713
2015-04-18,1077,1098.679692157729,-21.67969215772905,21.67969215772905
2015-04-18,1235,1054.6081040223698,180.39189597763016,180.39189597763016
2015-04-18,1738,2040.5546761838305,-302.55467618383045,302.55467618383045
2015-04-18,2917,2757.0974631107388,159.90253688926123,159.90253688926123
2015-04-18,1524,1605.6059745107682,-81.60597451076819,81.60597451076819
2015-04-18,546,564.4547486373018,-18.454748637301805,18.454748637301805
2015-04-18,3651,3669.372510642992,-18.372510642991983,18.372510642991983
2015-04-19,598,559.5208787126783,38.47912128732173,38.47912128732173
2015-04-19,2555,2288.458020496829,266.5419795031712,266.5419795031712
2015-04-19,1149,1128.8550212833406,20.144978716659352,20.144978716659352
2015-04-19,1150,1155.9945497927936,-5.994549792793578,5.994549792793578
2015-04-19,2917,2547.2643021355975,369.7356978644025,369.7356978644025
2015-04-19,3013,2999.6623808481304,13.337619151869603,13.337619151869603
2015-04-19,732,605.949454224635,126.05054577536498,126.05054577536498
2015-04-19,487,391.5743051921774,95.4256948078226,95.4256948078226
2015-04-19,241,207.12631005020737,33.873689949792634,33.873689949792634
2015-04-19,410,355.6575061737521,54.3424938262479,54.3424938262479
2015-04-19,385,421.61987647425866,-36.61987647425866,36.61987647425866
2015-04-19,907,890.0704596036645,16.929540396335483,16.929540396335483
2015-04-19,922,874.9933040369464,47.00669596305363,47.00669596305363
2015-04-19,2325,2112.6875331545434,212.31246684545658,212.31246684545658
2015-04-19,2365,2394.284014584389,-29.284014584388842,29.284014584388842
2015-04-19,4731,4352.6108063054335,378.38919369456653,378.38919369456653
2015-04-19,357,355.31207022585374,1.6879297741462551,1.6879297741462551
2015-04-19,337,341.1873739297785,-4.187373929778516,4.187373929778516
2015-04-19,2972,2790.6029512590094,181.3970487409906,181.3970487409906
2015-04-19,1079,1135.6355966176277,-56.6355966176277,56.6355966176277
2015-04-19,264,261.11879634424236,2.881203655757645,2.881203655757645
2015-04-19,936,779.1554932400851,156.8445067599149,156.8445067599149
2015-04-19,1230,1121.8999411551583,108.10005884484167,108.10005884484167
2015-04-19,1383,1216.3681054177516,166.63189458224838,166.63189458224838
2015-04-19,553,421.9680763430922,131.0319236569078,131.0319236569078
2015-04-19,2509,2710.507715872268,-201.5077158722679,201.5077158722679
2015-04-19,1674,1606.7060721535765,67.29392784642346,67.29392784642346
2015-04-19,1810,1738.037958885329,71.96204111467091,71.96204111467091
2015-04-19,3868,3734.322411877378,133.67758812262218,133.67758812262218
2015-04-19,500,535.6349217704321,-35.63492177043213,35.63492177043213
2015-04-20,679,634.4842468613625,44.51575313863748,44.51575313863748
2015-04-20,749,673.269733791465,75.730266208535,75.730266208535
2015-04-20,1016,976.5553047025768,39.44469529742321,39.44469529742321
2015-04-20,2307,2273.6324259698813,33.3675740301187,33.3675740301187
2015-04-20,995,1120.7858753550645,-125.78587535506449,125.78587535506449
2015-04-20,443,437.53418747183485,5.465812528165145,5.465812528165145
2015-04-20,316,374.8736487169449,-58.8736487169449,58.8736487169449
2015-04-20,459,459.2986253249248,-0.2986253249247852,0.2986253249247852
2015-04-20,2343,2108.742892736918,234.25710726308216,234.25710726308216
2015-04-20,236,191.73849378867718,44.261506211322825,44.261506211322825
2015-04-20,643,609.2424724429186,33.7575275570814,33.7575275570814
2015-04-20,769,785.9427529008348,-16.942752900834762,16.942752900834762
2015-04-20,2656,2602.449430053885,53.55056994611505,53.55056994611505
2015-04-20,583,583.216957142595,-0.21695714259499255,0.21695714259499255
2015-04-20,1036,1014.2936751890761,21.70632481092389,21.70632481092389
2015-04-20,872,882.9458118493179,-10.94581184931792,10.94581184931792
2015-04-20,283,352.09445471311494,-69.09445471311494,69.09445471311494
2015-04-20,218,257.22111789985223,-39.22111789985223,39.22111789985223
2015-04-20,1910,1803.575456351604,106.42454364839591,106.42454364839591
2015-04-20,256,210.88731108672454,45.11268891327546,45.11268891327546
2015-04-20,1556,1545.227526030457,10.772473969542943,10.772473969542943
2015-04-20,1647,1904.4151201148854,-257.41512011488544,257.41512011488544
2015-04-20,1847,1664.2822263488642,182.71777365113576,182.71777365113576
2015-04-20,271,331.74444050554854,-60.74444050554854,60.74444050554854
2015-04-20,834,843.2966281985596,-9.296628198559574,9.296628198559574
2015-04-20,1808,1863.3921569010315,-55.39215690103151,55.39215690103151
2015-04-20,2371,2341.4625726088852,29.53742739111476,29.53742739111476
2015-04-20,388,336.9001189101511,51.09988108984891,51.09988108984891
2015-04-20,255,287.2545925389183,-32.2545925389183,32.2545925389183
2015-04-20,3372,3628.267778515652,-256.267778515652,256.267778515652
2015-04-21,318,295.7292250635801,22.27077493641991,22.27077493641991
2015-04-21,2196,2160.2151952272734,35.7848047727266,35.7848047727266
2015-04-21,1082,1005.2408946197601,76.75910538023993,76.75910538023993
2015-04-21,619,752.719151705912,-133.71915170591205,133.71915170591205
2015-04-21,785,798.9283751790525,-13.928375179052523,13.928375179052523
2015-04-21,299,343.428055667978,-44.428055667978015,44.428055667978015
2015-04-21,1544,1586.7009379268693,-42.7009379268693,42.7009379268693
2015-04-21,488,424.38795490983233,63.61204509016767,63.61204509016767
2015-04-21,900,918.1536969104577,-18.15369691045771,18.15369691045771
2015-04-21,3209,3309.966142354629,-100.96614235462903,100.96614235462903
2015-04-21,1408,1357.044949122842,50.9550508771581,50.9550508771581
2015-04-21,1773,1813.4113575613994,-40.41135756139943,40.41135756139943
2015-04-21,550,572.1695593947278,-22.1695593947278,22.1695593947278
2015-04-21,793,687.875114872401,105.12488512759899,105.12488512759899
2015-04-21,2254,2290.7556718644823,-36.75567186448234,36.75567186448234
2015-04-21,224,259.451266060097,-35.451266060097,35.451266060097
2015-04-21,284,217.90190814018456,66.09809185981544,66.09809185981544
2015-04-21,1701,1675.0074474384217,25.99255256157835,25.99255256157835
2015-04-21,572,571.9925752024694,0.007424797530575233,0.007424797530575233
2015-04-21,187,191.87717459177918,-4.8771745917791804,4.8771745917791804
2015-04-21,589,595.4678619079627,-6.467861907962742,6.467861907962742
2015-04-21,1552,1659.154383699762,-107.15438369976209,107.15438369976209
2015-04-21,341,260.65061202045587,80.34938797954413,80.34938797954413
2015-04-21,2011,1858.7338583293554,152.26614167064463,152.26614167064463
2015-04-21,674,640.5823940766767,33.41760592332332,33.41760592332332
2015-04-21,282,305.2882575316939,-23.288257531693887,23.288257531693887
2015-04-21,729,760.0765617254874,-31.07656172548741,31.07656172548741
2015-04-21,2053,2096.037479231788,-43.037479231787984,43.037479231787984
2015-04-21,306,300.0823185311179,5.917681468882108,5.917681468882108
2015-04-21,504,530.5185365091625,-26.51853650916246,26.51853650916246
2015-04-22,795,742.9789360237993,52.02106397620071,52.02106397620071
2015-04-22,1970,1913.753734656759,56.24626534324102,56.24626534324102
2015-04-22,375,389.7978065247853,-14.797806524785301,14.797806524785301
2015-04-22,1400,1368.178657541311,31.82134245868906,31.82134245868906
2015-04-22,772,714.8991835088323,57.100816491167734,57.100816491167734
2015-04-22,2169,2252.7653680504513,-83.76536805045134,83.76536805045134
2015-04-22,448,318.5686349567684,129.4313650432316,129.4313650432316
2015-04-22,1613,1648.1160726590135,-35.116072659013525,35.116072659013525
2015-04-22,1469,1489.7562582707938,-20.75625827079375,20.75625827079375
2015-04-22,572,498.51496842866584,73.48503157133416,73.48503157133416
2015-04-22,541,595.1093979370929,-54.10939793709292,54.10939793709292
2015-04-22,389,412.60481967730567,-23.60481967730567,23.60481967730567
2015-04-22,1869,1718.9683193159512,150.03168068404875,150.03168068404875
2015-04-22,1599,1564.0329680296097,34.96703197039028,34.96703197039028
2015-04-22,480,449.57342624454066,30.426573755459344,30.426573755459344
2015-04-22,3342,3165.212797711554,176.78720228844622,176.78720228844622
2015-04-22,229,239.3102743495774,-10.310274349577412,10.310274349577412
2015-04-22,740,1089.6485280237328,-349.64852802373275,349.64852802373275
2015-04-22,579,554.5766093274674,24.423390672532605,24.423390672532605
2015-04-22,2146,2083.1018147443597,62.89818525564033,62.89818525564033
2015-04-22,218,301.96433885383374,-83.96433885383374,83.96433885383374
2015-04-22,350,330.4255218573859,19.57447814261411,19.57447814261411
2015-04-22,786,750.15262136105,35.84737863894998,35.84737863894998
2015-04-22,2029,2369.818165693621,-340.8181656936208,340.8181656936208
2015-04-22,193,208.33312366695955,-15.333123666959551,15.333123666959551
2015-04-22,352,346.28375939965304,5.716240600346964,5.716240600346964
2015-04-22,681,644.7820907940245,36.2179092059755,36.2179092059755
2015-04-22,1136,1074.388346944142,61.611653055857914,61.611653055857914
2015-04-22,278,234.46687316494612,43.53312683505388,43.53312683505388
2015-04-22,862,930.6804727039816,-68.68047270398165,68.68047270398165
2015-04-23,881,782.9590586846979,98.04094131530212,98.04094131530212
2015-04-23,1481,1434.5250455422256,46.4749544577744,46.4749544577744
2015-04-23,816,730.2380311564797,85.76196884352032,85.76196884352032
2015-04-23,1486,1604.825803221096,-118.82580322109607,118.82580322109607
2015-04-23,644,681.687736143352,-37.687736143352026,37.687736143352026
2015-04-23,2080,1969.9822808838633,110.01771911613673,110.01771911613673
2015-04-23,1702,1912.2283675091805,-210.22836750918054,210.22836750918054
2015-04-23,345,329.61286654564424,15.387133454355762,15.387133454355762
2015-04-23,332,313.8996168667061,18.100383133293917,18.100383133293917
2015-04-23,260,256.1013117093836,3.8986882906164055,3.8986882906164055
2015-04-23,612,573.3988231602701,38.601176839729874,38.601176839729874
2015-04-23,2510,2231.006745341251,278.9932546587488,278.9932546587488
2015-04-23,249,227.68994543493483,21.310054565065172,21.310054565065172
2015-04-23,517,415.60679469291205,101.39320530708795,101.39320530708795
2015-04-23,515,456.41227388161934,58.58772611838066,58.58772611838066
2015-04-23,711,758.0538527844118,-47.05385278441179,47.05385278441179
2015-04-23,530,558.5483139476999,-28.548313947699853,28.548313947699853
2015-04-23,1074,1096.0798991117324,-22.079899111732402,22.079899111732402
2015-04-23,249,188.03876205869992,60.961237941300084,60.961237941300084
2015-04-23,1692,1522.292862757176,169.70713724282405,169.70713724282405
2015-04-23,3487,3219.7734238304515,267.2265761695485,267.2265761695485
2015-04-23,229,237.94015993572984,-8.940159935729838,8.940159935729838
2015-04-23,326,336.06031677469406,-10.060316774694058,10.060316774694058
2015-04-23,888,876.3750243533631,11.624975646636926,11.624975646636926
2015-04-23,1565,1437.2206836620821,127.77931633791786,127.77931633791786
2015-04-23,1690,1821.7423000305687,-131.74230003056869,131.74230003056869
2015-04-23,772,750.5781131496218,21.4218868503782,21.4218868503782
2015-04-23,2179,2104.0060881559807,74.9939118440193,74.9939118440193
2015-04-23,337,310.0339640616942,26.966035938305822,26.966035938305822
2015-04-23,499,543.1572961722281,-44.15729617222814,44.15729617222814
2015-04-24,811,933.5304644373103,-122.53046443731034,122.53046443731034
2015-04-24,284,256.5933805572522,27.406619442747797,27.406619442747797
2015-04-24,2145,1984.5130617535385,160.48693824646148,160.48693824646148
2015-04-24,3341,3457.267762064042,-116.26776206404202,116.26776206404202
2015-04-24,895,861.5509657590355,33.449034240964465,33.449034240964465
2015-04-24,1461,1221.7718404923814,239.22815950761856,239.22815950761856
2015-04-24,2364,2176.4011613040407,187.59883869595933,187.59883869595933
2015-04-24,805,732.4190628913198,72.58093710868025,72.58093710868025
2015-04-24,633,571.2406383674194,61.759361632580635,61.759361632580635
2015-04-24,289,261.9909924105158,27.009007589484213,27.009007589484213
2015-04-24,527,436.7686650405364,90.2313349594636,90.2313349594636
2015-04-24,2246,1956.633422366669,289.36657763333096,289.36657763333096
2015-04-24,811,825.9475527656291,-14.947552765629098,14.947552765629098
2015-04-24,2342,2380.46376111715,-38.46376111715017,38.46376111715017
2015-04-24,1679,1680.7415251707002,-1.7415251707002426,1.7415251707002426
2015-04-24,702,723.6872488818868,-21.68724888188683,21.68724888188683
2015-04-24,1552,1519.8770511990722,32.122948800927816,32.122948800927816
2015-04-24,875,930.3153070653847,-55.31530706538467,55.31530706538467
2015-04-24,301,314.6716588824017,-13.671658882401687,13.671658882401687
2015-04-24,2008,1779.8511757478057,228.14882425219434,228.14882425219434
2015-04-24,1574,1560.2872528068838,13.712747193116229,13.712747193116229
2015-04-24,2792,2843.036475165446,-51.03647516544606,51.03647516544606
2015-04-24,379,357.91228291347466,21.087717086525345,21.087717086525345
2015-04-24,368,293.9345986923577,74.06540130764228,74.06540130764228
2015-04-24,625,496.41369210077295,128.58630789922705,128.58630789922705
2015-04-24,730,688.0378518580526,41.96214814194741,41.96214814194741
2015-04-24,398,347.11008528694634,50.889914713053656,50.889914713053656
2015-04-24,486,491.7663224433255,-5.766322443325521,5.766322443325521
2015-04-24,211,204.61792961577248,6.382070384227518,6.382070384227518
2015-04-24,789,786.6778399622818,2.322160037718163,2.322160037718163
2015-04-25,3222,2753.6856348334345,468.3143651665655,468.3143651665655
2015-04-25,2770,2842.2341937428146,-72.23419374281457,72.23419374281457
2015-04-25,609,619.5630716713196,-10.563071671319562,10.563071671319562
2015-04-25,2284,2240.5381727903164,43.461827209683634,43.461827209683634
2015-04-25,4514,3973.6521508016617,540.3478491983383,540.3478491983383
2015-04-25,407,385.9433819402536,21.056618059746427,21.056618059746427
2015-04-25,1123,1130.2834363003146,-7.283436300314634,7.283436300314634
2015-04-25,4005,3449.1106965435324,555.8893034564676,555.8893034564676
2015-04-25,2593,2552.946514463312,40.053485536688186,40.053485536688186
2015-04-25,2128,1891.3818876630246,236.6181123369754,236.6181123369754
2015-04-25,710,632.6129816572476,77.38701834275241,77.38701834275241
2015-04-25,1131,997.3442413229845,133.65575867701546,133.65575867701546
2015-04-25,1174,1083.5248267808272,90.4751732191728,90.4751732191728
2015-04-25,325,320.6403917907731,4.359608209226906,4.359608209226906
2015-04-25,2135,2024.5314410922122,110.46855890778784,110.46855890778784
2015-04-25,477,441.0160492012959,35.983950798704086,35.983950798704086
2015-04-25,632,655.9302433777866,-23.93024337778661,23.93024337778661
2015-04-25,2762,2621.3032429606055,140.69675703939447,140.69675703939447
2015-04-25,290,319.95981805528,-29.95981805527998,29.95981805527998
2015-04-25,1176,1131.6404473807918,44.359552619208216,44.359552619208216
2015-04-25,995,1016.140307279502,-21.140307279502053,21.140307279502053
2015-04-25,538,531.2879578191216,6.71204218087837,6.71204218087837
2015-04-25,1382,1115.1546750685943,266.8453249314057,266.8453249314057
2015-04-25,417,374.22083285711653,42.779167142883466,42.779167142883466
2015-04-25,1647,1628.5000039130578,18.499996086942247,18.499996086942247
2015-04-25,1616,1756.848060321026,-140.84806032102597,140.84806032102597
2015-04-25,438,440.15574000687025,-2.1557400068702464,2.1557400068702464
2015-04-25,870,918.8351078606636,-48.835107860663584,48.835107860663584
2015-04-25,1014,1066.5575274936298,-52.55752749362978,52.55752749362978
2015-04-25,214,228.62825302063536,-14.628253020635356,14.628253020635356
2015-04-26,1120,1149.8108976054757,-29.810897605475702,29.810897605475702
2015-04-26,403,416.734656856079,-13.734656856079027,13.734656856079027
2015-04-26,2915,2833.0762113779715,81.9237886220285,81.9237886220285
2015-04-26,283,201.54101215839762,81.45898784160238,81.45898784160238
2015-04-26,840,695.0787692683964,144.9212307316036,144.9212307316036
2015-04-26,421,385.3211486674585,35.67885133254151,35.67885133254151
2015-04-26,988,1081.4623807340793,-93.46238073407926,93.46238073407926
2015-04-26,550,541.0294967476433,8.970503252356707,8.970503252356707
2015-04-26,2442,2265.262941062948,176.7370589370521,176.7370589370521
2015-04-26,1803,1726.461868305756,76.53813169424393,76.53813169424393
2015-04-26,820,863.9793380739331,-43.97933807393315,43.97933807393315
2015-04-26,422,388.73740197264704,33.262598027352965,33.262598027352965
2015-04-26,404,502.89171608115174,-98.89171608115174,98.89171608115174
2015-04-26,2894,2832.745363459895,61.25463654010491,61.25463654010491
2015-04-26,2694,2595.7529442325567,98.24705576744327,98.24705576744327
2015-04-26,284,253.6759122334334,30.324087766566606,30.324087766566606
2015-04-26,589,572.5183298672097,16.481670132790327,16.481670132790327
2015-04-26,2766,2585.3332943982323,180.66670560176772,180.66670560176772
2015-04-26,1441,1585.268988459301,-144.268988459301,144.268988459301
2015-04-26,1063,1128.863767924783,-65.8637679247829,65.8637679247829
2015-04-26,1274,1237.1753693184487,36.8246306815513,36.8246306815513
2015-04-26,443,341.3945917041908,101.60540829580918,101.60540829580918
2015-04-26,3952,3873.094881481033,78.9051185189669,78.9051185189669
2015-04-26,849,935.880811209458,-86.88081120945799,86.88081120945799
2015-04-26,4873,4719.595695151941,153.40430484805893,153.40430484805893
2015-04-26,2177,2174.2722979035316,2.7277020964684198,2.7277020964684198
2015-04-26,2363,2236.1521200983602,126.84787990163977,126.84787990163977
2015-04-26,374,316.1375785284817,57.8624214715183,57.8624214715183
2015-04-26,1050,1167.4964230178323,-117.49642301783229,117.49642301783229
2015-04-26,909,997.4076779420108,-88.40767794201076,88.40767794201076
2015-04-27,467,448.98958835827915,18.01041164172085,18.01041164172085
2015-04-27,316,319.38528058299164,-3.3852805829916406,3.3852805829916406
2015-04-27,197,198.52394294797872,-1.5239429479787248,1.5239429479787248
2015-04-27,544,530.6763563157006,13.32364368429944,13.32364368429944
2015-04-27,721,767.3596451760345,-46.35964517603452,46.35964517603452
2015-04-27,1953,1865.9375381066297,87.06246189337025,87.06246189337025
2015-04-27,199,218.74478913770258,-19.744789137702583,19.744789137702583
2015-04-27,3816,3333.5314354885722,482.46856451142776,482.46856451142776
2015-04-27,1691,1539.2652324232454,151.73476757675462,151.73476757675462
2015-04-27,989,978.753613593051,10.246386406949,10.246386406949
2015-04-27,2712,2617.647896525571,94.35210347442899,94.35210347442899
2015-04-27,821,801.5089711717095,19.491028828290496,19.491028828290496
2015-04-27,365,362.53152617127876,2.468473828721244,2.468473828721244
2015-04-27,313,329.0712015485894,-16.071201548589386,16.071201548589386
2015-04-27,2279,2151.5733566743525,127.42664332564755,127.42664332564755
2015-04-27,530,604.7872811528197,-74.78728115281967,74.78728115281967
2015-04-27,1752,1607.4324493903152,144.56755060968476,144.56755060968476
2015-04-27,2561,2033.6137530801898,527.3862469198102,527.3862469198102
2015-04-27,459,482.5143492346005,-23.514349234600502,23.514349234600502
2015-04-27,454,305.49075111611,148.50924888389,148.50924888389
2015-04-27,1716,1795.3872048307417,-79.38720483074167,79.38720483074167
2015-04-27,824,972.2558762908807,-148.25587629088068,148.25587629088068
2015-04-27,2327,2143.789015730427,183.21098426957315,183.21098426957315
2015-04-27,288,298.1336214555997,-10.133621455599723,10.133621455599723
2015-04-27,667,675.5536863851712,-8.553686385171204,8.553686385171204
2015-04-27,786,811.4916589381028,-25.491658938102773,25.491658938102773
2015-04-27,569,631.9278159283654,-62.92781592836536,62.92781592836536
2015-04-27,277,251.1029282331408,25.8970717668592,25.8970717668592
2015-04-27,1302,1092.375509858981,209.6244901410189,209.6244901410189
2015-04-27,1549,1658.1151528543976,-109.11515285439759,109.11515285439759
2015-04-28,301,296.3041457669441,4.695854233055911,4.695854233055911
2015-04-28,1747,1869.357084218187,-122.35708421818708,122.35708421818708
2015-04-28,298,312.3976546310745,-14.397654631074488,14.397654631074488
2015-04-28,2025,2024.096641157291,0.9033588427089398,0.9033588427089398
2015-04-28,2102,1982.037989756801,119.96201024319907,119.96201024319907
2015-04-28,2127,2009.43993754351,117.56006245648996,117.56006245648996
2015-04-28,248,271.3451610762306,-23.345161076230625,23.345161076230625
2015-04-28,338,334.2653254604569,3.734674539543107,3.734674539543107
2015-04-28,1061,1104.9872356990732,-43.98723569907315,43.98723569907315
2015-04-28,3398,3455.8439053417956,-57.84390534179556,57.84390534179556
2015-04-28,1540,1495.60184872023,44.39815127976999,44.39815127976999
2015-04-28,723,696.8404642516088,26.15953574839125,26.15953574839125
2015-04-28,291,245.55116463820298,45.44883536179702,45.44883536179702
2015-04-28,621,620.2175040639019,0.7824959360981438,0.7824959360981438
2015-04-28,292,322.87137219400495,-30.871372194004948,30.871372194004948
2015-04-28,196,186.204382339132,9.795617660868004,9.795617660868004
2015-04-28,258,218.25749706388166,39.74250293611834,39.74250293611834
2015-04-28,1604,1576.4606150622517,27.53938493774831,27.53938493774831
2015-04-28,686,758.543488329163,-72.54348832916298,72.54348832916298
2015-04-28,2344,2354.9482282610775,-10.948228261077475,10.948228261077475
2015-04-28,393,448.3820860203998,-55.38208602039981,55.38208602039981
2015-04-28,464,567.7477626666321,-103.74776266663207,103.74776266663207
2015-04-28,394,457.5820500378499,-63.58205003784991,63.58205003784991
2015-04-28,490,545.327093105923,-55.32709310592304,55.32709310592304
2015-04-28,788,786.2028186068312,1.7971813931687848,1.7971813931687848
2015-04-28,1531,1519.997666207943,11.002333792057016,11.002333792057016
2015-04-28,1437,1420.160455017753,16.839544982246935,16.839544982246935
2015-04-28,742,761.0681455735523,-19.06814557355233,19.06814557355233
2015-04-28,829,909.8295442944109,-80.82954429441088,80.82954429441088
2015-04-28,482,536.1919819568618,-54.19198195686181,54.19198195686181
2015-04-29,243,252.03287616454458,-9.032876164544575,9.032876164544575
2015-04-29,235,214.27832292239063,20.72167707760937,20.72167707760937
2015-04-29,1906,1781.7391441833386,124.26085581666143,124.26085581666143
2015-04-29,266,345.9312741784381,-79.93127417843812,79.93127417843812
2015-04-29,1335,1375.8026337571428,-40.80263375714276,40.80263375714276
2015-04-29,353,319.8244393584923,33.17556064150767,33.17556064150767
2015-04-29,2400,2302.461679711203,97.53832028879697,97.53832028879697
2015-04-29,385,392.78548994200776,-7.785489942007757,7.785489942007757
2015-04-29,343,341.34878505969687,1.6512149403031344,1.6512149403031344
2015-04-29,266,265.8574608640122,0.14253913598781764,0.14253913598781764
2015-04-29,2973,3280.289268175047,-307.2892681750468,307.2892681750468
2015-04-29,1326,1562.7036097326836,-236.70360973268362,236.70360973268362
2015-04-29,2004,2075.211026368904,-71.21102636890419,71.21102636890419
2015-04-29,1594,1632.1356286022633,-38.135628602263296,38.135628602263296
2015-04-29,1283,1464.4492715242268,-181.4492715242268,181.4492715242268
2015-04-29,709,890.529296311186,-181.52929631118604,181.52929631118604
2015-04-29,669,749.1815095315786,-80.18150953157863,80.18150953157863
2015-04-29,167,200.64461559393962,-33.64461559393962,33.64461559393962
2015-04-29,1740,1935.4277953664564,-195.4277953664564,195.4277953664564
2015-04-29,1176,1113.65952899767,62.340471002330105,62.340471002330105
2015-04-29,704,818.0127371728415,-114.01273717284153,114.01273717284153
2015-04-29,836,861.610724020747,-25.610724020747057,25.610724020747057
2015-04-29,444,345.2931183608718,98.7068816391282,98.7068816391282
2015-04-29,456,480.19873282886005,-24.198732828860045,24.198732828860045
2015-04-29,464,606.0238656764169,-142.0238656764169,142.0238656764169
2015-04-29,595,635.8426082027164,-40.842608202716406,40.842608202716406
2015-04-29,502,578.7563231504784,-76.75632315047835,76.75632315047835
2015-04-29,593,576.3168376443411,16.68316235565885,16.68316235565885
2015-04-29,714,766.5867575398382,-52.58675753983823,52.58675753983823
2015-04-29,1986,1922.7617839808981,63.238216019101856,63.238216019101856
2015-04-30,496,543.2946234172622,-47.29462341726219,47.29462341726219
2015-04-30,313,283.1685167530484,29.83148324695162,29.83148324695162
2015-04-30,1162,1130.9857451791959,31.014254820804126,31.014254820804126
2015-04-30,648,684.3290865884309,-36.32908658843087,36.32908658843087
2015-04-30,455,425.5249321622156,29.475067837784422,29.475067837784422
2015-04-30,1572,1382.729471924371,189.27052807562904,189.27052807562904
2015-04-30,340,330.22355730687593,9.776442693124068,9.776442693124068
2015-04-30,562,568.2687374142528,-6.268737414252769,6.268737414252769
2015-04-30,1514,1597.4139125483873,-83.41391254838732,83.41391254838732
2015-04-30,1519,1553.5754488806258,-34.5754488806258,34.5754488806258
2015-04-30,548,530.9387935288893,17.061206471110722,17.061206471110722
2015-04-30,719,756.844777907471,-37.844777907470984,37.844777907470984
2015-04-30,3326,3227.698793304392,98.30120669560802,98.30120669560802
2015-04-30,333,310.4263826552542,22.5736173447458,22.5736173447458
2015-04-30,376,330.87584844498883,45.12415155501117,45.12415155501117
2015-04-30,2179,1897.494153194926,281.50584680507404,281.50584680507404
2015-04-30,427,498.45692097862064,-71.45692097862064,71.45692097862064
2015-04-30,759,734.6597344022261,24.34026559777385,24.34026559777385
2015-04-30,242,237.78736286616396,4.21263713383604,4.21263713383604
2015-04-30,2286,2211.31370319292,74.68629680708,74.68629680708
2015-04-30,835,839.488326397356,-4.488326397355991,4.488326397355991
2015-04-30,2320,2279.243761213573,40.75623878642682,40.75623878642682
2015-04-30,1292,1406.9455374331326,-114.94553743313259,114.94553743313259
2015-04-30,570,671.5349111703697,-101.5349111703697,101.5349111703697
2015-04-30,2078,1853.4086553384493,224.5913446615507,224.5913446615507
2015-04-30,230,198.69317301983318,31.306826980166818,31.306826980166818
2015-04-30,352,306.1523756811823,45.84762431881768,45.84762431881768
2015-04-30,2098,1872.272845946523,225.72715405347708,225.72715405347708
2015-04-30,793,807.0886060559404,-14.088606055940431,14.088606055940431
2015-04-30,209,229.13196297462244,-20.13196297462244,20.13196297462244
2015-05-01,2615,2960.916265054072,-345.916265054072,345.916265054072
2015-05-01,1028,978.6713026811886,49.32869731881135,49.32869731881135
2015-05-01,397,395.825949882191,1.1740501178089744,1.1740501178089744
2015-05-01,231,393.72748918104844,-162.72748918104844,162.72748918104844
2015-05-01,2030,2294.344069800979,-264.344069800979,264.344069800979
2015-05-01,492,530.0771227015223,-38.077122701522285,38.077122701522285
2015-05-01,3579,3330.4737738398103,248.5262261601897,248.5262261601897
2015-05-01,672,789.8646592495863,-117.86465924958634,117.86465924958634
2015-05-01,484,468.40297660837984,15.597023391620155,15.597023391620155
2015-05-01,419,401.34838630394637,17.65161369605363,17.65161369605363
2015-05-01,2050,2256.9406454008904,-206.9406454008904,206.9406454008904
2015-05-01,1206,1159.6030575307539,46.39694246924614,46.39694246924614
2015-05-01,2617,2812.962796413963,-195.96279641396313,195.96279641396313
2015-05-01,3214,2880.305382251744,333.69461774825595,333.69461774825595
2015-05-01,824,950.720106948288,-126.72010694828805,126.72010694828805
2015-05-01,298,349.74037198927186,-51.740371989271864,51.740371989271864
2015-05-01,284,340.3425197367201,-56.34251973672008,56.34251973672008
2015-05-01,996,1135.6092366694684,-139.60923666946837,139.60923666946837
2015-05-01,1580,1547.2773284000186,32.72267159998137,32.72267159998137
2015-05-01,4256,4068.3973187097104,187.60268129028964,187.60268129028964
2015-05-01,546,627.1926283096624,-81.19262830966238,81.19262830966238
2015-05-01,967,965.0720288272424,1.927971172757566,1.927971172757566
2015-05-01,2527,2859.1733592642668,-332.17335926426676,332.17335926426676
2015-05-01,1724,1886.7386868874025,-162.73868688740254,162.73868688740254
2015-05-01,1021,1121.3674974756761,-100.36749747567615,100.36749747567615
2015-05-01,1709,1946.8787907294598,-237.87879072945975,237.87879072945975
2015-05-01,494,575.5366987313528,-81.53669873135277,81.53669873135277
2015-05-01,491,479.31146933071483,11.688530669285171,11.688530669285171
2015-05-01,796,978.9529925460208,-182.95299254602082,182.95299254602082
2015-05-01,1429,1250.2836927681064,178.71630723189355,178.71630723189355
2015-05-02,284,347.52041291232604,-63.52041291232604,63.52041291232604
2015-05-02,921,1044.3180116447763,-123.31801164477633,123.31801164477633
2015-05-02,575,596.8400255114218,-21.8400255114218,21.8400255114218
2015-05-02,1126,1121.5316781418512,4.468321858148784,4.468321858148784
2015-05-02,868,1064.091354395248,-196.0913543952479,196.0913543952479
2015-05-02,2963,2911.233208262188,51.76679173781213,51.76679173781213
2015-05-02,3173,2825.723351350816,347.27664864918415,347.27664864918415
2015-05-02,237,285.4109344390353,-48.410934439035316,48.410934439035316
2015-05-02,3198,3230.565882403572,-32.56588240357178,32.56588240357178
2015-05-02,976,1127.505557770565,-151.50555777056502,151.50555777056502
2015-05-02,614,713.2096494654706,-99.20964946547065,99.20964946547065
2015-05-02,1337,1311.7243332774049,25.275666722595133,25.275666722595133
2015-05-02,397,490.90225389184957,-93.90225389184957,93.90225389184957
2015-05-02,446,491.5965229441137,-45.5965229441137,45.5965229441137
2015-05-02,511,434.3479672812855,76.65203271871451,76.65203271871451
2015-05-02,294,421.8567642848505,-127.8567642848505,127.8567642848505
2015-05-02,1988,2111.7658046368592,-123.76580463685923,123.76580463685923
2015-05-02,1158,1277.0107203493021,-119.01072034930212,119.01072034930212
2015-05-02,1956,1973.4483419257513,-17.448341925751265,17.448341925751265
2015-05-02,3767,3415.2844205818537,351.71557941814626,351.71557941814626
2015-05-02,2676,2368.8020245967637,307.19797540323634,307.19797540323634
2015-05-02,1231,1183.179324060456,47.82067593954389,47.82067593954389
2015-05-02,1145,1271.5896436989217,-126.58964369892169,126.58964369892169
2015-05-02,4871,4935.914011883202,-64.91401188320197,64.91401188320197
2015-05-02,2971,3017.011440983806,-46.0114409838061,46.0114409838061
2015-05-02,297,325.61502283711144,-28.61502283711144,28.61502283711144
2015-05-02,727,689.8134618046624,37.18653819533756,37.18653819533756
2015-05-02,505,728.8623947827908,-223.86239478279083,223.86239478279083
2015-05-02,4042,4113.432752420887,-71.43275242088657,71.43275242088657
2015-05-02,1798,1787.664528959518,10.335471040481934,10.335471040481934
2015-05-03,249,250.59565611290543,-1.5956561129054307,1.5956561129054307
2015-05-03,5065,5109.65770558022,-44.657705580219954,44.657705580219954
2015-05-03,3497,2824.904813373333,672.0951866266669,672.0951866266669
2015-05-03,475,473.4710582812472,1.528941718752776,1.528941718752776
2015-05-03,311,346.47186120723916,-35.47186120723916,35.47186120723916
2015-05-03,397,429.29366833071634,-32.29366833071634,32.29366833071634
2015-05-03,1206,1143.393349834189,62.60665016581106,62.60665016581106
2015-05-03,1485,1206.069424930207,278.9305750697929,278.9305750697929
2015-05-03,424,433.58468963128087,-9.584689631280867,9.584689631280867
2015-05-03,1256,1101.6541220811457,154.34587791885428,154.34587791885428
2015-05-03,3158,2851.202564580023,306.79743541997686,306.79743541997686
2015-05-03,1722,1669.8639482372785,52.136051762721536,52.136051762721536
2015-05-03,336,295.3463798497263,40.653620150273696,40.653620150273696
2015-05-03,843,848.1330924010546,-5.133092401054569,5.133092401054569
2015-05-03,2724,2711.405879558569,12.594120441431187,12.594120441431187
2015-05-03,613,627.2784991569114,-14.27849915691138,14.27849915691138
2015-05-03,3145,3141.1285061169065,3.8714938830935353,3.8714938830935353
2015-05-03,570,420.8936105342823,149.1063894657177,149.1063894657177
2015-05-03,1044,1072.691702074699,-28.691702074698924,28.691702074698924
2015-05-03,943,858.4715461195149,84.52845388048513,84.52845388048513
2015-05-03,4426,3960.1115675857754,465.88843241422455,465.88843241422455
2015-05-03,1198,1156.726912559683,41.27308744031711,41.27308744031711
2015-05-03,558,546.0887516490384,11.911248350961614,11.911248350961614
2015-05-03,571,762.7196015232854,-191.7196015232854,191.7196015232854
2015-05-03,369,368.2123007381961,0.7876992618038798,0.7876992618038798
2015-05-03,1811,2040.305959629497,-229.305959629497,229.305959629497
2015-05-03,3094,2769.6129934600917,324.38700653990827,324.38700653990827
2015-05-03,2121,2379.8328467947895,-258.8328467947895,258.8328467947895
2015-05-03,1123,1134.1309544100045,-11.130954410004506,11.130954410004506
2015-05-03,4368,3449.4190004198736,918.5809995801264,918.5809995801264
2015-05-04,366,338.054670847512,27.945329152488,27.945329152488
2015-05-04,275,256.57526922603824,18.424730773961755,18.424730773961755
2015-05-04,443,375.53821779987567,67.46178220012433,67.46178220012433
2015-05-04,369,339.09894131729396,29.901058682706037,29.901058682706037
2015-05-04,1762,1875.169879810465,-113.16987981046509,113.16987981046509
2015-05-04,501,461.8896982032805,39.11030179671951,39.11030179671951
2015-05-04,3184,2803.4955477910817,380.50445220891834,380.50445220891834
2015-05-04,628,602.039260393224,25.960739606775974,25.960739606775974
2015-05-04,601,487.4566306998889,113.54336930011112,113.54336930011112
2015-05-04,1124,819.638119908911,304.361880091089,304.361880091089
2015-05-04,705,659.088455092539,45.91154490746101,45.91154490746101
2015-05-04,888,865.3037033764415,22.69629662355851,22.69629662355851
2015-05-04,2268,2370.245196882833,-102.24519688283317,102.24519688283317
2015-05-04,2284,1925.0769079687489,358.92309203125114,358.92309203125114
2015-05-04,2465,2414.697278837693,50.30272116230708,50.30272116230708
2015-05-04,774,775.6781568723052,-1.6781568723051805,1.6781568723051805
2015-05-04,311,200.75787044964886,110.24212955035114,110.24212955035114
2015-05-04,1009,1025.9642917907552,-16.96429179075517,16.96429179075517
2015-05-04,681,576.0884651327054,104.91153486729456,104.91153486729456
2015-05-04,4747,4197.189393722429,549.8106062775714,549.8106062775714
2015-05-04,259,294.5743217075704,-35.57432170757039,35.57432170757039
2015-05-04,1854,1564.167866954687,289.83213304531296,289.83213304531296
2015-05-04,1061,1286.7850773843554,-225.78507738435542,225.78507738435542
2015-05-04,234,239.67452233574727,-5.67452233574727,5.67452233574727
2015-05-04,856,895.0348354287293,-39.03483542872925,39.03483542872925
2015-05-04,1917,1766.875957561937,150.12404243806304,150.12404243806304
2015-05-04,388,379.81383989829396,8.186160101706037,8.186160101706037
2015-05-04,2842,2903.1894630793504,-61.18946307935039,61.18946307935039
2015-05-04,1069,976.724655258497,92.27534474150298,92.27534474150298
2015-05-04,2304,2415.6091656762196,-111.60916567621962,111.60916567621962
2015-05-05,2318,2459.3717832127077,-141.37178321270767,141.37178321270767
2015-05-05,450,442.70906556823553,7.2909344317644695,7.2909344317644695
2015-05-05,562,543.9797578898931,18.020242110106892,18.020242110106892
2015-05-05,471,585.5822722168477,-114.58227221684774,114.58227221684774
2015-05-05,219,260.8613380319507,-41.86133803195071,41.86133803195071
2015-05-05,3431,3220.4182642129076,210.58173578709238,210.58173578709238
2015-05-05,750,782.7781055764952,-32.77810557649525,32.77810557649525
2015-05-05,471,364.234883958067,106.76511604193303,106.76511604193303
2015-05-05,875,833.2748458773667,41.725154122633285,41.725154122633285
2015-05-05,920,919.4505578396364,0.5494421603635828,0.5494421603635828
2015-05-05,2282,2332.327001037154,-50.32700103715388,50.32700103715388
2015-05-05,1150,1074.2984391889,75.70156081110008,75.70156081110008
2015-05-05,261,265.3611676581481,-4.3611676581480765,4.3611676581480765
2015-05-05,2112,1999.9825452057369,112.01745479426313,112.01745479426313
2015-05-05,177,216.05541206333413,-39.05541206333413,39.05541206333413
2015-05-05,323,316.9908647293045,6.009135270695481,6.009135270695481
2015-05-05,782,823.7725550572422,-41.77255505724224,41.77255505724224
2015-05-05,3870,4100.227767267101,-230.22776726710072,230.22776726710072
2015-05-05,1494,1719.3693064496254,-225.36930644962536,225.36930644962536
2015-05-05,2385,2240.7215170008462,144.27848299915377,144.27848299915377
2015-05-05,666,664.5390394367093,1.460960563290655,1.460960563290655
2015-05-05,281,325.49575591916886,-44.49575591916886,44.49575591916886
2015-05-05,1608,1515.0407692081442,92.95923079185582,92.95923079185582
2015-05-05,495,490.91825178347165,4.081748216528354,4.081748216528354
2015-05-05,253,231.20457896020315,21.79542103979685,21.79542103979685
2015-05-05,728,786.8953874167869,-58.89538741678689,58.89538741678689
2015-05-05,1900,1826.679853362918,73.32014663708196,73.32014663708196
2015-05-05,366,355.36654104726455,10.633458952735452,10.633458952735452
2015-05-05,2891,2670.2885568218944,220.71144317810558,220.71144317810558
2015-05-05,598,603.4376995334538,-5.437699533453838,5.437699533453838
2015-05-06,3708,3334.558848245981,373.44115175401885,373.44115175401885
2015-05-06,2503,2409.455025730872,93.54497426912803,93.54497426912803
2015-05-06,349,258.4740907725448,90.5259092274552,90.5259092274552
2015-05-06,757,713.9428575386663,43.05714246133368,43.05714246133368
2015-05-06,1099,1173.2962903800992,-74.29629038009921,74.29629038009921
2015-05-06,2287,2275.317477052427,11.682522947573034,11.682522947573034
2015-05-06,327,372.1600161486786,-45.16001614867861,45.16001614867861
2015-05-06,195,210.79152264595606,-15.791522645956064,15.791522645956064
2015-05-06,619,539.4039891086505,79.59601089134947,79.59601089134947
2015-05-06,409,343.794743500362,65.20525649963798,65.20525649963798
2015-05-06,1620,1503.3574143870323,116.64258561296765,116.64258561296765
2015-05-06,1650,1465.5379896564207,184.46201034357932,184.46201034357932
2015-05-06,460,416.5238073532933,43.47619264670669,43.47619264670669
2015-05-06,2094,2104.150322606589,-10.150322606588816,10.150322606588816
2015-05-06,1951,1825.7401375572308,125.25986244276919,125.25986244276919
2015-05-06,669,725.9264575615755,-56.92645756157549,56.92645756157549
2015-05-06,721,821.2193996498942,-100.21939964989417,100.21939964989417
2015-05-06,2613,2764.3269271567365,-151.32692715673647,151.32692715673647
2015-05-06,551,468.73106182260443,82.26893817739557,82.26893817739557
2015-05-06,909,895.4682167484872,13.53178325151282,13.53178325151282
2015-05-06,3545,3896.4229904445015,-351.42299044450147,351.42299044450147
2015-05-06,254,240.14287405806851,13.857125941931486,13.857125941931486
2015-05-06,248,232.11820960035368,15.88179039964632,15.88179039964632
2015-05-06,596,543.5001672116617,52.49983278833827,52.49983278833827
2015-05-06,335,329.80948785446077,5.1905121455392305,5.1905121455392305
2015-05-06,686,644.6208795948492,41.37912040515084,41.37912040515084
2015-05-06,861,760.3016150246742,100.69838497532578,100.69838497532578
2015-05-06,622,563.3887640941653,58.61123590583475,58.61123590583475
2015-05-06,339,396.27325042317045,-57.27325042317045,57.27325042317045
2015-05-06,2319,2355.8124359069416,-36.81243590694157,36.81243590694157
2015-05-07,506,470.1115230985542,35.88847690144581,35.88847690144581
2015-05-07,2491,2361.6300067336742,129.36999326632576,129.36999326632576
2015-05-07,759,769.7368918748149,-10.736891874814887,10.736891874814887
2015-05-07,252,211.93755185200888,40.06244814799112,40.06244814799112
2015-05-07,451,363.8629793687425,87.13702063125749,87.13702063125749
2015-05-07,271,291.9487567272395,-20.948756727239527,20.948756727239527
2015-05-07,1429,1518.1527729315414,-89.15277293154145,89.15277293154145
2015-05-07,260,248.3658199411254,11.634180058874591,11.634180058874591
2015-05-07,765,806.6862490172967,-41.686249017296745,41.686249017296745
2015-05-07,638,645.2521369840764,-7.252136984076401,7.252136984076401
2015-05-07,351,337.4690948209516,13.530905179048375,13.530905179048375
2015-05-07,554,560.7702099912776,-6.770209991277625,6.770209991277625
2015-05-07,1092,1139.982165517488,-47.982165517488056,47.982165517488056
2015-05-07,1861,2060.86491573236,-199.8649157323598,199.8649157323598
2015-05-07,802,751.2136414079208,50.78635859207918,50.78635859207918
2015-05-07,2874,2684.9841854060965,189.01581459390354,189.01581459390354
2015-05-07,919,882.6780477739826,36.3219522260174,36.3219522260174
2015-05-07,1920,2212.0527119059166,-292.05271190591657,292.05271190591657
2015-05-07,419,466.742662786362,-47.74266278636202,47.74266278636202
2015-05-07,1880,1937.0613629991674,-57.061362999167386,57.061362999167386
2015-05-07,517,524.3696548870131,-7.369654887013098,7.369654887013098
2015-05-07,381,325.42378998171495,55.57621001828505,55.57621001828505
2015-05-07,1371,1506.5952882400834,-135.5952882400834,135.5952882400834
2015-05-07,2541,3118.298506691959,-577.2985066919591,577.2985066919591
2015-05-07,812,728.9712567713161,83.02874322868388,83.02874322868388
2015-05-07,2709,2460.5792452947044,248.42075470529562,248.42075470529562
2015-05-07,289,346.5222629224658,-57.52226292246581,57.52226292246581
2015-05-07,553,588.455291081038,-35.45529108103801,35.45529108103801
2015-05-07,3482,3776.8527237308144,-294.85272373081443,294.85272373081443
2015-05-07,172,218.73517378575616,-46.73517378575616,46.73517378575616
2015-05-08,887,1015.1730185974732,-128.17301859747317,128.17301859747317
2015-05-08,211,235.99668397919365,-24.996683979193648,24.996683979193648
2015-05-08,2509,2337.7164495806073,171.28355041939267,171.28355041939267
2015-05-08,358,247.62056115112358,110.37943884887642,110.37943884887642
2015-05-08,429,408.8016506321371,20.198349367862875,20.198349367862875
2015-05-08,1508,1571.2497078974027,-63.249707897402686,63.249707897402686
2015-05-08,415,469.0685948206136,-54.06859482061361,54.06859482061361
2015-05-08,1773,1938.677869091035,-165.67786909103506,165.67786909103506
2015-05-08,3446,3345.4686678815847,100.53133211841532,100.53133211841532
2015-05-08,2579,2302.4358786990338,276.56412130096624,276.56412130096624
2015-05-08,368,361.9501116495178,6.049888350482206,6.049888350482206
2015-05-08,914,1013.0596916408208,-99.0596916408208,99.0596916408208
2015-05-08,1532,1614.7584149196448,-82.75841491964479,82.75841491964479
2015-05-08,329,271.72170410934314,57.278295890656864,57.278295890656864
2015-05-08,420,427.55001665878376,-7.550016658783761,7.550016658783761
2015-05-08,2112,2581.512955432657,-469.5129554326568,469.5129554326568
2015-05-08,983,873.3391668383103,109.66083316168965,109.66083316168965
2015-05-08,507,472.03427140484604,34.96572859515396,34.96572859515396
2015-05-08,742,777.6177282442883,-35.61772824428829,35.61772824428829
2015-05-08,2224,2555.104777363776,-331.10477736377607,331.10477736377607
2015-05-08,3786,4016.4515068639253,-230.45150686392526,230.45150686392526
2015-05-08,795,903.0461039843591,-108.04610398435909,108.04610398435909
2015-05-08,1216,1424.1386037553339,-208.13860375533386,208.13860375533386
2015-05-08,912,925.5927435956816,-13.592743595681554,13.592743595681554
2015-05-08,724,799.8993562087481,-75.89935620874815,75.89935620874815
2015-05-08,543,546.3333885825815,-3.333388582581506,3.333388582581506
2015-05-08,377,336.93326906587174,40.06673093412826,40.06673093412826
2015-05-08,3242,3225.712477893228,16.28752210677203,16.28752210677203
2015-05-08,805,771.0895701943816,33.91042980561838,33.91042980561838
2015-05-08,778,609.2908587678951,168.7091412321049,168.7091412321049
2015-05-09,1714,1789.6263586619875,-75.62635866198752,75.62635866198752
2015-05-09,2479,2365.409199711101,113.59080028889912,113.59080028889912
2015-05-09,2028,2055.688955311633,-27.68895531163298,27.68895531163298
2015-05-09,517,553.4932284736915,-36.49322847369149,36.49322847369149
2015-05-09,999,1180.2878218740948,-181.2878218740948,181.2878218740948
2015-05-09,405,438.4325026856256,-33.43250268562559,33.43250268562559
2015-05-09,432,387.3478656824619,44.65213431753813,44.65213431753813
2015-05-09,1101,1087.2143356032298,13.785664396770244,13.785664396770244
2015-05-09,588,627.3488667597832,-39.348866759783164,39.348866759783164
2015-05-09,434,451.7111931458593,-17.711193145859284,17.711193145859284
2015-05-09,3023,3048.2894739883386,-25.289473988338614,25.289473988338614
2015-05-09,3415,3128.0234352541565,286.97656474584346,286.97656474584346
2015-05-09,3044,2829.3886503314384,214.61134966856162,214.61134966856162
2015-05-09,260,230.4764832589086,29.523516741091413,29.523516741091413
2015-05-09,4069,4066.119709320202,2.880290679797781,2.880290679797781
2015-05-09,1140,1161.0716378819805,-21.07163788198045,21.07163788198045
2015-05-09,875,869.6733467800564,5.326653219943637,5.326653219943637
2015-05-09,386,330.36592785599,55.63407214401002,55.63407214401002
2015-05-09,1103,1052.5909016476262,50.4090983523738,50.4090983523738
2015-05-09,521,471.06816445472833,49.93183554527167,49.93183554527167
2015-05-09,1577,1675.9590762783748,-98.95907627837482,98.95907627837482
2015-05-09,1106,1178.7774715582605,-72.77747155826046,72.77747155826046
2015-05-09,4869,4772.620386708024,96.37961329197606,96.37961329197606
2015-05-09,582,623.6326952792805,-41.63269527928048,41.63269527928048
2015-05-09,4146,3878.5129764633575,267.4870235366425,267.4870235366425
2015-05-09,1186,979.9221900757922,206.07780992420783,206.07780992420783
2015-05-09,3161,2694.497691333786,466.50230866621405,466.50230866621405
2015-05-09,1209,1174.4945667089032,34.50543329109678,34.50543329109678
2015-05-09,612,703.8297485428624,-91.82974854286238,91.82974854286238
2015-05-09,288,288.4359645416799,-0.43596454167987986,0.43596454167987986
2015-05-10,986,1190.3976714067092,-204.39767140670915,204.39767140670915
2015-05-10,410,447.53569756323606,-37.535697563236056,37.535697563236056
2015-05-10,4210,5118.352515247935,-908.3525152479351,908.3525152479351
2015-05-10,345,330.56870092169623,14.431299078303766,14.431299078303766
2015-05-10,894,1103.7984230758739,-209.79842307587387,209.79842307587387
2015-05-10,451,545.0722612141077,-94.0722612141077,94.0722612141077
2015-05-10,2340,2869.586756518307,-529.5867565183071,529.5867565183071
2015-05-10,1699,1794.3229913448915,-95.32299134489153,95.32299134489153
2015-05-10,313,391.57487367064385,-78.57487367064385,78.57487367064385
2015-05-10,2317,2462.2676987688105,-145.26769876881053,145.26769876881053
2015-05-10,643,868.1361272580777,-225.13612725807775,225.13612725807775
2015-05-10,782,1007.2392960074422,-225.23929600744225,225.23929600744225
2015-05-10,2776,2848.700404050865,-72.70040405086502,72.70040405086502
2015-05-10,365,478.4079532416929,-113.4079532416929,113.4079532416929
2015-05-10,261,266.11396107210504,-5.113961072105042,5.113961072105042
2015-05-10,2357,3068.283395640772,-711.2833956407721,711.2833956407721
2015-05-10,532,568.6713542757117,-36.67135427571168,36.67135427571168
2015-05-10,164,226.3787443507315,-62.378744350731495,62.378744350731495
2015-05-10,417,379.6552029285555,37.344797071444475,37.344797071444475
2015-05-10,668,925.4499274975888,-257.44992749758876,257.44992749758876
2015-05-10,721,639.9589744248491,81.04102557515091,81.04102557515091
2015-05-10,951,1085.6843959833052,-134.6843959833052,134.6843959833052
2015-05-10,2473,3009.767907165141,-536.767907165141,536.767907165141
2015-05-10,3482,3983.389352413033,-501.38935241303307,501.38935241303307
2015-05-10,234,375.09210359950487,-141.09210359950487,141.09210359950487
2015-05-10,794,1097.8939738297074,-303.8939738297074,303.8939738297074
2015-05-10,1705,2116.1313725742257,-411.1313725742257,411.1313725742257
2015-05-10,1225,1563.0922673868813,-338.0922673868813,338.0922673868813
2015-05-10,2515,3745.761430570075,-1230.761430570075,1230.761430570075
2015-05-10,1000,1321.2384585258687,-321.23845852586874,321.23845852586874
2015-05-11,287,339.2639345576268,-52.26393455762678,52.26393455762678
2015-05-11,1559,1660.8412807349978,-101.84128073499778,101.84128073499778
2015-05-11,651,593.7615204862733,57.2384795137267,57.2384795137267
2015-05-11,222,274.90451717616855,-52.904517176168554,52.904517176168554
2015-05-11,1238,1074.8983088375132,163.10169116248676,163.10169116248676
2015-05-11,213,230.68432321032907,-17.68432321032907,17.68432321032907
2015-05-11,715,664.5863292171573,50.4136707828427,50.4136707828427
2015-05-11,3905,3975.1155451098084,-70.11554510980841,70.11554510980841
2015-05-11,631,482.65470685762466,148.34529314237534,148.34529314237534
2015-05-11,2390,2281.5600204099815,108.43997959001854,108.43997959001854
2015-05-11,1066,1021.2204637180101,44.77953628198986,44.77953628198986
2015-05-11,313,379.9090340133786,-66.90903401337857,66.90903401337857
2015-05-11,848,915.0928196958156,-67.09281969581559,67.09281969581559
2015-05-11,387,360.30745818408144,26.69254181591856,26.69254181591856
2015-05-11,480,358.2134011001685,121.78659889983152,121.78659889983152
2015-05-11,442,452.30284542927006,-10.302845429270064,10.302845429270064
2015-05-11,2405,2519.86381535279,-114.86381535278997,114.86381535278997
2015-05-11,654,600.6158380628661,53.384161937133854,53.384161937133854
2015-05-11,242,218.2705269892049,23.72947301079509,23.72947301079509
2015-05-11,306,262.597393282612,43.40260671738798,43.40260671738798
2015-05-11,3123,3028.4008050663256,94.59919493367443,94.59919493367443
2015-05-11,2694,2568.7721115502536,125.22788844974639,125.22788844974639
2015-05-11,1821,1652.4116983412227,168.58830165877725,168.58830165877725
2015-05-11,1015,793.3022851425513,221.69771485744866,221.69771485744866
2015-05-11,882,834.9954521062342,47.00454789376579,47.00454789376579
2015-05-11,2130,2045.3100904390462,84.68990956095377,84.68990956095377
2015-05-11,3021,3190.226683412528,-169.22668341252802,169.22668341252802
2015-05-11,2193,2229.4832910532687,-36.48329105326866,36.48329105326866
2015-05-11,733,859.6784509848541,-126.67845098485407,126.67845098485407
2015-05-11,626,587.0190616083776,38.98093839162243,38.98093839162243
2015-05-12,486,421.7934242917431,64.20657570825688,64.20657570825688
2015-05-12,829,775.5471907190201,53.452809280979864,53.452809280979864
2015-05-12,1432,1466.0697748316773,-34.06977483167725,34.06977483167725
2015-05-12,582,574.2184524071189,7.781547592881111,7.781547592881111
2015-05-12,2534,2428.700144281782,105.29985571821817,105.29985571821817
2015-05-12,350,337.8862410463696,12.113758953630395,12.113758953630395
2015-05-12,3994,3330.0054880318467,663.9945119681533,663.9945119681533
2015-05-12,1055,940.2363444609169,114.76365553908306,114.76365553908306
2015-05-12,715,764.2200519904511,-49.22005199045111,49.22005199045111
2015-05-12,295,349.5604278107427,-54.56042781074268,54.56042781074268
2015-05-12,843,778.3263757617445,64.67362423825546,64.67362423825546
2015-05-12,216,205.68330401596194,10.316695984038063,10.316695984038063
2015-05-12,615,524.9705494936222,90.02945050637777,90.02945050637777
2015-05-12,788,759.6782465574898,28.321753442510158,28.321753442510158
2015-05-12,1005,1117.1233490575569,-112.12334905755688,112.12334905755688
2015-05-12,1759,1979.6029922879989,-220.60299228799886,220.60299228799886
2015-05-12,2462,2470.653203226069,-8.653203226068854,8.653203226068854
2015-05-12,385,357.81502412969496,27.18497587030504,27.18497587030504
2015-05-12,548,501.1731696636812,46.82683033631878,46.82683033631878
2015-05-12,3740,3604.3984084589747,135.6015915410253,135.6015915410253
2015-05-12,534,567.8732680358838,-33.873268035883825,33.873268035883825
2015-05-12,2341,2273.472154436251,67.527845563749,67.527845563749
2015-05-12,2419,2745.270880287422,-326.2708802874222,326.2708802874222
2015-05-12,608,644.4334901086885,-36.43349010868849,36.43349010868849
2015-05-12,1967,2123.701873738924,-156.70187373892395,156.70187373892395
2015-05-12,1548,1627.9663818626404,-79.96638186264045,79.96638186264045
2015-05-12,191,241.724301791207,-50.72430179120701,50.72430179120701
2015-05-12,328,312.4046193134834,15.595380686516592,15.595380686516592
2015-05-12,234,246.4871613061092,-12.487161306109186,12.487161306109186
2015-05-12,230,275.7764621513877,-45.776462151387705,45.776462151387705
2015-05-13,402,391.48140587516343,10.518594124836568,10.518594124836568
2015-05-13,2469,2472.654948872651,-3.654948872650948,3.654948872650948
2015-05-13,794,767.7973782454461,26.20262175455389,26.20262175455389
2015-05-13,3583,3484.0064325669973,98.99356743300268,98.99356743300268
2015-05-13,182,208.30128985635972,-26.301289856359716,26.301289856359716
2015-05-13,292,250.65472971606496,41.34527028393504,41.34527028393504
2015-05-13,1613,1486.424497403239,126.575502596761,126.575502596761
2015-05-13,607,588.5429132357807,18.457086764219298,18.457086764219298
2015-05-13,1386,1450.5526375026604,-64.55263750266045,64.55263750266045
2015-05-13,688,634.1461232901818,53.85387670981822,53.85387670981822
2015-05-13,995,959.8000351276415,35.199964872358464,35.199964872358464
2015-05-13,1110,1105.1383223514936,4.861677648506429,4.861677648506429
2015-05-13,555,559.0088713340962,-4.00887133409617,4.00887133409617
2015-05-13,273,277.4908788526289,-4.490878852628896,4.490878852628896
2015-05-13,828,794.0675973530001,33.93240264699989,33.93240264699989
2015-05-13,536,498.03043667261403,37.96956332738597,37.96956332738597
2015-05-13,2594,2654.0160042255934,-60.016004225593406,60.016004225593406
2015-05-13,532,556.6855183206824,-24.685518320682377,24.685518320682377
2015-05-13,264,232.02417345676392,31.97582654323608,31.97582654323608
2015-05-13,2311,2314.053823253474,-3.053823253474093,3.053823253474093
2015-05-13,346,371.0788168484742,-25.07881684847422,25.07881684847422
2015-05-13,807,707.7320714131347,99.26792858686531,99.26792858686531
2015-05-13,1967,2125.46003242942,-158.46003242942015,158.46003242942015
2015-05-13,850,771.0325635872388,78.96743641276123,78.96743641276123
2015-05-13,293,352.3224656008944,-59.32246560089442,59.32246560089442
2015-05-13,354,333.10574049805933,20.894259501940667,20.894259501940667
2015-05-13,2095,1835.4310146147652,259.5689853852348,259.5689853852348
2015-05-13,1993,2318.3978569282262,-325.39785692822625,325.39785692822625
2015-05-13,2524,3239.516703279676,-715.5167032796762,715.5167032796762
2015-05-13,442,423.6656531852569,18.334346814743128,18.334346814743128
2015-05-14,156,215.3065646164317,-59.3065646164317,59.3065646164317
2015-05-14,228,291.3939609606204,-63.393960960620404,63.393960960620404
2015-05-14,804,775.6110575473494,28.388942452650554,28.388942452650554
2015-05-14,2979,3574.882209836979,-595.8822098369792,595.8822098369792
2015-05-14,938,915.8153657891113,22.184634210888703,22.184634210888703
2015-05-14,385,478.67068389830155,-93.67068389830155,93.67068389830155
2015-05-14,509,632.5824941590021,-123.58249415900207,123.58249415900207
2015-05-14,682,581.8430174375386,100.1569825624614,100.1569825624614
2015-05-14,350,337.2208008636995,12.77919913630052,12.77919913630052
2015-05-14,2181,2277.714672527429,-96.71467252742877,96.71467252742877
2015-05-14,2131,2097.7766875067177,33.223312493282265,33.223312493282265
2015-05-14,2395,2739.2902648011577,-344.2902648011577,344.2902648011577
2015-05-14,707,767.8232356810076,-60.823235681007645,60.823235681007645
2015-05-14,204,235.12173230393313,-31.12173230393313,31.12173230393313
2015-05-14,1515,1496.4954727204984,18.504527279501644,18.504527279501644
2015-05-14,2382,2465.4989992837563,-83.49899928375635,83.49899928375635
2015-05-14,3179,3239.3950756085087,-60.395075608508705,60.395075608508705
2015-05-14,418,338.36489012816463,79.63510987183537,79.63510987183537
2015-05-14,805,728.0893574590672,76.91064254093283,76.91064254093283
2015-05-14,262,260.14510164504304,1.8548983549569584,1.8548983549569584
2015-05-14,306,318.0168118200158,-12.01681182001579,12.01681182001579
2015-05-14,1562,1921.9785410225095,-359.9785410225095,359.9785410225095
2015-05-14,434,429.23125507413795,4.768744925862052,4.768744925862052
2015-05-14,323,364.5598631651695,-41.559863165169475,41.559863165169475
2015-05-14,1951,2189.4606439037243,-238.4606439037243,238.4606439037243
2015-05-14,776,738.0605093370655,37.93949066293453,37.93949066293453
2015-05-14,624,556.0766184860282,67.92338151397178,67.92338151397178
2015-05-14,1353,1432.6630223252555,-79.6630223252555,79.6630223252555
2015-05-14,977,1127.045495272846,-150.04549527284598,150.04549527284598
2015-05-14,538,509.6043730798054,28.395626920194616,28.395626920194616
2015-05-15,875,925.833199204161,-50.83319920416102,50.83319920416102
2015-05-15,3397,3648.3334705410102,-251.33347054101023,251.33347054101023
2015-05-15,3315,3558.1759811566358,-243.17598115663577,243.17598115663577
2015-05-15,2353,2485.6428126232095,-132.64281262320947,132.64281262320947
2015-05-15,374,331.18485602861296,42.815143971387045,42.815143971387045
2015-05-15,897,911.3213160932785,-14.321316093278483,14.321316093278483
2015-05-15,344,354.5499565254391,-10.549956525439086,10.549956525439086
2015-05-15,382,416.79065260935096,-34.79065260935096,34.79065260935096
2015-05-15,2340,2670.363614201788,-330.3636142017881,330.3636142017881
2015-05-15,350,407.6176957959374,-57.61769579593738,57.61769579593738
2015-05-15,1049,1000.2334619839714,48.76653801602856,48.76653801602856
2015-05-15,1461,1219.4297440842417,241.57025591575825,241.57025591575825
2015-05-15,1776,1585.9232863370412,190.0767136629588,190.0767136629588
2015-05-15,342,293.22368514144097,48.77631485855903,48.77631485855903
2015-05-15,588,493.9034554966407,94.09654450335933,94.09654450335933
2015-05-15,479,487.56217222863336,-8.562172228633358,8.562172228633358
2015-05-15,389,403.515025998238,-14.515025998238002,14.515025998238002
2015-05-15,908,729.0150342798726,178.98496572012743,178.98496572012743
2015-05-15,267,257.0212518372863,9.978748162713714,9.978748162713714
2015-05-15,2617,2464.4937123685095,152.50628763149052,152.50628763149052
2015-05-15,528,642.2648618605019,-114.26486186050192,114.26486186050192
2015-05-15,2409,2438.271473548419,-29.27147354841918,29.27147354841918
2015-05-15,747,766.6446392594023,-19.64463925940231,19.64463925940231
2015-05-15,2890,3050.181797519565,-160.18179751956495,160.18179751956495
2015-05-15,1988,1867.8200915219775,120.17990847802253,120.17990847802253
2015-05-15,1047,972.0395960819048,74.96040391809515,74.96040391809515
2015-05-15,1613,1534.7598220467287,78.24017795327131,78.24017795327131
2015-05-15,268,226.42475864916705,41.575241350832954,41.575241350832954
2015-05-15,762,777.3760863688997,-15.376086368899678,15.376086368899678
2015-05-15,1009,812.7481311458689,196.2518688541311,196.2518688541311
2015-05-16,569,550.0664703888967,18.933529611103268,18.933529611103268
2015-05-16,2156,1896.2872310199152,259.7127689800848,259.7127689800848
2015-05-16,2841,2988.151412009483,-147.151412009483,147.151412009483
2015-05-16,2442,2412.86291122002,29.137088779979877,29.137088779979877
2015-05-16,1288,1143.4196155487691,144.58038445123088,144.58038445123088
2015-05-16,2860,2815.55944922597,44.440550774029816,44.440550774029816
2015-05-16,234,237.39712003221572,-3.3971200322157244,3.3971200322157244
2015-05-16,1362,1227.4774927519215,134.52250724807845,134.52250724807845
2015-05-16,516,429.42043022953044,86.57956977046956,86.57956977046956
2015-05-16,673,659.8916914261935,13.10830857380654,13.10830857380654
2015-05-16,758,640.5308437681334,117.46915623186658,117.46915623186658
2015-05-16,408,428.64418242327946,-20.64418242327946,20.64418242327946
2015-05-16,1660,1623.908824877272,36.09117512272792,36.09117512272792
2015-05-16,1131,1114.8347993660714,16.165200633928634,16.165200633928634
2015-05-16,244,295.61914945252363,-51.61914945252363,51.61914945252363
2015-05-16,392,379.0405018482234,12.959498151776586,12.959498151776586
2015-05-16,501,548.2130493513613,-47.21304935136129,47.21304935136129
2015-05-16,923,1032.8690214990083,-109.86902149900834,109.86902149900834
2015-05-16,1694,1767.1314490829677,-73.13144908296772,73.13144908296772
2015-05-16,2836,2958.660354310613,-122.660354310613,122.660354310613
2015-05-16,966,894.0076141197118,71.99238588028823,71.99238588028823
2015-05-16,511,478.1867817582592,32.8132182417408,32.8132182417408
2015-05-16,4034,4363.843916549446,-329.84391654944557,329.84391654944557
2015-05-16,296,353.1555286879697,-57.155528687969706,57.155528687969706
2015-05-16,1256,1093.3842022634108,162.61579773658923,162.61579773658923
2015-05-16,2295,2663.1708910840525,-368.1708910840525,368.1708910840525
2015-05-16,3628,3631.095353877175,-3.0953538771750573,3.0953538771750573
2015-05-16,3217,3227.719950062913,-10.719950062913085,10.719950062913085
2015-05-16,1233,1119.34364975887,113.65635024112999,113.65635024112999
2015-05-16,1412,1152.094029702278,259.905970297722,259.905970297722
2015-05-17,2311,2424.6779099149094,-113.67790991490938,113.67790991490938
2015-05-17,968,917.5741728260883,50.42582717391167,50.42582717391167
2015-05-17,2867,2716.575581238681,150.42441876131898,150.42441876131898
2015-05-17,582,597.3509550517978,-15.350955051797769,15.350955051797769
2015-05-17,1185,1115.5257436903278,69.47425630967223,69.47425630967223
2015-05-17,473,323.4352802012556,149.56471979874442,149.56471979874442
2015-05-17,3722,3796.000817175859,-74.00081717585908,74.00081717585908
2015-05-17,1264,1239.9488142615533,24.051185738446748,24.051185738446748
2015-05-17,334,370.4173804131276,-36.4173804131276,36.4173804131276
2015-05-17,1120,1036.5995535081397,83.4004464918603,83.4004464918603
2015-05-17,2695,2764.1413890179742,-69.14138901797423,69.14138901797423
2015-05-17,530,445.4976336132922,84.50236638670782,84.50236638670782
2015-05-17,272,252.11495856197809,19.885041438021915,19.885041438021915
2015-05-17,581,515.9528958374628,65.04710416253715,65.04710416253715
2015-05-17,3171,2672.477534716759,498.5224652832412,498.5224652832412
2015-05-17,2459,2389.0465232216206,69.95347677837935,69.95347677837935
2015-05-17,936,844.3632579607995,91.6367420392005,91.6367420392005
2015-05-17,1236,1185.999878242243,50.000121757756915,50.000121757756915
2015-05-17,979,784.5720719122569,194.4279280877431,194.4279280877431
2015-05-17,4643,4274.742678754494,368.2573212455063,368.2573212455063
2015-05-17,471,430.88806038908416,40.11193961091584,40.11193961091584
2015-05-17,346,323.1017542254342,22.898245774565794,22.898245774565794
2015-05-17,2399,1967.95935342502,431.04064657498,431.04064657498
2015-05-17,267,202.51305779108472,64.48694220891528,64.48694220891528
2015-05-17,697,688.7143558559261,8.285644144073899,8.285644144073899
2015-05-17,1628,1745.6566481462444,-117.65664814624438,117.65664814624438
2015-05-17,3059,2747.1902171820916,311.8097828179084,311.8097828179084
2015-05-17,1304,1181.1083066633637,122.89169333663631,122.89169333663631
2015-05-17,481,484.376931553065,-3.376931553064992,3.376931553064992
2015-05-17,1513,1540.6106554431194,-27.610655443119413,27.610655443119413
2015-05-18,1934,1832.4933413206038,101.5066586793962,101.5066586793962
2015-05-18,460,472.47259862686917,-12.472598626869171,12.472598626869171
2015-05-18,1120,1175.5838948281419,-55.583894828141865,55.583894828141865
2015-05-18,272,232.8828210987863,39.11717890121369,39.11717890121369
2015-05-18,233,292.2643528945686,-59.26435289456862,59.26435289456862
2015-05-18,1008,1027.8055771505099,-19.805577150509862,19.805577150509862
2015-05-18,1876,1845.142584413291,30.857415586709067,30.857415586709067
2015-05-18,481,523.2663849450499,-42.266384945049936,42.266384945049936
2015-05-18,635,766.0716829230371,-131.0716829230371,131.0716829230371
2015-05-18,861,937.9669902639497,-76.9669902639497,76.9669902639497
2015-05-18,1601,1530.3793546898773,70.62064531012265,70.62064531012265
2015-05-18,3516,3818.9047161879107,-302.9047161879107,302.9047161879107
2015-05-18,2422,2311.0335553438754,110.96644465612462,110.96644465612462
2015-05-18,233,293.5605891029092,-60.560589102909205,60.560589102909205
2015-05-18,2072,2049.221976721025,22.77802327897507,22.77802327897507
2015-05-18,382,389.94523827349184,-7.945238273491839,7.945238273491839
2015-05-18,390,333.84464110089215,56.15535889910785,56.15535889910785
2015-05-18,955,946.435333037795,8.564666962205024,8.564666962205024
2015-05-18,308,348.7497390424799,-40.749739042479916,40.749739042479916
2015-05-18,802,820.5307668957597,-18.53076689575971,18.53076689575971
2015-05-18,2503,2677.723116387638,-174.72311638763813,174.72311638763813
2015-05-18,1827,1902.4537300129484,-75.45373001294843,75.45373001294843
2015-05-18,645,657.2949201728516,-12.294920172851562,12.294920172851562
2015-05-18,527,602.5545009779435,-75.55450097794346,75.55450097794346
2015-05-18,958,970.549114030412,-12.549114030412056,12.549114030412056
2015-05-18,2746,2725.5157670868725,20.48423291312747,20.48423291312747
2015-05-18,728,696.7951416140535,31.204858385946523,31.204858385946523
2015-05-18,415,390.30995113776964,24.690048862230356,24.690048862230356
2015-05-18,212,224.94957186804444,-12.949571868044444,12.949571868044444
2015-05-18,2174,2221.4465499397033,-47.446549939703345,47.446549939703345
2015-05-19,1903,2032.4608325907461,-129.46083259074612,129.46083259074612
2015-05-19,1081,1094.3990131140524,-13.399013114052423,13.399013114052423
2015-05-19,1839,1965.1955568704707,-126.19555687047068,126.19555687047068
2015-05-19,253,269.6056697900443,-16.605669790044317,16.605669790044317
2015-05-19,334,342.37661422049143,-8.376614220491433,8.376614220491433
2015-05-19,2303,2401.559341945626,-98.55934194562587,98.55934194562587
2015-05-19,711,826.0056389979793,-115.0056389979793,115.0056389979793
2015-05-19,851,809.3408737820153,41.65912621798475,41.65912621798475
2015-05-19,967,954.107815568123,12.892184431877013,12.892184431877013
2015-05-19,519,492.6005707926819,26.39942920731812,26.39942920731812
2015-05-19,2111,2125.1337784757316,-14.13377847573156,14.13377847573156
2015-05-19,483,458.327013099675,24.672986900324986,24.672986900324986
2015-05-19,729,773.4875165945996,-44.48751659459958,44.48751659459958
2015-05-19,1386,1429.3636287971383,-43.36362879713829,43.36362879713829
2015-05-19,526,575.8070361075377,-49.80703610753767,49.80703610753767
2015-05-19,1502,1600.301441375451,-98.30144137545108,98.30144137545108
2015-05-19,512,524.9791455909537,-12.979145590953749,12.979145590953749
2015-05-19,1596,1756.6324453892923,-160.63244538929234,160.63244538929234
2015-05-19,315,240.03664057394448,74.96335942605552,74.96335942605552
2015-05-19,776,749.5816749724341,26.418325027565857,26.418325027565857
2015-05-19,402,363.3060271898982,38.6939728101018,38.6939728101018
2015-05-19,562,614.1860043169467,-52.18600431694665,52.18600431694665
2015-05-19,245,224.503686268477,20.496313731523003,20.496313731523003
2015-05-19,666,636.4278835797014,29.572116420298585,29.572116420298585
2015-05-19,302,321.41343943401523,-19.41343943401523,19.41343943401523
2015-05-19,2346,2354.9159424637683,-8.91594246376826,8.91594246376826
2015-05-19,234,210.3803162195002,23.6196837804998,23.6196837804998
2015-05-19,1716,1769.3640805681357,-53.364080568135705,53.364080568135705
2015-05-19,3154,3405.045816380552,-251.04581638055197,251.04581638055197
2015-05-19,347,317.1161587846548,29.883841215345228,29.883841215345228
2015-05-20,1122,1127.36077845917,-5.360778459169978,5.360778459169978
2015-05-20,1488,1532.4830875458003,-44.483087545800345,44.483087545800345
2015-05-20,378,362.92225225333317,15.07774774666683,15.07774774666683
2015-05-20,177,230.44570487054406,-53.44570487054406,53.44570487054406
2015-05-20,1522,1707.4263541619878,-185.42635416198777,185.42635416198777
2015-05-20,631,584.4563423092794,46.54365769072058,46.54365769072058
2015-05-20,782,793.9028378816269,-11.902837881626851,11.902837881626851
2015-05-20,580,574.8392640234848,5.160735976515184,5.160735976515184
2015-05-20,568,504.56055512094633,63.43944487905367,63.43944487905367
2015-05-20,838,788.202661993526,49.79733800647398,49.79733800647398
2015-05-20,257,201.9983704018899,55.0016295981101,55.0016295981101
2015-05-20,1011,924.8593066803253,86.14069331967471,86.14069331967471
2015-05-20,527,550.7143278802301,-23.714327880230144,23.714327880230144
2015-05-20,2230,2349.4512511992857,-119.45125119928571,119.45125119928571
2015-05-20,612,677.0966971493904,-65.09669714939037,65.09669714939037
2015-05-20,1984,1891.7215916697442,92.27840833025584,92.27840833025584
2015-05-20,368,359.8196771489368,8.180322851063181,8.180322851063181
2015-05-20,1916,1988.6427063612753,-72.64270636127526,72.64270636127526
2015-05-20,317,346.4258896557323,-29.425889655732306,29.425889655732306
2015-05-20,374,330.17263126124345,43.82736873875655,43.82736873875655
2015-05-20,446,447.7540920262855,-1.754092026285491,1.754092026285491
2015-05-20,1347,1396.7256032616217,-49.7256032616217,49.7256032616217
2015-05-20,794,726.7469089460567,67.25309105394331,67.25309105394331
2015-05-20,1885,1708.2912501856117,176.70874981438828,176.70874981438828
2015-05-20,1992,2044.5040270573231,-52.50402705732313,52.50402705732313
2015-05-20,307,279.4486172988526,27.551382701147418,27.551382701147418
2015-05-20,2340,2271.58009342159,68.41990657841006,68.41990657841006
2015-05-20,3176,3145.3475156565996,30.652484343400374,30.652484343400374
2015-05-20,265,281.7749507163381,-16.774950716338083,16.774950716338083
2015-05-20,924,762.5330611293999,161.46693887060007,161.46693887060007
2015-05-21,3159,3213.816896367654,-54.81689636765395,54.81689636765395
2015-05-21,176,208.39257903319825,-32.392579033198245,32.392579033198245
2015-05-21,390,273.18825410045366,116.81174589954634,116.81174589954634
2015-05-21,1393,1366.0331950140398,26.966804985960152,26.966804985960152
2015-05-21,1602,1632.426529822658,-30.42652982265804,30.42652982265804
2015-05-21,2052,2258.653785557477,-206.65378555747702,206.65378555747702
2015-05-21,1455,1493.9629277879658,-38.96292778796578,38.96292778796578
2015-05-21,775,771.5124169275407,3.4875830724593015,3.4875830724593015
2015-05-21,695,620.0503944364384,74.94960556356159,74.94960556356159
2015-05-21,406,458.6271295894303,-52.6271295894303,52.6271295894303
2015-05-21,181,214.7119940517447,-33.71199405174471,33.71199405174471
2015-05-21,318,361.69840066009886,-43.698400660098855,43.698400660098855
2015-05-21,1581,1680.6631954428585,-99.66319544285852,99.66319544285852
2015-05-21,377,364.73061179612563,12.269388203874371,12.269388203874371
2015-05-21,531,505.68755564699444,25.31244435300556,25.31244435300556
2015-05-21,860,939.409884352869,-79.40988435286897,79.40988435286897
2015-05-21,752,838.1592417081238,-86.15924170812377,86.15924170812377
2015-05-21,752,792.6488754078123,-40.648875407812284,40.648875407812284
2015-05-21,2396,2349.2366777767566,46.76332222324345,46.76332222324345
2015-05-21,464,482.7054164317905,-18.705416431790525,18.705416431790525
2015-05-21,1251,1087.0320290377208,163.9679709622792,163.9679709622792
2015-05-21,1868,1974.0045678772956,-106.00456787729559,106.00456787729559
2015-05-21,839,779.5467716270122,59.45322837298784,59.45322837298784
2015-05-21,601,584.3538408588339,16.646159141166095,16.646159141166095
2015-05-21,2060,1893.358891615793,166.64110838420697,166.64110838420697
2015-05-21,334,351.379038723988,-17.379038723988003,17.379038723988003
2015-05-21,426,316.9263390994168,109.0736609005832,109.0736609005832
2015-05-21,2038,2007.9022647393986,30.09773526060144,30.09773526060144
2015-05-21,245,277.1852717615685,-32.185271761568515,32.185271761568515
2015-05-21,624,591.8014553481653,32.19854465183471,32.19854465183471
2015-05-22,2348,2295.508534712889,52.49146528711117,52.49146528711117
2015-05-22,3110,2894.804626387748,215.19537361225184,215.19537361225184
2015-05-22,1086,922.5077614627623,163.49223853723765,163.49223853723765
2015-05-22,399,388.64625789002986,10.353742109970142,10.353742109970142
2015-05-22,1417,1415.5189714381706,1.481028561829362,1.481028561829362
2015-05-22,1629,1662.0247959769545,-33.024795976954465,33.024795976954465
2015-05-22,296,230.77713733332493,65.22286266667507,65.22286266667507
2015-05-22,1733,1736.0547993247042,-3.054799324704163,3.054799324704163
2015-05-22,457,485.69769071808383,-28.697690718083834,28.697690718083834
2015-05-22,2167,2182.456195568612,-15.456195568612202,15.456195568612202
2015-05-22,564,578.0627631125283,-14.062763112528273,14.062763112528273
2015-05-22,976,907.5896716306057,68.41032836939428,68.41032836939428
2015-05-22,861,861.4386807731843,-0.4386807731842737,0.4386807731842737
2015-05-22,298,270.8016014482992,27.19839855170079,27.19839855170079
2015-05-22,2318,2462.4879227997353,-144.48792279973532,144.48792279973532
2015-05-22,3755,3383.7329640169255,371.2670359830745,371.2670359830745
2015-05-22,1741,1556.0804817852247,184.91951821477528,184.91951821477528
2015-05-22,474,375.7706852190636,98.22931478093642,98.22931478093642
2015-05-22,852,872.5731035401926,-20.57310354019262,20.57310354019262
2015-05-22,904,919.7998120628945,-15.799812062894489,15.799812062894489
2015-05-22,1904,1940.0391065863448,-36.039106586344815,36.039106586344815
2015-05-22,409,434.18699323196796,-25.18699323196796,25.18699323196796
2015-05-22,359,368.3175636938505,-9.317563693850502,9.317563693850502
2015-05-22,808,633.1571710086287,174.84282899137133,174.84282899137133
2015-05-22,801,697.5425206144155,103.45747938558452,103.45747938558452
2015-05-22,299,350.9191192807158,-51.91911928071579,51.91911928071579
2015-05-22,894,921.9993716151611,-27.999371615161067,27.999371615161067
2015-05-22,796,729.9904533892878,66.00954661071216,66.00954661071216
2015-05-22,2341,2293.7835079120887,47.21649208791132,47.21649208791132
2015-05-22,271,303.06382311768306,-32.06382311768306,32.06382311768306
2015-05-23,1493,1757.5234495641905,-264.5234495641905,264.5234495641905
2015-05-23,2375,2677.4010933035543,-302.40109330355426,302.40109330355426
2015-05-23,225,244.33040628115592,-19.330406281155916,19.330406281155916
2015-05-23,1934,2102.965006764773,-168.96500676477308,168.96500676477308
2015-05-23,813,1020.2364752304535,-207.2364752304535,207.2364752304535
2015-05-23,1017,1093.1564078013519,-76.15640780135186,76.15640780135186
2015-05-23,1579,1645.714255677626,-66.71425567762594,66.71425567762594
2015-05-23,402,426.7769587765568,-24.776958776556796,24.776958776556796
2015-05-23,558,461.1385813840976,96.86141861590238,96.86141861590238
2015-05-23,1236,1217.0719427529561,18.928057247043853,18.928057247043853
2015-05-23,743,719.7916489180652,23.20835108193478,23.20835108193478
2015-05-23,1140,1148.9218375395394,-8.92183753953941,8.92183753953941
2015-05-23,1150,1097.1814933819314,52.81850661806857,52.81850661806857
2015-05-23,2377,2660.4294978269454,-283.4294978269454,283.4294978269454
2015-05-23,3493,3701.1784821729975,-208.17848217299752,208.17848217299752
2015-05-23,2072,2290.6540843677813,-218.65408436778125,218.65408436778125
2015-05-23,1165,1199.7077448491614,-34.70774484916137,34.70774484916137
2015-05-23,1064,1184.720370658238,-120.72037065823793,120.72037065823793
2015-05-23,564,571.0969246086828,-7.096924608682798,7.096924608682798
2015-05-23,315,281.9538158120003,33.0461841879997,33.0461841879997
2015-05-23,794,926.427629824419,-132.427629824419,132.427629824419
2015-05-23,594,496.1753796199703,97.82462038002973,97.82462038002973
2015-05-23,3617,4135.1476128957365,-518.1476128957365,518.1476128957365
2015-05-23,2447,2937.518993628248,-490.51899362824815,490.51899362824815
2015-05-23,686,633.5321610165829,52.467838983417096,52.467838983417096
2015-05-23,338,332.58581910554136,5.414180894458639,5.414180894458639
2015-05-23,2632,2703.020466536069,-71.02046653606885,71.02046653606885
2015-05-23,2202,2199.3513826539365,2.6486173460634745,2.6486173460634745
2015-05-23,532,546.2477949550846,-14.2477949550846,14.2477949550846
2015-05-23,418,415.27745796761633,2.7225420323836715,2.7225420323836715
2015-05-24,872,900.4443694077609,-28.44436940776086,28.44436940776086
2015-05-24,451,445.5796193767376,5.420380623262417,5.420380623262417
2015-05-24,310,363.9042869727887,-53.904286972788725,53.904286972788725
2015-05-24,2144,2587.798631970295,-443.798631970295,443.798631970295
2015-05-24,2026,2269.827146682526,-243.82714668252584,243.82714668252584
2015-05-24,391,361.36609563174807,29.633904368251933,29.633904368251933
2015-05-24,295,351.82072258734655,-56.82072258734655,56.82072258734655
2015-05-24,2510,2755.8426435804026,-245.84264358040264,245.84264358040264
2015-05-24,3498,3711.7186778251125,-213.71867782511254,213.71867782511254
2015-05-24,438,523.1230098953998,-85.12300989539983,85.12300989539983
2015-05-24,1068,1044.4114126201828,23.588587379817227,23.588587379817227
2015-05-24,1339,1464.0720550394115,-125.07205503941145,125.07205503941145
2015-05-24,2394,2699.8177922976415,-305.8177922976415,305.8177922976415
2015-05-24,442,454.2579585728187,-12.257958572818723,12.257958572818723
2015-05-24,858,796.1810810079572,61.81891899204277,61.81891899204277
2015-05-24,1939,2146.335917096601,-207.33591709660095,207.33591709660095
2015-05-24,678,595.0546291084489,82.94537089155108,82.94537089155108
2015-05-24,3855,3971.458776146099,-116.4587761460989,116.4587761460989
2015-05-24,1096,1069.7503892434802,26.249610756519814,26.249610756519814
2015-05-24,1492,1668.9456657178491,-176.94566571784912,176.94566571784912
2015-05-24,1768,2203.408875489613,-435.4088754896129,435.4088754896129
2015-05-24,1236,1168.2330313418488,67.7669686581512,67.7669686581512
2015-05-24,1065,1108.020262421866,-43.02026242186594,43.02026242186594
2015-05-24,360,441.9040086715043,-81.9040086715043,81.9040086715043
2015-05-24,795,789.9037920644571,5.096207935542907,5.096207935542907
2015-05-24,218,216.01196027235773,1.988039727642274,1.988039727642274
2015-05-24,602,727.6555321934794,-125.65553219347942,125.65553219347942
2015-05-24,962,1030.5406369827397,-68.54063698273967,68.54063698273967
2015-05-24,205,263.568990922671,-58.56899092267099,58.56899092267099
2015-05-24,2119,2551.94523915523,-432.94523915522996,432.94523915522996
2015-05-25,1914,1786.0657127545421,127.93428724545788,127.93428724545788
2015-05-25,1062,729.0715327996583,332.92846720034174,332.92846720034174
2015-05-25,1966,1706.6251429863478,259.3748570136522,259.3748570136522
2015-05-25,4256,3629.296819920973,626.7031800790269,626.7031800790269
2015-05-25,461,535.3223603519215,-74.32236035192147,74.32236035192147
2015-05-25,427,354.0132762307135,72.98672376928653,72.98672376928653
2015-05-25,1092,958.3921154190532,133.6078845809468,133.6078845809468
2015-05-25,1531,1192.483793865177,338.51620613482305,338.51620613482305
2015-05-25,874,855.7417611830774,18.258238816922585,18.258238816922585
2015-05-25,2261,2142.0243827351233,118.97561726487675,118.97561726487675
2015-05-25,282,265.19125174952256,16.808748250477436,16.808748250477436
2015-05-25,2607,2167.3489161276334,439.6510838723666,439.6510838723666
2015-05-25,365,385.82124543945685,-20.821245439456845,20.821245439456845
2015-05-25,545,445.563919085947,99.43608091405298,99.43608091405298
2015-05-25,403,309.1928594698395,93.8071405301605,93.8071405301605
2015-05-25,1028,980.0014834236707,47.99851657632928,47.99851657632928
2015-05-25,3306,2716.91205723713,589.0879427628702,589.0879427628702
2015-05-25,2446,1920.9030874487503,525.0969125512497,525.0969125512497
2015-05-25,733,629.5832969744624,103.41670302553757,103.41670302553757
2015-05-25,354,389.26032863563887,-35.26032863563887,35.26032863563887
2015-05-25,867,904.4582731429145,-37.45827314291455,37.45827314291455
2015-05-25,2134,2257.983998596967,-123.98399859696701,123.98399859696701
2015-05-25,741,749.0410119896287,-8.041011989628714,8.041011989628714
2015-05-25,743,557.0494087059308,185.95059129406923,185.95059129406923
2015-05-25,204,212.12542890536895,-8.125428905368949,8.125428905368949
2015-05-25,1617,1529.459168556008,87.54083144399192,87.54083144399192
2015-05-25,337,285.8540337207082,51.14596627929183,51.14596627929183
2015-05-25,250,202.5203316088522,47.47966839114781,47.47966839114781
2015-05-25,2265,1733.0899296458992,531.9100703541008,531.9100703541008
2015-05-25,746,663.7127046626799,82.28729533732007,82.28729533732007
2015-05-26,773,746.0669563852867,26.933043614713256,26.933043614713256
2015-05-26,786,808.5342715578254,-22.534271557825377,22.534271557825377
2015-05-26,467,462.1757819016952,4.8242180983048115,4.8242180983048115
2015-05-26,277,325.38989963562256,-48.389899635622555,48.389899635622555
2015-05-26,3108,3422.2250107826426,-314.2250107826426,314.2250107826426
2015-05-26,634,592.5242306390921,41.47576936090786,41.47576936090786
2015-05-26,737,565.1106660601058,171.8893339398942,171.8893339398942
2015-05-26,351,274.62631419991817,76.37368580008183,76.37368580008183
2015-05-26,240,223.62194887326265,16.378051126737347,16.378051126737347
2015-05-26,340,332.59028821243834,7.409711787561662,7.409711787561662
2015-05-26,204,200.8755450766636,3.124454923336401,3.124454923336401
2015-05-26,1487,1680.1668538196654,-193.16685381966545,193.16685381966545
2015-05-26,683,724.4313659613405,-41.431365961340475,41.431365961340475
2015-05-26,786,841.8592658250901,-55.85926582509012,55.85926582509012
2015-05-26,1956,1908.4127565756282,47.58724342437176,47.58724342437176
2015-05-26,2356,2461.526941127235,-105.5269411272352,105.5269411272352
2015-05-26,344,335.21975066360903,8.780249336390966,8.780249336390966
2015-05-26,1946,2075.154031278518,-129.15403127851778,129.15403127851778
2015-05-26,461,454.6166052810071,6.383394718992918,6.383394718992918
2015-05-26,1725,1645.8214147301128,79.17858526988721,79.17858526988721
2015-05-26,557,565.9832887377539,-8.983288737753924,8.983288737753924
2015-05-26,759,725.051611693217,33.948388306783045,33.948388306783045
2015-05-26,854,930.5006016533505,-76.50060165335049,76.50060165335049
2015-05-26,502,351.0565619369205,150.9434380630795,150.9434380630795
2015-05-26,278,270.2872357571667,7.712764242833316,7.712764242833316
2015-05-26,1904,2009.6146534229379,-105.61465342293786,105.61465342293786
2015-05-26,1761,1644.3479146781165,116.65208532188353,116.65208532188353
2015-05-26,1583,1403.890353676794,179.1096463232061,179.1096463232061
2015-05-26,1168,1210.226044768957,-42.22604476895708,42.22604476895708
2015-05-26,1852,2050.5304939319717,-198.5304939319717,198.5304939319717
2015-05-27,1544,1642.444324062223,-98.4443240622229,98.4443240622229
2015-05-27,201,216.819343332948,-15.819343332947994,15.819343332947994
2015-05-27,939,918.6407915409447,20.359208459055253,20.359208459055253
2015-05-27,263,347.46013769410666,-84.46013769410666,84.46013769410666
2015-05-27,1436,1456.5739682833355,-20.57396828333549,20.57396828333549
2015-05-27,1318,1397.9423722604186,-79.94237226041855,79.94237226041855
2015-05-27,1521,1516.3668928054672,4.63310719453284,4.63310719453284
2015-05-27,817,785.0692324035175,31.930767596482497,31.930767596482497
2015-05-27,282,363.429616321994,-81.42961632199399,81.42961632199399
2015-05-27,293,271.9169924162079,21.083007583792096,21.083007583792096
2015-05-27,2111,1896.2662836980574,214.73371630194265,214.73371630194265
2015-05-27,558,599.1525187616058,-41.15251876160585,41.15251876160585
2015-05-27,324,330.57776951136213,-6.577769511362135,6.577769511362135
2015-05-27,346,366.43071193926636,-20.43071193926636,20.43071193926636
2015-05-27,471,438.47318566486933,32.526814335130666,32.526814335130666
2015-05-27,564,500.5037036429761,63.49629635702388,63.49629635702388
2015-05-27,2121,1947.472981414154,173.527018585846,173.527018585846
2015-05-27,1908,1931.7812253449363,-23.781225344936274,23.781225344936274
2015-05-27,2370,2337.8397586567075,32.160241343292455,32.160241343292455
2015-05-27,1241,1200.265584034451,40.73441596554903,40.73441596554903
2015-05-27,571,560.0469329699945,10.953067030005514,10.953067030005514
2015-05-27,236,209.87461720295738,26.12538279704262,26.12538279704262
2015-05-27,273,290.90558275026416,-17.90558275026416,17.90558275026416
2015-05-27,1871,1959.4633026584681,-88.46330265846814,88.46330265846814
2015-05-27,788,772.41490771063,15.585092289369982,15.585092289369982
2015-05-27,754,752.5518456315853,1.4481543684147482,1.4481543684147482
2015-05-27,2935,3099.8399626308037,-164.8399626308037,164.8399626308037
2015-05-27,653,653.9813415349008,-0.981341534900821,0.981341534900821
2015-05-27,795,787.0144921946528,7.985507805347197,7.985507805347197
2015-05-27,593,557.4445187817927,35.55548121820732,35.55548121820732
2015-05-28,2005,2022.55755170197,-17.557551701969942,17.557551701969942
2015-05-28,737,759.6792665541527,-22.67926655415272,22.67926655415272
2015-05-28,214,202.57164220676646,11.428357793233545,11.428357793233545
2015-05-28,1617,1458.211486372943,158.788513627057,158.788513627057
2015-05-28,1372,1219.4768223967758,152.5231776032242,152.5231776032242
2015-05-28,487,528.6850506326756,-41.6850506326756,41.6850506326756
2015-05-28,1812,1902.3312210605202,-90.33122106052019,90.33122106052019
2015-05-28,323,326.83495516124316,-3.8349551612431583,3.8349551612431583
2015-05-28,719,744.1082332133526,-25.108233213352605,25.108233213352605
2015-05-28,1283,1387.0787511697022,-104.07875116970217,104.07875116970217
2015-05-28,346,325.434271736684,20.565728263315975,20.565728263315975
2015-05-28,563,599.1712225656629,-36.1712225656629,36.1712225656629
2015-05-28,294,298.63770103298845,-4.637701032988446,4.637701032988446
2015-05-28,431,445.3667848413096,-14.366784841309595,14.366784841309595
2015-05-28,837,786.3682219984273,50.631778001572684,50.631778001572684
2015-05-28,710,619.7918901414715,90.20810985852847,90.20810985852847
2015-05-28,352,341.33614117897736,10.663858821022643,10.663858821022643
2015-05-28,1958,1904.5875567436058,53.412443256394226,53.412443256394226
2015-05-28,435,362.5700827184378,72.42991728156221,72.42991728156221
2015-05-28,2209,2346.737618407695,-137.7376184076952,137.7376184076952
2015-05-28,453,452.5709607972947,0.4290392027053258,0.4290392027053258
2015-05-28,795,756.5243398682343,38.47566013176572,38.47566013176572
2015-05-28,637,587.8477809833314,49.152219016668596,49.152219016668596
2015-05-28,248,270.1228221499031,-22.122822149903072,22.122822149903072
2015-05-28,1711,1530.755901029717,180.24409897028295,180.24409897028295
2015-05-28,170,204.88457406101122,-34.88457406101122,34.88457406101122
2015-05-28,2041,1894.14078109422,146.85921890577993,146.85921890577993
2015-05-28,3055,2989.8345643944276,65.16543560557238,65.16543560557238
2015-05-28,1461,1515.159487650535,-54.159487650535084,54.159487650535084
2015-05-28,941,874.7816992163393,66.21830078366065,66.21830078366065
2015-05-29,226,269.21379531197783,-43.21379531197783,43.21379531197783
2015-05-29,337,423.6091715405905,-86.60917154059052,86.60917154059052
2015-05-29,765,964.4525154748893,-199.4525154748893,199.4525154748893
2015-05-29,302,358.2137846892946,-56.213784689294584,56.213784689294584
2015-05-29,449,422.9278191462465,26.07218085375348,26.07218085375348
2015-05-29,728,842.8504080263085,-114.85040802630851,114.85040802630851
2015-05-29,906,868.4405464397818,37.55945356021823,37.55945356021823
2015-05-29,2040,2312.5792107311904,-272.5792107311904,272.5792107311904
2015-05-29,1051,1048.9549823096463,2.0450176903536885,2.0450176903536885
2015-05-29,2115,2381.290138383169,-266.29013838316905,266.29013838316905
2015-05-29,457,563.408696897557,-106.40869689755698,106.40869689755698
2015-05-29,2475,2848.933793550596,-373.93379355059596,373.93379355059596
2015-05-29,1565,1473.1796742055026,91.82032579449742,91.82032579449742
2015-05-29,262,256.00464031778523,5.995359682214769,5.995359682214769
2015-05-29,426,441.3869179517733,-15.386917951773285,15.386917951773285
2015-05-29,829,839.9357422974537,-10.935742297453658,10.935742297453658
2015-05-29,2035,2113.5322652647264,-78.53226526472645,78.53226526472645
2015-05-29,599,654.1603350221374,-55.16033502213736,55.16033502213736
2015-05-29,497,375.79623631436857,121.20376368563143,121.20376368563143
2015-05-29,1691,1821.9148107646154,-130.91481076461537,130.91481076461537
2015-05-29,1050,1089.2761095675837,-39.27610956758372,39.27610956758372
2015-05-29,404,486.2400261884697,-82.2400261884697,82.2400261884697
2015-05-29,3082,3506.252290635182,-424.2522906351819,424.2522906351819
2015-05-29,1628,1646.704508076327,-18.7045080763271,18.7045080763271
2015-05-29,772,762.8748247657657,9.125175234234348,9.125175234234348
2015-05-29,2199,2221.844185738208,-22.844185738208125,22.844185738208125
2015-05-29,871,902.1634113652985,-31.163411365298543,31.163411365298543
2015-05-29,1283,1557.7735417908973,-274.7735417908973,274.7735417908973
2015-05-29,1621,1817.8466871222347,-196.8466871222347,196.8466871222347
2015-05-29,260,294.8887449983858,-34.88874499838579,34.88874499838579
2015-05-30,344,275.4240945511242,68.5759054488758,68.5759054488758
2015-05-30,1012,840.6000056734732,171.39999432652678,171.39999432652678
2015-05-30,384,467.45188741067744,-83.45188741067744,83.45188741067744
2015-05-30,3752,3764.96019487313,-12.960194873130149,12.960194873130149
2015-05-30,353,523.119973309127,-170.11997330912698,170.11997330912698
2015-05-30,268,231.39412121046945,36.60587878953055,36.60587878953055
2015-05-30,2191,2386.3360657633684,-195.33606576336842,195.33606576336842
2015-05-30,1190,1148.8816973060032,41.11830269399684,41.11830269399684
2015-05-30,1319,1082.1448209578805,236.85517904211952,236.85517904211952
2015-05-30,2906,2457.6208607307744,448.37913926922556,448.37913926922556
2015-05-30,459,550.2329261250891,-91.23292612508908,91.23292612508908
2015-05-30,350,466.8024309227482,-116.80243092274821,116.80243092274821
2015-05-30,861,1118.3506589669678,-257.3506589669678,257.3506589669678
2015-05-30,989,1166.307588644629,-177.30758864462905,177.30758864462905
2015-05-30,3542,3333.8408063079423,208.15919369205767,208.15919369205767
2015-05-30,1578,1585.5385684613088,-7.5385684613088415,7.5385684613088415
2015-05-30,620,507.58637175891334,112.41362824108666,112.41362824108666
2015-05-30,422,387.472361639037,34.52763836096301,34.52763836096301
2015-05-30,1147,1193.829596639917,-46.8295966399171,46.8295966399171
2015-05-30,701,716.1555065166151,-15.155506516615105,15.155506516615105
2015-05-30,1798,2238.142466684343,-440.14246668434316,440.14246668434316
2015-05-30,264,320.2873182738411,-56.287318273841095,56.287318273841095
2015-05-30,2313,2524.2405256714646,-211.24052567146464,211.24052567146464
2015-05-30,1302,1148.6752360864086,153.32476391359137,153.32476391359137
2015-05-30,2163,1984.9395149623215,178.06048503767852,178.06048503767852
2015-05-30,610,629.3388294319958,-19.338829431995805,19.338829431995805
2015-05-30,2337,1728.7356817676668,608.2643182323332,608.2643182323332
2015-05-30,1076,906.4168325364786,169.58316746352136,169.58316746352136
2015-05-30,2073,2046.3404488029175,26.659551197082465,26.659551197082465
2015-05-30,2614,2392.0466902550643,221.95330974493572,221.95330974493572
2015-05-31,385,367.3513551159255,17.648644884074486,17.648644884074486
2015-05-31,920,916.3583218904092,3.641678109590771,3.641678109590771
2015-05-31,1149,1048.307089548032,100.69291045196792,100.69291045196792
2015-05-31,1327,1190.3806904789244,136.6193095210756,136.6193095210756
2015-05-31,1252,1163.6815664861501,88.31843351384987,88.31843351384987
2015-05-31,2435,2494.8359267783176,-59.83592677831757,59.83592677831757
2015-05-31,1750,1648.013750256394,101.9862497436061,101.9862497436061
2015-05-31,4215,4018.9162660932434,196.0837339067566,196.0837339067566
2015-05-31,948,934.9492219551013,13.05077804489872,13.05077804489872
2015-05-31,1093,1045.4711963551247,47.528803644875325,47.528803644875325
2015-05-31,717,617.5084116056406,99.49158839435938,99.49158839435938
2015-05-31,468,452.4965986061834,15.503401393816603,15.503401393816603
2015-05-31,2089,1812.713567196949,276.28643280305096,276.28643280305096
2015-05-31,307,269.1770160897777,37.82298391022232,37.82298391022232
2015-05-31,2229,2073.3346018380266,155.66539816197337,155.66539816197337
2015-05-31,690,663.4234963651888,26.57650363481116,26.57650363481116
2015-05-31,407,360.34423756762754,46.655762432372455,46.655762432372455
2015-05-31,1439,1307.2693706143943,131.73062938560565,131.73062938560565
2015-05-31,312,348.9620067003597,-36.96200670035972,36.96200670035972
2015-05-31,608,536.5380572721247,71.46194272787534,71.46194272787534
2015-05-31,2556,2303.216219919681,252.78378008031905,252.78378008031905
2015-05-31,2356,2117.0749943450496,238.92500565495038,238.92500565495038
2015-05-31,489,473.6045531386986,15.395446861301423,15.395446861301423
2015-05-31,271,259.6430654993066,11.356934500693399,11.356934500693399
2015-05-31,2878,2366.872770411844,511.12722958815584,511.12722958815584
2015-05-31,2079,2080.9339149435723,-1.9339149435722902,1.9339149435722902
2015-05-31,2722,2691.222578659093,30.77742134090704,30.77742134090704
2015-05-31,400,450.099506374107,-50.09950637410702,50.09950637410702
2015-05-31,3824,3582.8075929948986,241.19240700510136,241.19240700510136
2015-05-31,1148,1110.8618871110214,37.13811288897864,37.13811288897864
2015-06-01,363,396.478462902199,-33.478462902199,33.478462902199
2015-06-01,717,799.2505158206204,-82.25051582062042,82.25051582062042
2015-06-01,2733,2672.8288713004463,60.17112869955372,60.17112869955372
2015-06-01,2336,2627.136328935394,-291.136328935394,291.136328935394
2015-06-01,1220,1134.1664168073123,85.83358319268768,85.83358319268768
2015-06-01,358,296.4876770898089,61.512322910191074,61.512322910191074
2015-06-01,606,727.058350675569,-121.05835067556905,121.05835067556905
2015-06-01,528,581.5619462750897,-53.56194627508967,53.56194627508967
2015-06-01,318,280.58803361148614,37.41196638851386,37.41196638851386
2015-06-01,528,600.7536734503457,-72.75367345034567,72.75367345034567
2015-06-01,1049,1151.592537962858,-102.59253796285793,102.59253796285793
2015-06-01,397,426.0288193195522,-29.028819319552213,29.028819319552213
2015-06-01,2033,2148.4446201300084,-115.44462013000839,115.44462013000839
2015-06-01,444,301.3406997671306,142.65930023286938,142.65930023286938
2015-06-01,2632,2519.650903889145,112.34909611085504,112.34909611085504
2015-06-01,3125,3244.3124416937167,-119.31244169371666,119.31244169371666
2015-06-01,892,1027.2553352885182,-135.25533528851815,135.25533528851815
2015-06-01,1579,1819.0060084443119,-240.00600844431187,240.00600844431187
2015-06-01,894,981.6972177313861,-87.6972177313861,87.6972177313861
2015-06-01,2101,2134.56262860657,-33.56262860656989,33.56262860656989
2015-06-01,1620,2039.252680523631,-419.25268052363094,419.25268052363094
2015-06-01,1504,1045.7642547208952,458.2357452791048,458.2357452791048
2015-06-01,2178,2428.0231880808506,-250.02318808085056,250.02318808085056
2015-06-01,3921,4464.739264856179,-543.739264856179,543.739264856179
2015-06-01,287,307.66447030066126,-20.664470300661264,20.664470300661264
2015-06-01,771,974.3164086492145,-203.3164086492145,203.3164086492145
2015-06-01,985,876.1507938221787,108.84920617782132,108.84920617782132
2015-06-01,1651,1588.8461552472459,62.15384475275414,62.15384475275414
2015-06-01,425,407.2246646204429,17.775335379557077,17.775335379557077
2015-06-01,459,430.7334439244805,28.266556075519475,28.266556075519475
2015-06-02,649,662.8102388920496,-13.810238892049597,13.810238892049597
2015-06-02,1172,1142.7016759917747,29.298324008225336,29.298324008225336
2015-06-02,309,282.41011018365737,26.589889816342634,26.589889816342634
2015-06-02,3436,3297.1591412145985,138.84085878540145,138.84085878540145
2015-06-02,1045,1043.4816812511588,1.5183187488412386,1.5183187488412386
2015-06-02,1827,1839.783859789728,-12.783859789728012,12.783859789728012
2015-06-02,341,329.83123028922904,11.16876971077096,11.16876971077096
2015-06-02,305,355.3457888487109,-50.345788848710924,50.345788848710924
2015-06-02,788,909.7552042191063,-121.7552042191063,121.7552042191063
2015-06-02,1521,1540.0502282296743,-19.050228229674303,19.050228229674303
2015-06-02,1784,1892.2766397907685,-108.27663979076851,108.27663979076851
2015-06-02,696,793.4859159909244,-97.48591599092435,97.48591599092435
2015-06-02,585,530.0036432250994,54.99635677490062,54.99635677490062
2015-06-02,1420,1651.2318003917962,-231.23180039179624,231.23180039179624
2015-06-02,894,950.2245010189337,-56.224501018933665,56.224501018933665
2015-06-02,2243,2276.4696854392496,-33.46968543924959,33.46968543924959
2015-06-02,306,462.18863069313113,-156.18863069313113,156.18863069313113
2015-06-02,667,676.5996164662153,-9.599616466215252,9.599616466215252
2015-06-02,225,278.1389323940518,-53.13893239405178,53.13893239405178
2015-06-02,710,767.4465629161598,-57.44656291615979,57.44656291615979
2015-06-02,215,261.9016426495924,-46.90164264959242,46.90164264959242
2015-06-02,2803,2945.1713906950044,-142.17139069500445,142.17139069500445
2015-06-02,217,328.9501553006127,-111.95015530061272,111.95015530061272
2015-06-02,2169,2453.3709580876584,-284.37095808765844,284.37095808765844
2015-06-02,2173,2355.364692500545,-182.36469250054506,182.36469250054506
2015-06-02,289,361.02360717613965,-72.02360717613965,72.02360717613965
2015-06-02,5432,4047.063555518349,1384.936444481651,1384.936444481651
2015-06-02,774,873.4302500891773,-99.43025008917732,99.43025008917732
2015-06-02,1927,2240.930938220562,-313.930938220562,313.930938220562
2015-06-02,502,508.34710036374537,-6.347100363745369,6.347100363745369
2015-06-03,241,251.35244540800676,-10.352445408006758,10.352445408006758
2015-06-03,2366,2495.884609475445,-129.8846094754449,129.8846094754449
2015-06-03,922,955.6934982103284,-33.69349821032836,33.69349821032836
2015-06-03,853,841.7840528738832,11.215947126116816,11.215947126116816
2015-06-03,3708,4150.9075004531605,-442.90750045316054,442.90750045316054
2015-06-03,509,522.4618286166251,-13.461828616625098,13.461828616625098
2015-06-03,351,357.6952031524611,-6.69520315246109,6.69520315246109
2015-06-03,1256,1056.922053973979,199.07794602602098,199.07794602602098
2015-06-03,1555,1515.2425156515153,39.757484348484695,39.757484348484695
2015-06-03,1680,1856.8756129775384,-176.87561297753837,176.87561297753837
2015-06-03,1934,2031.9926155202404,-97.9926155202404,97.9926155202404
2015-06-03,428,620.7889187421424,-192.7889187421424,192.7889187421424
2015-06-03,440,380.4684137080197,59.53158629198032,59.53158629198032
2015-06-03,1113,1100.7872916738634,12.212708326136635,12.212708326136635
2015-06-03,712,785.9069918456253,-73.90699184562527,73.90699184562527
2015-06-03,1426,1577.7242152565514,-151.72421525655136,151.72421525655136
2015-06-03,444,368.24952055565586,75.75047944434414,75.75047944434414
2015-06-03,705,708.4548116560295,-3.4548116560295057,3.4548116560295057
2015-06-03,849,894.5793327097551,-45.579332709755136,45.579332709755136
2015-06-03,3957,3847.4005405003286,109.59945949967141,109.59945949967141
2015-06-03,656,659.1835524345968,-3.183552434596777,3.183552434596777
2015-06-03,2166,2136.955393516947,29.04460648305303,29.04460648305303
2015-06-03,396,369.9286922931654,26.071307706834602,26.071307706834602
2015-06-03,2657,2987.9415277050425,-330.9415277050425,330.9415277050425
2015-06-03,2600,2602.8468428366464,-2.846842836646374,2.846842836646374
2015-06-03,2437,2401.637586422092,35.36241357790777,35.36241357790777
2015-06-03,306,301.4158262481312,4.584173751868775,4.584173751868775
2015-06-03,216,327.10175687447145,-111.10175687447145,111.10175687447145
2015-06-03,804,749.4599985272764,54.54000147272359,54.54000147272359
2015-06-03,303,262.2284466021642,40.77155339783582,40.77155339783582
2015-06-04,231,218.04975090612308,12.95024909387692,12.95024909387692
2015-06-04,1869,1955.1809868808286,-86.18098688082864,86.18098688082864
2015-06-04,798,775.53024895973,22.469751040270012,22.469751040270012
2015-06-04,370,361.06403744705216,8.935962552947842,8.935962552947842
2015-06-04,2302,2046.8874787886848,255.1125212113152,255.1125212113152
2015-06-04,776,827.1218501072641,-51.121850107264095,51.121850107264095
2015-06-04,1008,967.7710976597496,40.22890234025044,40.22890234025044
2015-06-04,417,374.47169947051685,42.52830052948315,42.52830052948315
2015-06-04,1639,1395.437896376482,243.56210362351794,243.56210362351794
2015-06-04,2570,2749.504892538063,-179.5048925380629,179.5048925380629
2015-06-04,1726,1793.3467280594273,-67.34672805942728,67.34672805942728
2015-06-04,3725,3786.841387547155,-61.841387547155136,61.841387547155136
2015-06-04,361,311.47894745732697,49.52105254267303,49.52105254267303
2015-06-04,446,444.84528601886666,1.154713981133341,1.154713981133341
2015-06-04,677,714.5332832613901,-37.533283261390125,37.533283261390125
2015-06-04,2307,2287.7397621881078,19.26023781189224,19.26023781189224
2015-06-04,213,242.83511936109733,-29.835119361097327,29.835119361097327
2015-06-04,2232,2239.9107164330608,-7.91071643306077,7.91071643306077
2015-06-04,992,972.2706831472582,19.729316852741817,19.729316852741817
2015-06-04,476,554.012869829731,-78.01286982973102,78.01286982973102
2015-06-04,308,258.3129439792191,49.687056020780915,49.687056020780915
2015-06-04,2710,2605.008815505662,104.99118449433809,104.99118449433809
2015-06-04,723,666.3461878941621,56.653812105837915,56.653812105837915
2015-06-04,351,389.9672374990771,-38.9672374990771,38.9672374990771
2015-06-04,674,638.3710466846102,35.62895331538982,35.62895331538982
2015-06-04,1717,1432.6971112011147,284.3028887988853,284.3028887988853
2015-06-04,414,474.7410010013012,-60.741001001301186,60.741001001301186
2015-06-04,1670,1618.281984079111,51.718015920889,51.718015920889
2015-06-04,834,808.4239924175813,25.576007582418697,25.576007582418697
2015-06-04,386,341.71494793342805,44.28505206657195,44.28505206657195
2015-06-05,871,942.2999914297434,-71.29999142974339,71.29999142974339
2015-06-05,1651,1771.6233522689217,-120.62335226892174,120.62335226892174
2015-06-05,2718,2486.7228288734827,231.27717112651726,231.27717112651726
2015-06-05,1523,1602.9065797514597,-79.90657975145973,79.90657975145973
2015-06-05,2610,2239.097073630135,370.9029263698649,370.9029263698649
2015-06-05,287,300.39939931406,-13.39939931406002,13.39939931406002
2015-06-05,374,395.951770541874,-21.951770541873998,21.951770541873998
2015-06-05,1123,1016.8727179160405,106.12728208395947,106.12728208395947
2015-06-05,920,928.1801688644026,-8.180168864402617,8.180168864402617
2015-06-05,411,408.883057094798,2.116942905201995,2.116942905201995
2015-06-05,3956,4106.664499514272,-150.6644995142724,150.6644995142724
2015-06-05,2029,1654.3771155494967,374.6228844505033,374.6228844505033
2015-06-05,864,857.6939759265188,6.30602407348124,6.30602407348124
2015-06-05,505,522.8787796852102,-17.878779685210247,17.878779685210247
2015-06-05,365,391.92149148957265,-26.921491489572645,26.921491489572645
2015-06-05,410,448.24053120749596,-38.24053120749596,38.24053120749596
2015-06-05,974,1079.496060354452,-105.49606035445208,105.49606035445208
2015-06-05,917,830.1420026801193,86.85799731988072,86.85799731988072
2015-06-05,210,250.44067354394133,-40.44067354394133,40.44067354394133
2015-06-05,2450,2567.917296949917,-117.91729694991682,117.91729694991682
2015-06-05,2131,1883.0813186027092,247.9186813972908,247.9186813972908
2015-06-05,763,784.6375532458749,-21.63755324587487,21.63755324587487
2015-06-05,541,695.060860575383,-154.060860575383,154.060860575383
2015-06-05,461,489.712131476043,-28.712131476042998,28.712131476042998
2015-06-05,337,277.58506841525696,59.414931584743044,59.414931584743044
2015-06-05,350,340.90521738957574,9.09478261042426,9.09478261042426
2015-06-05,2728,2471.510576729933,256.48942327006716,256.48942327006716
2015-06-05,820,800.9214368845142,19.07856311548585,19.07856311548585
2015-06-05,3369,3495.0421888232913,-126.04218882329133,126.04218882329133
2015-06-05,3221,3154.9688682041774,66.0311317958226,66.0311317958226
2015-06-06,1025,1046.5258279978068,-21.5258279978068,21.5258279978068
2015-06-06,1256,1165.252554743564,90.7474452564361,90.7474452564361
2015-06-06,839,1039.2159903561117,-200.21599035611166,200.21599035611166
2015-06-06,1126,1031.8084223305013,94.19157766949866,94.19157766949866
2015-06-06,512,546.8157894469521,-34.81578944695207,34.81578944695207
2015-06-06,2810,2101.5584621184553,708.4415378815447,708.4415378815447
2015-06-06,665,616.4267138692168,48.57328613078323,48.57328613078323
2015-06-06,3072,2955.543746687007,116.45625331299289,116.45625331299289
2015-06-06,879,944.6662956762308,-65.66629567623079,65.66629567623079
2015-06-06,1078,1228.539665419575,-150.53966541957493,150.53966541957493
2015-06-06,3940,3768.917109269094,171.082890730906,171.082890730906
2015-06-06,1613,1687.0342958968527,-74.03429589685265,74.03429589685265
2015-06-06,343,309.7846110282343,33.21538897176572,33.21538897176572
2015-06-06,2649,2361.222736419374,287.7772635806259,287.7772635806259
2015-06-06,761,671.5935952148486,89.40640478515138,89.40640478515138
2015-06-06,2933,2974.693765150623,-41.69376515062322,41.69376515062322
2015-06-06,435,433.06449186134466,1.9355081386553366,1.9355081386553366
2015-06-06,433,470.0202223121389,-37.02022231213891,37.02022231213891
2015-06-06,2670,2795.5990878838516,-125.59908788385155,125.59908788385155
2015-06-06,1297,1161.396533746281,135.60346625371903,135.60346625371903
2015-06-06,444,416.85957940235704,27.140420597642958,27.140420597642958
2015-06-06,282,243.47606704998014,38.523932950019855,38.523932950019855
2015-06-06,545,548.5865721106031,-3.5865721106031287,3.5865721106031287
2015-06-06,4963,4696.89866758248,266.1013324175201,266.1013324175201
2015-06-06,1042,1168.1258600832607,-126.1258600832607,126.1258600832607
2015-06-06,490,425.10130497243443,64.89869502756557,64.89869502756557
2015-06-06,2243,2111.7807380043596,131.2192619956404,131.2192619956404
2015-06-06,3108,3070.622977875309,37.37702212469094,37.37702212469094
2015-06-06,306,332.0730893793586,-26.073089379358578,26.073089379358578
2015-06-06,3748,3867.577198381228,-119.57719838122784,119.57719838122784
2015-06-07,387,353.80425946487367,33.19574053512633,33.19574053512633
2015-06-07,961,1023.7406623071174,-62.74066230711742,62.74066230711742
2015-06-07,819,842.9047879124323,-23.90478791243231,23.90478791243231
2015-06-07,3422,2814.9971015588944,607.0028984411056,607.0028984411056
2015-06-07,577,648.0159960531153,-71.01599605311526,71.01599605311526
2015-06-07,406,391.07906240560044,14.920937594399561,14.920937594399561
2015-06-07,1200,1124.4248784873953,75.57512151260471,75.57512151260471
2015-06-07,435,418.08044635771813,16.91955364228187,16.91955364228187
2015-06-07,3335,3021.5424146757996,313.4575853242004,313.4575853242004
2015-06-07,2052,2219.1495811639393,-167.14958116393927,167.14958116393927
2015-06-07,203,226.13810154959023,-23.138101549590232,23.138101549590232
2015-06-07,2899,2140.613347557885,758.3866524421151,758.3866524421151
2015-06-07,731,706.7219960520605,24.27800394793951,24.27800394793951
2015-06-07,521,513.1475396696175,7.8524603303825415,7.8524603303825415
2015-06-07,301,276.62125191030555,24.378748089694454,24.378748089694454
2015-06-07,1317,1240.8093879443238,76.19061205567618,76.19061205567618
2015-06-07,490,429.5453430269769,60.45465697302308,60.45465697302308
2015-06-07,1773,1698.2309200748984,74.76907992510155,74.76907992510155
2015-06-07,2533,2489.2392331053725,43.76076689462752,43.76076689462752
2015-06-07,432,437.4986950191405,-5.498695019140484,5.498695019140484
2015-06-07,899,823.9398413598399,75.06015864016013,75.06015864016013
2015-06-07,3376,2813.517660692557,562.482339307443,562.482339307443
2015-06-07,3152,3265.0388699419373,-113.03886994193726,113.03886994193726
2015-06-07,1189,1165.0736612774278,23.926338722572154,23.926338722572154
2015-06-07,5535,5134.084624636952,400.91537536304804,400.91537536304804
2015-06-07,3932,3978.935848684104,-46.9358486841038,46.9358486841038
2015-06-07,3005,2445.2717165424615,559.7282834575385,559.7282834575385
2015-06-07,1090,1032.2191633751809,57.78083662481913,57.78083662481913
2015-06-07,293,342.7845481124567,-49.78454811245672,49.78454811245672
2015-06-07,1161,1124.2071311455531,36.79286885444685,36.79286885444685
2015-06-08,918,1052.3348256493339,-134.33482564933388,134.33482564933388
2015-06-08,2551,2644.1813267231046,-93.18132672310458,93.18132672310458
2015-06-08,762,947.8411922330794,-185.84119223307937,185.84119223307937
2015-06-08,286,342.73523920629776,-56.73523920629776,56.73523920629776
2015-06-08,2313,2254.946487000844,58.05351299915583,58.05351299915583
2015-06-08,1919,1937.5656982014164,-18.565698201416353,18.565698201416353
2015-06-08,345,385.6185669375732,-40.61856693757318,40.61856693757318
2015-06-08,831,1049.9969990737998,-218.99699907379977,218.99699907379977
2015-06-08,477,500.89689243103237,-23.89689243103237,23.89689243103237
2015-06-08,253,255.74957835380727,-2.749578353807266,2.749578353807266
2015-06-08,778,800.1830445850078,-22.183044585007792,22.183044585007792
2015-06-08,682,631.5384183388057,50.46158166119426,50.46158166119426
2015-06-08,1005,1069.7000010452068,-64.70000104520682,64.70000104520682
2015-06-08,289,358.1858371145389,-69.18583711453891,69.18583711453891
2015-06-08,5007,4725.75476005409,281.2452399459098,281.2452399459098
2015-06-08,340,364.6772405725144,-24.677240572514393,24.677240572514393
2015-06-08,3149,3201.4633082439987,-52.463308243998654,52.463308243998654
2015-06-08,689,751.9565388470356,-62.95653884703563,62.95653884703563
2015-06-08,2573,2588.831165677645,-15.831165677645004,15.831165677645004
2015-06-08,229,274.99315231743964,-45.99315231743964,45.99315231743964
2015-06-08,408,518.7521302730926,-110.75213027309258,110.75213027309258
2015-06-08,902,943.3760971818119,-41.37609718181193,41.37609718181193
2015-06-08,3705,3306.6921884080302,398.30781159196977,398.30781159196977
2015-06-08,599,708.3892003083091,-109.38920030830911,109.38920030830911
2015-06-08,2130,1848.9826161342319,281.0173838657681,281.0173838657681
2015-06-08,259,224.15081104139588,34.84918895860412,34.84918895860412
2015-06-08,2188,2240.812874802123,-52.81287480212313,52.81287480212313
2015-06-08,2312,2335.194549891309,-23.19454989130918,23.19454989130918
2015-06-08,1666,1591.2045397986403,74.79546020135967,74.79546020135967
2015-06-08,357,391.43077993320816,-34.43077993320816,34.43077993320816
2015-06-09,841,886.7539127433782,-45.75391274337824,45.75391274337824
2015-06-09,893,981.3042801833761,-88.30428018337614,88.30428018337614
2015-06-09,2040,1814.5687053802235,225.4312946197765,225.4312946197765
2015-06-09,443,473.1778976105749,-30.177897610574917,30.177897610574917
2015-06-09,427,381.633167836672,45.36683216332801,45.36683216332801
2015-06-09,259,280.6630232169551,-21.663023216955082,21.663023216955082
2015-06-09,380,327.47816330006486,52.521836699935136,52.521836699935136
2015-06-09,827,778.0591847396975,48.94081526030254,48.94081526030254
2015-06-09,2267,2194.499430482613,72.5005695173868,72.5005695173868
2015-06-09,2924,2870.951641076764,53.04835892323581,53.04835892323581
2015-06-09,442,639.8139177711632,-197.81391777116323,197.81391777116323
2015-06-09,2397,2477.847683677454,-80.84768367745392,80.84768367745392
2015-06-09,4607,4632.11553757095,-25.115537570950437,25.115537570950437
2015-06-09,719,691.332547236493,27.667452763506958,27.667452763506958
2015-06-09,805,771.81064001179,33.18935998820996,33.18935998820996
2015-06-09,3764,3704.23162774576,59.76837225424015,59.76837225424015
2015-06-09,250,220.37118469520829,29.628815304791715,29.628815304791715
2015-06-09,227,256.7434177468164,-29.74341774681642,29.74341774681642
2015-06-09,2512,2413.0909935256304,98.90900647436956,98.90900647436956
2015-06-09,617,650.3181941369337,-33.3181941369337,33.3181941369337
2015-06-09,2443,2253.800350480479,189.1996495195208,189.1996495195208
2015-06-09,2214,2020.83825595011,193.1617440498901,193.1617440498901
2015-06-09,380,490.3009392437495,-110.3009392437495,110.3009392437495
2015-06-09,788,894.5936510537814,-106.5936510537814,106.5936510537814
2015-06-09,1456,1469.4785094442566,-13.478509444256588,13.478509444256588
2015-06-09,1837,1792.85896530389,44.141034696109955,44.141034696109955
2015-06-09,368,327.5191600184862,40.48083998151378,40.48083998151378
2015-06-09,265,315.53597315003327,-50.53597315003327,50.53597315003327
2015-06-09,606,598.8353025020505,7.164697497949533,7.164697497949533
2015-06-09,186,214.3329437839767,-28.332943783976702,28.332943783976702
2015-06-10,4204,4211.223701189178,-7.223701189178428,7.223701189178428
2015-06-10,328,362.12182816124295,-34.121828161242945,34.121828161242945
2015-06-10,394,474.414529204873,-80.41452920487302,80.41452920487302
2015-06-10,2126,2422.3366624628648,-296.33666246286475,296.33666246286475
2015-06-10,159,222.5650661327909,-63.56506613279089,63.56506613279089
2015-06-10,917,796.5304508921342,120.46954910786576,120.46954910786576
2015-06-10,209,254.97044353004586,-45.970443530045856,45.970443530045856
2015-06-10,521,463.443556003012,57.55644399698798,57.55644399698798
2015-06-10,631,615.0237370423542,15.976262957645758,15.976262957645758
2015-06-10,1714,1800.0946876246908,-86.09468762469078,86.09468762469078
2015-06-10,2244,2397.953387211273,-153.9533872112729,153.9533872112729
2015-06-10,420,344.4074621147869,75.59253788521312,75.59253788521312
2015-06-10,2883,2886.059614722891,-3.059614722891183,3.059614722891183
2015-06-10,631,523.7352160773138,107.2647839226862,107.2647839226862
2015-06-10,875,989.2981518082157,-114.29815180821572,114.29815180821572
2015-06-10,540,662.7327645893997,-122.73276458939972,122.73276458939972
2015-06-10,817,930.967188266852,-113.96718826685196,113.96718826685196
2015-06-10,806,862.5935680788687,-56.59356807886866,56.59356807886866
2015-06-10,2794,2920.2087782424983,-126.20877824249828,126.20877824249828
2015-06-10,1618,1695.5025048005357,-77.50250480053569,77.50250480053569
2015-06-10,188,233.35453948129006,-45.35453948129006,45.35453948129006
2015-06-10,1989,2048.8191312894764,-59.819131289476445,59.819131289476445
2015-06-10,811,830.181155057686,-19.181155057686055,19.181155057686055
2015-06-10,825,689.9258809924545,135.0741190075455,135.0741190075455
2015-06-10,1436,1431.7015178947474,4.29848210525256,4.29848210525256
2015-06-10,1981,2028.8014150402212,-47.80141504022117,47.80141504022117
2015-06-10,302,290.2379654753388,11.762034524661203,11.762034524661203
2015-06-10,2262,2216.8488715954386,45.151128404561405,45.151128404561405
2015-06-10,287,322.5880856580517,-35.58808565805168,35.58808565805168
2015-06-10,264,372.5421008613662,-108.54210086136618,108.54210086136618
2015-06-11,190,218.2361396477547,-28.236139647754698,28.236139647754698
2015-06-11,3345,3294.375419190782,50.62458080921806,50.62458080921806
2015-06-11,756,832.6150245116469,-76.61502451164688,76.61502451164688
2015-06-11,223,308.96632778194027,-85.96632778194027,85.96632778194027
2015-06-11,1444,1641.8861256432554,-197.88612564325535,197.88612564325535
2015-06-11,597,629.7335746543425,-32.73357465434253,32.73357465434253
2015-06-11,1450,1456.3315068320674,-6.331506832067362,6.331506832067362
2015-06-11,824,878.0666809179917,-54.066680917991675,54.066680917991675
2015-06-11,2639,2443.1969708088463,195.80302919115366,195.80302919115366
2015-06-11,818,781.1720831489872,36.82791685101279,36.82791685101279
2015-06-11,2547,2440.898716347368,106.10128365263199,106.10128365263199
2015-06-11,2250,2406.9514412032177,-156.95144120321766,156.95144120321766
2015-06-11,407,436.7826277363595,-29.782627736359473,29.782627736359473
2015-06-11,298,351.2121880644251,-53.212188064425106,53.212188064425106
2015-06-11,2127,2154.952221203513,-27.95222120351309,27.95222120351309
2015-06-11,313,321.1314570617939,-8.131457061793924,8.131457061793924
2015-06-11,2619,2735.3318894856343,-116.33188948563429,116.33188948563429
2015-06-11,3813,3859.951293910534,-46.95129391053388,46.95129391053388
2015-06-11,757,717.3906631381925,39.60933686180749,39.60933686180749
2015-06-11,592,517.3548043368328,74.64519566316721,74.64519566316721
2015-06-11,2013,2041.0561516212363,-28.056151621236268,28.056151621236268
2015-06-11,1755,1772.3795800780742,-17.37958007807424,17.37958007807424
2015-06-11,881,931.8112670994295,-50.81126709942953,50.81126709942953
2015-06-11,544,623.11362174678,-79.11362174678004,79.11362174678004
2015-06-11,310,350.45209797215836,-40.452097972158356,40.452097972158356
2015-06-11,429,429.28746398302087,-0.28746398302087073,0.28746398302087073
2015-06-11,204,208.4870501815386,-4.487050181538592,4.487050181538592
2015-06-11,811,794.6562055656572,16.34379443434284,16.34379443434284
2015-06-11,294,387.79282341255083,-93.79282341255083,93.79282341255083
2015-06-11,335,262.1376352292066,72.86236477079342,72.86236477079342
2015-06-12,374,305.3172903333953,68.6827096666047,68.6827096666047
2015-06-12,256,261.36563394293114,-5.36563394293114,5.36563394293114
2015-06-12,1951,1921.3388233235423,29.66117667645767,29.66117667645767
2015-06-12,1565,1523.1202974307553,41.87970256924473,41.87970256924473
2015-06-12,399,390.3450993719456,8.654900628054406,8.654900628054406
2015-06-12,2742,2541.035378930309,200.96462106969102,200.96462106969102
2015-06-12,882,903.0024175019051,-21.002417501905143,21.002417501905143
2015-06-12,878,886.5022879966432,-8.50228799664319,8.50228799664319
2015-06-12,333,380.61968517328535,-47.61968517328535,47.61968517328535
2015-06-12,3934,4026.38267080178,-92.38267080178002,92.38267080178002
2015-06-12,599,576.7644096146797,22.23559038532028,22.23559038532028
2015-06-12,3880,3513.6269644091203,366.3730355908797,366.3730355908797
2015-06-12,973,1030.2604068766518,-57.260406876651814,57.260406876651814
2015-06-12,783,732.1242264703882,50.87577352961182,50.87577352961182
2015-06-12,385,369.9165058889942,15.083494111005791,15.083494111005791
2015-06-12,897,890.6821225624367,6.317877437563311,6.317877437563311
2015-06-12,1123,983.3184941081871,139.6815058918129,139.6815058918129
2015-06-12,2543,2612.7739957411736,-69.77399574117362,69.77399574117362
2015-06-12,961,932.454583093261,28.54541690673898,28.54541690673898
2015-06-12,2004,2214.864011992704,-210.86401199270404,210.86401199270404
2015-06-12,317,238.3116027424069,78.6883972575931,78.6883972575931
2015-06-12,312,327.1919994782806,-15.191999478280593,15.191999478280593
2015-06-12,2703,2450.3802511259914,252.61974887400856,252.61974887400856
2015-06-12,496,499.29416623628526,-3.294166236285264,3.294166236285264
2015-06-12,722,754.5178459777648,-32.51784597776475,32.51784597776475
2015-06-12,2723,2639.7734977929863,83.22650220701371,83.22650220701371
2015-06-12,426,403.92506622463276,22.074933775367242,22.074933775367242
2015-06-12,3148,3246.471587547365,-98.47158754736483,98.47158754736483
2015-06-12,1565,1699.956243514954,-134.95624351495394,134.95624351495394
2015-06-12,408,458.9756225916988,-50.97562259169882,50.97562259169882
2015-06-13,2846,2933.3715290470022,-87.37152904700224,87.37152904700224
2015-06-13,585,625.7618165917179,-40.76181659171789,40.76181659171789
2015-06-13,3725,3720.1504328840297,4.849567115970331,4.849567115970331
2015-06-13,1210,1201.957010774395,8.04298922560497,8.04298922560497
2015-06-13,2034,2194.3065506578428,-160.30655065784276,160.30655065784276
2015-06-13,3168,3460.549756884812,-292.5497568848118,292.5497568848118
2015-06-13,4571,4530.357261750202,40.64273824979773,40.64273824979773
2015-06-13,2871,3184.920336334155,-313.92033633415485,313.92033633415485
2015-06-13,1091,1105.3602336618808,-14.360233661880784,14.360233661880784
2015-06-13,1727,1724.024358029021,2.9756419709790407,2.9756419709790407
2015-06-13,846,938.9020908777579,-92.90209087775793,92.90209087775793
2015-06-13,1357,1205.4170646656557,151.58293533434426,151.58293533434426
2015-06-13,436,445.3992250928797,-9.399225092879703,9.399225092879703
2015-06-13,572,727.3887119913775,-155.38871199137748,155.38871199137748
2015-06-13,1185,1206.344159391576,-21.344159391576113,21.344159391576113
2015-06-13,449,414.5075198436835,34.4924801563165,34.4924801563165
2015-06-13,394,441.6444456202218,-47.6444456202218,47.6444456202218
2015-06-13,244,287.28555762981193,-43.28555762981193,43.28555762981193
2015-06-13,1083,1109.3255733777078,-26.32557337770777,26.32557337770777
2015-06-13,892,915.0778987387757,-23.07789873877573,23.07789873877573
2015-06-13,2532,2474.7272358132614,57.27276418673864,57.27276418673864
2015-06-13,2232,2751.1657475783763,-519.1657475783763,519.1657475783763
2015-06-13,445,422.2658087331637,22.73419126683632,22.73419126683632
2015-06-13,300,331.77552990203554,-31.775529902035544,31.775529902035544
2015-06-13,243,270.99934639261414,-27.999346392614143,27.999346392614143
2015-06-13,1126,1164.403848885831,-38.40384888583094,38.40384888583094
2015-06-13,521,521.3180178669389,-0.31801786693893064,0.31801786693893064
2015-06-13,2678,2410.3437350565737,267.6562649434263,267.6562649434263
2015-06-13,2934,3180.5249570086926,-246.52495700869258,246.52495700869258
2015-06-13,556,537.7033664632314,18.29663353676858,18.29663353676858
2015-06-14,276,224.74296174671258,51.25703825328742,51.25703825328742
2015-06-14,1318,1246.598298461052,71.40170153894792,71.40170153894792
2015-06-14,239,263.11303473536907,-24.11303473536907,24.11303473536907
2015-06-14,709,639.2229917423438,69.77700825765623,69.77700825765623
2015-06-14,388,360.46131536904204,27.53868463095796,27.53868463095796
2015-06-14,882,919.8027130900042,-37.802713090004204,37.802713090004204
2015-06-14,1082,1174.8679129218,-92.8679129218001,92.8679129218001
2015-06-14,2832,2503.850677740461,328.1493222595391,328.1493222595391
2015-06-14,1360,1216.366132899712,143.63386710028794,143.63386710028794
2015-06-14,1639,1745.992254582586,-106.99225458258593,106.99225458258593
2015-06-14,2813,2611.7882752250166,201.2117247749834,201.2117247749834
2015-06-14,335,392.2446696202072,-57.24466962020722,57.24466962020722
2015-06-14,412,435.22672592230094,-23.226725922300943,23.226725922300943
2015-06-14,5954,4995.155285496535,958.8447145034652,958.8447145034652
2015-06-14,949,909.2750417229623,39.72495827703767,39.72495827703767
2015-06-14,374,462.97427102550336,-88.97427102550336,88.97427102550336
2015-06-14,532,601.7370433728925,-69.73704337289246,69.73704337289246
2015-06-14,3051,2891.8271671751772,159.17283282482276,159.17283282482276
2015-06-14,929,1055.0821202560119,-126.08212025601188,126.08212025601188
2015-06-14,470,446.5964263157485,23.403573684251512,23.403573684251512
2015-06-14,3875,3404.112599132385,470.8874008676148,470.8874008676148
2015-06-14,3098,3005.643258177866,92.35674182213415,92.35674182213415
2015-06-14,1153,1126.1178660511807,26.882133948819273,26.882133948819273
2015-06-14,303,362.8801949776164,-59.880194977616384,59.880194977616384
2015-06-14,3343,2577.872195218634,765.1278047813662,765.1278047813662
2015-06-14,2065,2337.1543171434005,-272.1543171434005,272.1543171434005
2015-06-14,512,555.2035668195106,-43.20356681951057,43.20356681951057
2015-06-14,3952,3837.5510760178086,114.44892398219145,114.44892398219145
2015-06-14,3045,3152.637287248939,-107.63728724893917,107.63728724893917
2015-06-14,1091,1200.056153122965,-109.05615312296504,109.05615312296504
2015-06-15,727,767.629838074756,-40.62983807475598,40.62983807475598
2015-06-15,554,369.1255625349977,184.8744374650023,184.8744374650023
2015-06-15,851,916.9181864005277,-65.9181864005277,65.9181864005277
2015-06-15,4435,4269.886643924553,165.11335607544697,165.11335607544697
2015-06-15,585,607.4467808681226,-22.446780868122573,22.446780868122573
2015-06-15,212,244.29876655136502,-32.29876655136502,32.29876655136502
2015-06-15,820,801.2594227200497,18.740577279950344,18.740577279950344
2015-06-15,352,366.7386320562176,-14.738632056217625,14.738632056217625
2015-06-15,318,325.9570255123246,-7.957025512324606,7.957025512324606
2015-06-15,453,485.73857035443,-32.73857035443001,32.73857035443001
2015-06-15,522,356.66213907732214,165.33786092267786,165.33786092267786
2015-06-15,933,1043.0204090124316,-110.02040901243163,110.02040901243163
2015-06-15,320,259.3963147674755,60.603685232524526,60.603685232524526
2015-06-15,4056,3701.9142452916885,354.08575470831147,354.08575470831147
2015-06-15,213,250.56960936810464,-37.569609368104636,37.569609368104636
2015-06-15,5251,2686.820035857357,2564.179964142643,2564.179964142643
2015-06-15,1799,1875.3584613851153,-76.35846138511533,76.35846138511533
2015-06-15,3978,2295.5470870831296,1682.4529129168704,1682.4529129168704
2015-06-15,2398,2550.673981267283,-152.67398126728312,152.67398126728312
2015-06-15,5104,2749.0670274546856,2354.9329725453144,2354.9329725453144
2015-06-15,473,469.7536210925736,3.24637890742639,3.24637890742639
2015-06-15,988,933.6604365759146,54.33956342408544,54.33956342408544
2015-06-15,650,678.9885672083567,-28.9885672083567,28.9885672083567
2015-06-15,270,331.9976988654791,-61.997698865479094,61.997698865479094
2015-06-15,3048,2990.933957621192,57.066042378808106,57.066042378808106
2015-06-15,2630,2399.026449152427,230.97355084757282,230.97355084757282
2015-06-15,1960,1936.7066330834873,23.293366916512696,23.293366916512696
2015-06-15,1124,1026.176868779326,97.82313122067399,97.82313122067399
2015-06-15,1664,1565.656209416079,98.34379058392096,98.34379058392096
2015-06-15,892,864.8256237793896,27.174376220610384,27.174376220610384
2015-06-16,893,834.0679461812623,58.9320538187377,58.9320538187377
2015-06-16,256,201.39688105075757,54.60311894924243,54.60311894924243
2015-06-16,549,602.1211633054382,-53.121163305438245,53.121163305438245
2015-06-16,2054,2091.4243333278846,-37.4243333278846,37.4243333278846
2015-06-16,527,465.18309102081,61.816908979189975,61.816908979189975
2015-06-16,624,641.3655765863991,-17.36557658639913,17.36557658639913
2015-06-16,675,1012.3717531696205,-337.37175316962055,337.37175316962055
2015-06-16,1419,1442.3013678239251,-23.301367823925148,23.301367823925148
2015-06-16,349,276.36332920980635,72.63667079019365,72.63667079019365
2015-06-16,3589,3947.317528004575,-358.3175280045748,358.3175280045748
2015-06-16,186,352.150274961199,-166.150274961199,166.150274961199
2015-06-16,395,352.77589924842357,42.22410075157643,42.22410075157643
2015-06-16,493,807.0707720668848,-314.07077206688484,314.07077206688484
2015-06-16,2697,3013.1119913696275,-316.1119913696275,316.1119913696275
2015-06-16,227,281.60565896161614,-54.60565896161614,54.60565896161614
2015-06-16,421,546.4639979436364,-125.4639979436364,125.4639979436364
2015-06-16,751,842.3364530334048,-91.33645303340484,91.33645303340484
2015-06-16,1398,1672.9461866743404,-274.9461866743404,274.9461866743404
2015-06-16,1667,1726.8821249247821,-59.88212492478215,59.88212492478215
2015-06-16,208,350.2189671135781,-142.21896711357812,142.21896711357812
2015-06-16,158,223.91184335569656,-65.91184335569656,65.91184335569656
2015-06-16,1658,2704.8870544454876,-1046.8870544454876,1046.8870544454876
2015-06-16,734,859.464086881701,-125.46408688170095,125.46408688170095
2015-06-16,1507,2605.500994752633,-1098.5009947526328,1098.5009947526328
2015-06-16,1852,2241.5952298960788,-389.59522989607876,389.59522989607876
2015-06-16,2413,2021.867984387182,391.1320156128179,391.1320156128179
2015-06-16,737,735.1163663194933,1.8836336805067049,1.8836336805067049
2015-06-16,409,475.6296612159237,-66.6296612159237,66.6296612159237
2015-06-16,362,314.9982954202066,47.0017045797934,47.0017045797934
2015-06-16,2490,2680.5211063978504,-190.52110639785042,190.52110639785042
2015-06-17,380,309.3082035030308,70.69179649696918,70.69179649696918
2015-06-17,2566,2501.0651140577706,64.93488594222936,64.93488594222936
2015-06-17,1591,2097.560758404646,-506.5607584046461,506.5607584046461
2015-06-17,2080,2069.173137051867,10.826862948133112,10.826862948133112
2015-06-17,562,820.4640879953201,-258.46408799532014,258.46408799532014
2015-06-17,155,223.60544319904528,-68.60544319904528,68.60544319904528
2015-06-17,863,904.5377381829217,-41.53773818292166,41.53773818292166
2015-06-17,1754,2076.201245230691,-322.2012452306908,322.2012452306908
2015-06-17,2382,2657.920930360596,-275.9209303605958,275.9209303605958
2015-06-17,516,474.607290797693,41.392709202307,41.392709202307
2015-06-17,329,351.1919065601903,-22.19190656019032,22.19190656019032
2015-06-17,1826,2028.651689908583,-202.65168990858297,202.65168990858297
2015-06-17,1780,1676.1813586684355,103.81864133156455,103.81864133156455
2015-06-17,820,875.6411372292276,-55.64113722922764,55.64113722922764
2015-06-17,488,455.74348694806736,32.25651305193264,32.25651305193264
2015-06-17,789,869.047551668366,-80.04755166836605,80.04755166836605
2015-06-17,1340,1398.847124157795,-58.84712415779495,58.84712415779495
2015-06-17,359,371.93020712327956,-12.930207123279558,12.930207123279558
2015-06-17,211,347.1596509504359,-136.1596509504359,136.1596509504359
2015-06-17,796,798.090421032116,-2.0904210321159553,2.0904210321159553
2015-06-17,298,306.4540882844111,-8.454088284411114,8.454088284411114
2015-06-17,1441,2033.4565121534067,-592.4565121534067,592.4565121534067
2015-06-17,639,649.6766851619427,-10.676685161942714,10.676685161942714
2015-06-17,3494,3538.5746639582107,-44.57466395821075,44.57466395821075
2015-06-17,183,207.26025830810784,-24.260258308107836,24.260258308107836
2015-06-17,725,531.2018998006093,193.79810019939066,193.79810019939066
2015-06-17,637,614.4224076332762,22.57759236672382,22.57759236672382
2015-06-17,787,735.7667321846459,51.23326781535411,51.23326781535411
2015-06-17,175,241.38031713539962,-66.38031713539962,66.38031713539962
2015-06-17,1512,1500.1833294502835,11.816670549716491,11.816670549716491
2015-06-18,1446,1395.085242501131,50.914757498868994,50.914757498868994
2015-06-18,420,336.5025288439207,83.49747115607931,83.49747115607931
2015-06-18,1693,2003.6997426202615,-310.69974262026153,310.69974262026153
2015-06-18,2592,2490.3759837275747,101.62401627242525,101.62401627242525
2015-06-18,2745,2428.3502634967967,316.64973650320326,316.64973650320326
2015-06-18,314,314.6665448726135,-0.6665448726134855,0.6665448726134855
2015-06-18,444,361.7874606204179,82.2125393795821,82.2125393795821
2015-06-18,487,568.5400348118304,-81.54003481183042,81.54003481183042
2015-06-18,273,208.32889484935708,64.67110515064292,64.67110515064292
2015-06-18,834,730.2324780628974,103.76752193710263,103.76752193710263
2015-06-18,239,268.30999892008055,-29.309998920080545,29.309998920080545
2015-06-18,3778,3667.149025799646,110.8509742003539,110.8509742003539
2015-06-18,2050,2115.952413936339,-65.95241393633887,65.95241393633887
2015-06-18,1873,1896.5408391358187,-23.540839135818715,23.540839135818715
2015-06-18,989,889.2228319825134,99.77716801748659,99.77716801748659
2015-06-18,958,821.161388076145,136.83861192385496,136.83861192385496
2015-06-18,803,795.5252476684644,7.474752331535569,7.474752331535569
2015-06-18,200,196.2086901065411,3.7913098934589016,3.7913098934589016
2015-06-18,861,836.527645646909,24.472354353090964,24.472354353090964
2015-06-18,820,741.6719049869895,78.32809501301051,78.32809501301051
2015-06-18,468,441.954794207379,26.045205792621005,26.045205792621005
2015-06-18,2257,2061.6187142643575,195.38128573564245,195.38128573564245
2015-06-18,519,433.7256519385104,85.2743480614896,85.2743480614896
2015-06-18,656,625.7210017109156,30.27899828908437,30.27899828908437
2015-06-18,288,322.95796131470644,-34.95796131470644,34.95796131470644
2015-06-18,1467,1497.9539391666922,-30.95393916669218,30.95393916669218
2015-06-18,642,622.5981399659698,19.401860034030165,19.401860034030165
2015-06-18,1965,1722.582755695542,242.4172443044581,242.4172443044581
2015-06-18,2020,2031.5108554945052,-11.510855494505222,11.510855494505222
2015-06-18,324,324.02150384983673,-0.02150384983673348,0.02150384983673348
2015-06-19,566,635.8793600013524,-69.87936000135244,69.87936000135244
2015-06-19,396,374.5536037867576,21.446396213242394,21.446396213242394
2015-06-19,438,400.9581883753561,37.04181162464391,37.04181162464391
2015-06-19,543,525.8548371602153,17.14516283978469,17.14516283978469
2015-06-19,501,423.7525888308924,77.24741116910758,77.24741116910758
2015-06-19,2227,2444.1143627209412,-217.11436272094124,217.11436272094124
2015-06-19,3170,3109.4440159514475,60.555984048552546,60.555984048552546
2015-06-19,841,906.137207208538,-65.13720720853803,65.13720720853803
2015-06-19,1004,1053.3730577381855,-49.37305773818548,49.37305773818548
2015-06-19,813,901.0921373003087,-88.09213730030865,88.09213730030865
2015-06-19,2341,1953.2288738848347,387.7711261151653,387.7711261151653
2015-06-19,291,275.83564485132035,15.164355148679647,15.164355148679647
2015-06-19,252,293.25560150778915,-41.25560150778915,41.25560150778915
2015-06-19,1488,1622.1789405093612,-134.17894050936115,134.17894050936115
2015-06-19,2285,2488.351411065175,-203.35141106517494,203.35141106517494
2015-06-19,830,756.1974428166625,73.80255718333751,73.80255718333751
2015-06-19,1067,982.9339416474866,84.06605835251344,84.06605835251344
2015-06-19,860,770.1144631122868,89.88553688771322,89.88553688771322
2015-06-19,2563,2823.512507684807,-260.51250768480713,260.51250768480713
2015-06-19,1082,986.6957197871839,95.30428021281614,95.30428021281614
2015-06-19,278,253.55290820743375,24.447091792566255,24.447091792566255
2015-06-19,1818,1923.9179273974867,-105.91792739748666,105.91792739748666
2015-06-19,864,910.4765837656441,-46.476583765644136,46.476583765644136
2015-06-19,2307,2109.8342553358007,197.16574466419934,197.16574466419934
2015-06-19,451,485.21391134682403,-34.213911346824034,34.213911346824034
2015-06-19,306,351.57111750559096,-45.57111750559096,45.57111750559096
2015-06-19,1538,1568.4352173787802,-30.43521737878018,30.43521737878018
2015-06-19,418,363.8321426479843,54.16785735201569,54.16785735201569
2015-06-19,2606,2336.0244625850432,269.97553741495676,269.97553741495676
2015-06-19,3685,4016.6964687065283,-331.6964687065283,331.6964687065283
2015-06-20,1029,1079.8313066589146,-50.83130665891463,50.83130665891463
2015-06-20,2297,2286.7690384014786,10.23096159852139,10.23096159852139
2015-06-20,556,566.3237229455262,-10.323722945526242,10.323722945526242
2015-06-20,2777,2783.0971652145954,-6.097165214595407,6.097165214595407
2015-06-20,415,442.37438390228317,-27.37438390228317,27.37438390228317
2015-06-20,879,886.9572043627,-7.957204362700054,7.957204362700054
2015-06-20,1241,1209.5302812011223,31.469718798877693,31.469718798877693
2015-06-20,424,461.3950105089219,-37.39501050892193,37.39501050892193
2015-06-20,1145,1072.1761299704394,72.82387002956057,72.82387002956057
2015-06-20,314,310.13559799390544,3.864402006094565,3.864402006094565
2015-06-20,342,296.5348494335073,45.465150566492696,45.465150566492696
2015-06-20,388,454.3446964922307,-66.3446964922307,66.3446964922307
2015-06-20,2753,2468.8348493924113,284.16515060758866,284.16515060758866
2015-06-20,2444,2319.049129084711,124.95087091528922,124.95087091528922
2015-06-20,781,924.7517410232003,-143.75174102320034,143.75174102320034
2015-06-20,3652,3671.4965948781182,-19.49659487811823,19.49659487811823
2015-06-20,526,546.8181261999479,-20.81812619994787,20.81812619994787
2015-06-20,1164,1151.2918051825757,12.708194817424328,12.708194817424328
2015-06-20,1972,1672.836524492761,299.1634755072389,299.1634755072389
2015-06-20,2803,2748.2604003388055,54.73959966119446,54.73959966119446
2015-06-20,490,457.0010590384037,32.998940961596304,32.998940961596304
2015-06-20,1258,1161.9428063116054,96.05719368839459,96.05719368839459
2015-06-20,1118,1110.653106932514,7.346893067486008,7.346893067486008
2015-06-20,1959,1917.1961178136903,41.80388218630969,41.80388218630969
2015-06-20,708,697.6847599429909,10.315240057009078,10.315240057009078
2015-06-20,2914,2879.9416739563253,34.0583260436747,34.0583260436747
2015-06-20,4554,4299.873849644389,254.12615035561066,254.12615035561066
2015-06-20,2498,2581.167067439326,-83.16706743932582,83.16706743932582
2015-06-20,241,240.7393498087119,0.2606501912881072,0.2606501912881072
2015-06-20,613,634.0277286113063,-21.027728611306316,21.027728611306316
2015-06-21,238,209.81475639503574,28.185243604964256,28.185243604964256
2015-06-21,3011,2464.7770835876695,546.2229164123305,546.2229164123305
2015-06-21,777,943.0023718076841,-166.00237180768409,166.00237180768409
2015-06-21,1066,1131.4772855023218,-65.47728550232182,65.47728550232182
2015-06-21,491,377.55541967799024,113.44458032200976,113.44458032200976
2015-06-21,4193,4759.531030836419,-566.5310308364187,566.5310308364187
2015-06-21,1040,1242.0972866098134,-202.0972866098134,202.0972866098134
2015-06-21,503,498.61396256588506,4.3860374341149395,4.3860374341149395
2015-06-21,2256,2408.665452898746,-152.66545289874603,152.66545289874603
2015-06-21,701,889.228178822484,-188.22817882248398,188.22817882248398
2015-06-21,755,830.9496392535734,-75.94963925357342,75.94963925357342
2015-06-21,1734,1746.5764055112168,-12.576405511216763,12.576405511216763
2015-06-21,2531,2425.9478434198572,105.05215658014276,105.05215658014276
2015-06-21,345,351.7431037578441,-6.743103757844096,6.743103757844096
2015-06-21,264,262.38543525084657,1.6145647491534305,1.6145647491534305
2015-06-21,336,426.96060278828503,-90.96060278828503,90.96060278828503
2015-06-21,353,319.6432122167475,33.356787783252514,33.356787783252514
2015-06-21,2657,2815.3755114138544,-158.37551141385438,158.37551141385438
2015-06-21,1061,1148.6644387702877,-87.66443877028769,87.66443877028769
2015-06-21,426,434.033457298,-8.033457297999973,8.033457297999973
2015-06-21,1003,1120.0154578415895,-117.01545784158952,117.01545784158952
2015-06-21,1207,1151.8824524253025,55.11754757469748,55.11754757469748
2015-06-21,2597,2797.3350642231435,-200.3350642231435,200.3350642231435
2015-06-21,3342,3771.53038924493,-429.5303892449301,429.5303892449301
2015-06-21,714,689.0361957955716,24.963804204428357,24.963804204428357
2015-06-21,336,414.9024269224016,-78.90242692240162,78.90242692240162
2015-06-21,499,583.370414731957,-84.370414731957,84.370414731957
2015-06-21,1832,2058.6061552953624,-226.60615529536244,226.60615529536244
2015-06-21,2635,2468.128487623751,166.87151237624903,166.87151237624903
2015-06-21,2510,2649.7023549008927,-139.70235490089271,139.70235490089271
2015-06-22,1892,2226.0011167249804,-334.0011167249804,334.0011167249804
2015-06-22,759,693.2599154214552,65.74008457854484,65.74008457854484
2015-06-22,330,277.09045627892135,52.90954372107865,52.90954372107865
2015-06-22,571,633.9267951914992,-62.926795191499195,62.926795191499195
2015-06-22,2219,2503.0784218222543,-284.0784218222543,284.0784218222543
2015-06-22,946,760.1313889246043,185.86861107539573,185.86861107539573
2015-06-22,2863,2943.581203220682,-80.5812032206818,80.5812032206818
2015-06-22,3999,4129.979320484377,-130.97932048437724,130.97932048437724
2015-06-22,2393,2254.166231835593,138.83376816440705,138.83376816440705
2015-06-22,910,962.1353291099282,-52.13532910992819,52.13532910992819
2015-06-22,843,904.5433497552579,-61.54334975525785,61.54334975525785
2015-06-22,178,223.6763270985209,-45.676327098520886,45.676327098520886
2015-06-22,490,439.5819647567498,50.41803524325019,50.41803524325019
2015-06-22,810,879.2992114227477,-69.2992114227477,69.2992114227477
2015-06-22,506,635.3199821114121,-129.31998211141206,129.31998211141206
2015-06-22,231,208.31715749327722,22.68284250672278,22.68284250672278
2015-06-22,965,860.6460741078066,104.35392589219339,104.35392589219339
2015-06-22,1926,1976.453206784916,-50.45320678491589,50.45320678491589
2015-06-22,1416,1549.0716979484423,-133.0716979484423,133.0716979484423
2015-06-22,1774,1733.8284147177942,40.1715852822058,40.1715852822058
2015-06-22,378,324.81667177345867,53.183328226541335,53.183328226541335
2015-06-22,321,359.5858974954681,-38.58589749546809,38.58589749546809
2015-06-22,356,356.68033933852206,-0.6803393385220602,0.6803393385220602
2015-06-22,894,1008.2177820973754,-114.21778209737545,114.21778209737545
2015-06-22,2152,2365.707676860506,-213.70767686050613,213.70767686050613
2015-06-22,532,493.5294159894177,38.470584010582286,38.470584010582286
2015-06-22,1744,2090.0791018038503,-346.07910180385034,346.07910180385034
2015-06-22,353,349.32936641876347,3.6706335812365296,3.6706335812365296
2015-06-22,275,326.4306443653051,-51.43064436530511,51.43064436530511
2015-06-22,1820,1847.848903305623,-27.848903305623026,27.848903305623026
2015-06-23,217,205.2214656754947,11.778534324505301,11.778534324505301
2015-06-23,258,298.51404420210116,-40.51404420210116,40.51404420210116
2015-06-23,294,325.7168092655765,-31.7168092655765,31.7168092655765
2015-06-23,2142,1949.0179142413967,192.98208575860326,192.98208575860326
2015-06-23,2013,1929.3195616785436,83.68043832145645,83.68043832145645
2015-06-23,2893,2456.268400992629,436.7315990073712,436.7315990073712
2015-06-23,2166,2180.9838837332595,-14.983883733259518,14.983883733259518
2015-06-23,519,471.62978456293666,47.37021543706334,47.37021543706334
2015-06-23,294,275.2848993484026,18.715100651597425,18.715100651597425
2015-06-23,783,728.68891806188,54.31108193811997,54.31108193811997
2015-06-23,1996,1913.7527882538398,82.24721174616025,82.24721174616025
2015-06-23,810,817.7952923614306,-7.795292361430597,7.795292361430597
2015-06-23,234,207.61763790148797,26.382362098512033,26.382362098512033
2015-06-23,1784,1703.8863109735116,80.11368902648837,80.11368902648837
2015-06-23,1924,1764.2633090433983,159.7366909566017,159.7366909566017
2015-06-23,926,819.7773741669057,106.2226258330943,106.2226258330943
2015-06-23,216,252.8527055753389,-36.85270557533889,36.85270557533889
2015-06-23,886,884.5556433634295,1.4443566365705465,1.4443566365705465
2015-06-23,326,378.94030606490344,-52.94030606490344,52.94030606490344
2015-06-23,1649,1684.132678815567,-35.13267881556703,35.13267881556703
2015-06-23,625,560.6618325130721,64.33816748692789,64.33816748692789
2015-06-23,347,316.5665547200555,30.43344527994452,30.43344527994452
2015-06-23,862,743.2422246775466,118.75777532245343,118.75777532245343
2015-06-23,1441,1435.7616142058873,5.2383857941126735,5.2383857941126735
2015-06-23,517,551.6799536846714,-34.67995368467143,34.67995368467143
2015-06-23,480,427.7926925537553,52.20730744624473,52.20730744624473
2015-06-23,702,632.6806913269274,69.31930867307256,69.31930867307256
2015-06-23,692,776.0741343754262,-84.07413437542618,84.07413437542618
2015-06-23,1566,1548.904318329026,17.095681670974045,17.095681670974045
2015-06-23,3509,3404.555772039522,104.4442279604782,104.4442279604782
2015-06-24,283,235.49613370675655,47.50386629324345,47.50386629324345
2015-06-24,819,721.1181402231682,97.88185977683179,97.88185977683179
2015-06-24,210,196.3870006285064,13.6129993714936,13.6129993714936
2015-06-24,511,499.78283265549163,11.217167344508368,11.217167344508368
2015-06-24,231,204.25216386786204,26.747836132137962,26.747836132137962
2015-06-24,574,595.4982088673628,-21.49820886736279,21.49820886736279
2015-06-24,273,319.38565410160396,-46.38565410160396,46.38565410160396
2015-06-24,1817,1682.1153782661418,134.88462173385824,134.88462173385824
2015-06-24,1998,1907.907661520932,90.09233847906808,90.09233847906808
2015-06-24,395,306.2422111328248,88.75778886717518,88.75778886717518
2015-06-24,345,277.37150283130586,67.62849716869414,67.62849716869414
2015-06-24,274,304.32737797314644,-30.32737797314644,30.32737797314644
2015-06-24,1481,1519.8991381110125,-38.89913811101246,38.89913811101246
2015-06-24,884,825.67248270744,58.327517292559946,58.327517292559946
2015-06-24,1773,1697.0666579733022,75.9333420266978,75.9333420266978
2015-06-24,2456,2511.6905984259943,-55.69059842599427,55.69059842599427
2015-06-24,721,780.2172585970195,-59.21725859701951,59.21725859701951
2015-06-24,1320,1370.383293072503,-50.383293072502966,50.383293072502966
2015-06-24,428,581.7959198630017,-153.7959198630017,153.7959198630017
2015-06-24,420,448.9513171868771,-28.951317186877077,28.951317186877077
2015-06-24,2061,1998.439811123223,62.56018887677692,62.56018887677692
2015-06-24,3330,3301.3124048015948,28.687595198405234,28.687595198405234
2015-06-24,845,840.6245360020741,4.375463997925863,4.375463997925863
2015-06-24,2051,1893.047281681875,157.9527183181251,157.9527183181251
2015-06-24,783,865.4912356089487,-82.49123560894873,82.49123560894873
2015-06-24,404,321.73568595717177,82.26431404282823,82.26431404282823
2015-06-24,1667,1736.2336983275595,-69.23369832755952,69.23369832755952
2015-06-24,1946,2134.1755600387696,-188.17556003876962,188.17556003876962
2015-06-24,633,605.1572893645022,27.842710635497838,27.842710635497838
2015-06-24,689,764.4839153686816,-75.48391536868155,75.48391536868155
2015-06-25,592,574.3692669125288,17.630733087471185,17.630733087471185
2015-06-25,304,340.6109485524263,-36.610948552426294,36.610948552426294
2015-06-25,1406,1378.9290895077404,27.0709104922596,27.0709104922596
2015-06-25,1842,1708.2402200755628,133.75977992443723,133.75977992443723
2015-06-25,738,833.9766880673658,-95.97668806736579,95.97668806736579
2015-06-25,2021,2003.8993524212444,17.10064757875557,17.10064757875557
2015-06-25,779,732.4267768711957,46.57322312880433,46.57322312880433
2015-06-25,825,807.1915256232431,17.808474376756863,17.808474376756863
2015-06-25,246,200.71709262210513,45.28290737789487,45.28290737789487
2015-06-25,2032,1948.1232857126386,83.87671428736144,83.87671428736144
2015-06-25,515,481.2095996008021,33.79040039919789,33.79040039919789
2015-06-25,3751,3411.17864822373,339.82135177627015,339.82135177627015
2015-06-25,1947,1951.9227047225647,-4.922704722564731,4.922704722564731
2015-06-25,579,598.3698869622825,-19.36988696228252,19.36988696228252
2015-06-25,289,266.0670445869561,22.932955413043885,22.932955413043885
2015-06-25,266,311.09950765619135,-45.09950765619135,45.09950765619135
2015-06-25,805,774.0050042181463,30.99499578185373,30.99499578185373
2015-06-25,1722,1680.8387134763495,41.16128652365046,41.16128652365046
2015-06-25,1716,1697.726319314865,18.273680685135105,18.273680685135105
2015-06-25,1965,2061.1639459365774,-96.16394593657742,96.16394593657742
2015-06-25,2653,2432.9197567378214,220.08024326217856,220.08024326217856
2015-06-25,389,323.938824002723,65.06117599727702,65.06117599727702
2015-06-25,471,442.6864604206041,28.313539579395922,28.313539579395922
2015-06-25,179,215.316735656222,-36.316735656221994,36.316735656221994
2015-06-25,305,308.8841237776061,-3.884123777606078,3.884123777606078
2015-06-25,801,769.2854493815768,31.71455061842323,31.71455061842323
2015-06-25,890,879.8700995247106,10.129900475289446,10.129900475289446
2015-06-25,1570,1466.5876984907127,103.41230150928732,103.41230150928732
2015-06-25,345,353.49607685453833,-8.49607685453833,8.49607685453833
2015-06-25,433,430.06439333644784,2.9356066635521643,2.9356066635521643
2015-06-26,539,573.8636058234406,-34.863605823440594,34.863605823440594
2015-06-26,459,429.38918566456107,29.61081433543893,29.61081433543893
2015-06-26,2252,2341.355094586176,-89.35509458617616,89.35509458617616
2015-06-26,2113,2109.3916494269474,3.608350573052576,3.608350573052576
2015-06-26,552,500.1361497026296,51.86385029737039,51.86385029737039
2015-06-26,3908,3671.273137762605,236.72686223739493,236.72686223739493
2015-06-26,385,363.0598181355691,21.940181864430883,21.940181864430883
2015-06-26,1873,1816.613408617251,56.386591382748975,56.386591382748975
2015-06-26,866,846.7614802204168,19.238519779583157,19.238519779583157
2015-06-26,2058,2347.573077841076,-289.57307784107616,289.57307784107616
2015-06-26,236,251.5439911834906,-15.54399118349059,15.54399118349059
2015-06-26,996,995.2708780894934,0.729121910506592,0.729121910506592
2015-06-26,1667,1843.0014288110258,-176.0014288110258,176.0014288110258
2015-06-26,253,252.15436001564265,0.8456399843573479,0.8456399843573479
2015-06-26,385,332.38703107804497,52.61296892195503,52.61296892195503
2015-06-26,1812,1507.5312064159727,304.46879358402725,304.46879358402725
2015-06-26,808,760.1248725636906,47.87512743630941,47.87512743630941
2015-06-26,346,390.48066607033843,-44.48066607033843,44.48066607033843
2015-06-26,827,873.2372359902646,-46.237235990264594,46.237235990264594
2015-06-26,438,441.76855570427347,-3.768555704273467,3.768555704273467
2015-06-26,2776,3017.736669324423,-241.73666932442302,241.73666932442302
2015-06-26,1020,1024.0763229733936,-4.076322973393644,4.076322973393644
2015-06-26,924,846.4593403590297,77.54065964097026,77.54065964097026
2015-06-26,349,391.07049475205474,-42.07049475205474,42.07049475205474
2015-06-26,226,296.05082674461204,-70.05082674461204,70.05082674461204
2015-06-26,682,743.3163577147078,-61.316357714707806,61.316357714707806
2015-06-26,2290,1933.2885473494725,356.71145265052746,356.71145265052746
2015-06-26,1622,1596.1617769594052,25.838223040594812,25.838223040594812
2015-06-26,2258,2201.9534287380457,56.04657126195434,56.04657126195434
2015-06-26,1025,926.8805345466401,98.11946545335991,98.11946545335991
2015-06-27,2018,2163.986943638178,-145.98694363817822,145.98694363817822
2015-06-27,1063,1105.5199044280682,-42.51990442806823,42.51990442806823
2015-06-27,3487,3495.636185240337,-8.636185240337,8.636185240337
2015-06-27,419,378.06567186558914,40.93432813441086,40.93432813441086
2015-06-27,1238,1184.5121146060314,53.487885393968554,53.487885393968554
2015-06-27,2094,2084.341060377173,9.658939622826892,9.658939622826892
2015-06-27,1101,1043.1990190960855,57.80098090391448,57.80098090391448
2015-06-27,1666,1903.2451515725536,-237.2451515725536,237.2451515725536
2015-06-27,3125,2579.0771896051065,545.9228103948935,545.9228103948935
2015-06-27,603,604.0943456949528,-1.0943456949528354,1.0943456949528354
2015-06-27,2526,2420.06592212721,105.93407787279011,105.93407787279011
2015-06-27,414,394.20747598991824,19.792524010081763,19.792524010081763
2015-06-27,2629,2538.2576394419375,90.7423605580625,90.7423605580625
2015-06-27,484,417.99116170438646,66.00883829561354,66.00883829561354
2015-06-27,1331,1211.7173613738375,119.28263862616245,119.28263862616245
2015-06-27,190,271.87092900739026,-81.87092900739026,81.87092900739026
2015-06-27,2243,2546.639393110778,-303.6393931107782,303.6393931107782
2015-06-27,533,562.0064463602993,-29.006446360299265,29.006446360299265
2015-06-27,275,299.2558187385949,-24.255818738594883,24.255818738594883
2015-06-27,1156,1031.511773187227,124.48822681277306,124.48822681277306
2015-06-27,796,938.588024997054,-142.58802499705405,142.58802499705405
2015-06-27,518,514.1637577007891,3.8362422992108804,3.8362422992108804
2015-06-27,4446,4485.175620172411,-39.17562017241107,39.17562017241107
2015-06-27,831,837.6366417999409,-6.6366417999408895,6.6366417999408895
2015-06-27,426,461.9873389022401,-35.98733890224008,35.98733890224008
2015-06-27,2067,1993.1720093351983,73.82799066480175,73.82799066480175
2015-06-27,1116,1154.850862639214,-38.85086263921403,38.85086263921403
2015-06-27,219,232.31818338334702,-13.31818338334702,13.31818338334702
2015-06-27,590,627.2570858962902,-37.257085896290164,37.257085896290164
2015-06-27,2609,2763.245472700783,-154.245472700783,154.245472700783
2015-06-28,186,210.8959857112736,-24.895985711273596,24.895985711273596
2015-06-28,547,526.9491906654916,20.050809334508358,20.050809334508358
2015-06-28,2118,2349.637741603126,-231.63774160312596,231.63774160312596
2015-06-28,266,238.61783480888016,27.38216519111984,27.38216519111984
2015-06-28,2537,2607.846547772908,-70.8465477729078,70.8465477729078
2015-06-28,1295,1138.961102690139,156.0388973098611,156.0388973098611
2015-06-28,1064,1106.7514676100718,-42.75146761007181,42.75146761007181
2015-06-28,390,380.35427812053547,9.645721879464531,9.645721879464531
2015-06-28,684,558.5472574828079,125.45274251719206,125.45274251719206
2015-06-28,2596,2591.8915359719367,4.108464028063281,4.108464028063281
2015-06-28,2199,2379.5886860756746,-180.58868607567456,180.58868607567456
2015-06-28,2061,1882.0395075268798,178.9604924731202,178.9604924731202
2015-06-28,3661,3701.3044348293934,-40.30443482939336,40.30443482939336
2015-06-28,845,834.1062402185999,10.89375978140015,10.89375978140015
2015-06-28,2596,2691.9024841762484,-95.90248417624844,95.90248417624844
2015-06-28,454,382.28628044078266,71.71371955921734,71.71371955921734
2015-06-28,766,642.0838756442432,123.91612435575678,123.91612435575678
2015-06-28,1791,1727.5429892985446,63.457010701455374,63.457010701455374
2015-06-28,1069,1092.3968265466124,-23.396826546612374,23.396826546612374
2015-06-28,4669,4648.816999015978,20.18300098402233,20.18300098402233
2015-06-28,789,913.5054443985638,-124.50544439856378,124.50544439856378
2015-06-28,1333,1256.1954024774975,76.80459752250249,76.80459752250249
2015-06-28,2189,2106.26254221015,82.73745778984994,82.73745778984994
2015-06-28,1431,1220.0476318534372,210.95236814656278,210.95236814656278
2015-06-28,312,316.0154928982245,-4.015492898224522,4.015492898224522
2015-06-28,3029,2680.401969266647,348.59803073335297,348.59803073335297
2015-06-28,401,412.8240943180151,-11.824094318015113,11.824094318015113
2015-06-28,856,819.5120653056075,36.48793469439249,36.48793469439249
2015-06-28,360,344.0840255897556,15.915974410244417,15.915974410244417
2015-06-28,452,400.79090213675477,51.20909786324523,51.20909786324523
2015-06-29,733,582.9504093579808,150.0495906420192,150.0495906420192
2015-06-29,334,351.3243721380332,-17.324372138033198,17.324372138033198
2015-06-29,293,366.2287459292956,-73.2287459292956,73.2287459292956
2015-06-29,935,1016.4353484088463,-81.43534840884627,81.43534840884627
2015-06-29,428,367.7455449380742,60.254455061925796,60.254455061925796
2015-06-29,518,482.9531323478115,35.046867652188496,35.046867652188496
2015-06-29,780,880.4127719921561,-100.41277199215608,100.41277199215608
2015-06-29,900,1081.079495691875,-181.07949569187508,181.07949569187508
2015-06-29,704,631.7056287323544,72.2943712676456,72.2943712676456
2015-06-29,270,220.9307743039681,49.06922569603191,49.06922569603191
2015-06-29,309,324.13033679273633,-15.13033679273633,15.13033679273633
2015-06-29,262,278.0557257992964,-16.055725799296397,16.055725799296397
2015-06-29,2040,2263.9004207876596,-223.90042078765964,223.90042078765964
2015-06-29,1695,1752.0442349095297,-57.04423490952968,57.04423490952968
2015-06-29,3799,3710.019571728802,88.98042827119798,88.98042827119798
2015-06-29,792,864.5972846507541,-72.59728465075409,72.59728465075409
2015-06-29,558,508.65583526201453,49.344164737985466,49.344164737985466
2015-06-29,1518,1497.9337705471605,20.06622945283948,20.06622945283948
2015-06-29,391,339.78444635058054,51.21555364941946,51.21555364941946
2015-06-29,2038,2128.93037040738,-90.93037040738,90.93037040738
2015-06-29,220,204.1053576439157,15.89464235608429,15.89464235608429
2015-06-29,735,755.1294781251357,-20.129478125135734,20.129478125135734
2015-06-29,2109,2009.7421637220273,99.25783627797273,99.25783627797273
2015-06-29,1945,2037.5391921957162,-92.53919219571617,92.53919219571617
2015-06-29,2426,2830.470276884449,-404.47027688444905,404.47027688444905
2015-06-29,2010,2214.3818298413444,-204.38182984134437,204.38182984134437
2015-06-29,1790,1825.9485329303814,-35.94853293038136,35.94853293038136
2015-06-29,1575,1728.2778857787011,-153.27788577870115,153.27788577870115
2015-06-29,860,892.52007038512,-32.52007038511999,32.52007038511999
2015-06-29,961,1077.6286699478571,-116.62866994785713,116.62866994785713
2015-06-30,922,882.4562516102819,39.543748389718075,39.543748389718075
2015-06-30,251,249.82096212834543,1.1790378716545717,1.1790378716545717
2015-06-30,315,280.963193072701,34.03680692729898,34.03680692729898
2015-06-30,1823,1792.2780838054955,30.7219161945045,30.7219161945045
2015-06-30,320,311.1955035283567,8.80449647164329,8.80449647164329
2015-06-30,467,492.62038475096483,-25.62038475096483,25.62038475096483
2015-06-30,1944,1963.5312232724254,-19.53122327242545,19.53122327242545
2015-06-30,1908,1891.8756539434753,16.1243460565247,16.1243460565247
2015-06-30,634,720.891001626877,-86.89100162687703,86.89100162687703
2015-06-30,338,322.6728644058199,15.327135594180106,15.327135594180106
2015-06-30,1959,1916.4274389658917,42.572561034108276,42.572561034108276
2015-06-30,221,306.6617942880509,-85.66179428805088,85.66179428805088
2015-06-30,365,213.89582446991975,151.10417553008025,151.10417553008025
2015-06-30,1483,1401.6714986140335,81.32850138596655,81.32850138596655
2015-06-30,1714,1783.0334453070652,-69.03344530706522,69.03344530706522
2015-06-30,646,651.4644066077774,-5.464406607777391,5.464406607777391
2015-06-30,2615,2513.5449660319696,101.45503396803042,101.45503396803042
2015-06-30,241,220.6519936293893,20.348006370610705,20.348006370610705
2015-06-30,847,834.2019015711114,12.79809842888858,12.79809842888858
2015-06-30,1568,1588.7854041577016,-20.785404157701578,20.785404157701578
2015-06-30,1575,1700.748965353838,-125.748965353838,125.748965353838
2015-06-30,422,326.6554089598894,95.34459104011057,95.34459104011057
2015-06-30,854,864.6422606314317,-10.642260631431668,10.642260631431668
2015-06-30,481,482.218894430882,-1.2188944308820169,1.2188944308820169
2015-06-30,619,608.5791555261601,10.420844473839907,10.420844473839907
2015-06-30,781,760.3393090269788,20.660690973021246,20.660690973021246
2015-06-30,796,855.3225337489306,-59.322533748930596,59.322533748930596
2015-06-30,1660,1893.2709136267088,-233.27091362670876,233.27091362670876
2015-06-30,599,547.9199326766595,51.08006732334047,51.08006732334047
2015-06-30,3811,3768.092202527465,42.907797472535094,42.907797472535094
2015-07-01,2920,3030.392835404896,-110.39283540489578,110.39283540489578
2015-07-01,1813,1723.9466986601365,89.05330133986354,89.05330133986354
2015-07-01,1574,1053.6125989236755,520.3874010763245,520.3874010763245
2015-07-01,1861,2001.826183791359,-140.82618379135897,140.82618379135897
2015-07-01,2245,2474.3852045865824,-229.3852045865824,229.3852045865824
2015-07-01,4317,4139.516511766987,177.4834882330133,177.4834882330133
2015-07-01,964,930.0954548782636,33.90454512173642,33.90454512173642
2015-07-01,741,668.8509395752683,72.14906042473172,72.14906042473172
2015-07-01,2083,2540.0122349742373,-457.01223497423734,457.01223497423734
2015-07-01,802,852.0868104186246,-50.08681041862462,50.08681041862462
2015-07-01,548,524.1250518664281,23.874948133571934,23.874948133571934
2015-07-01,2458,2419.751290361905,38.24870963809508,38.24870963809508
2015-07-01,338,375.4576415780253,-37.45764157802529,37.45764157802529
2015-07-01,2258,2109.0486263136977,148.9513736863023,148.9513736863023
2015-07-01,1044,979.8338382836312,64.16616171636883,64.16616171636883
2015-07-01,298,354.2656285160223,-56.265628516022275,56.265628516022275
2015-07-01,2222,2416.4326005428534,-194.43260054285338,194.43260054285338
2015-07-01,225,274.77468094326963,-49.77468094326963,49.77468094326963
2015-07-01,861,829.3720252637704,31.62797473622959,31.62797473622959
2015-07-01,692,710.4143150722823,-18.414315072282307,18.414315072282307
2015-07-01,2057,1999.338202080233,57.66179791976697,57.66179791976697
2015-07-01,692,535.7614229829937,156.23857701700626,156.23857701700626
2015-07-01,325,275.9868245379476,49.0131754620524,49.0131754620524
2015-07-01,1516,1558.345763548778,-42.345763548777995,42.345763548777995
2015-07-01,364,383.2003050514036,-19.200305051403575,19.200305051403575
2015-07-01,336,344.59575458721514,-8.59575458721514,8.59575458721514
2015-07-01,938,1008.1563562228887,-70.15635622288869,70.15635622288869
2015-07-01,280,295.17196173675,-15.171961736750006,15.171961736750006
2015-07-01,876,821.2292914141091,54.77070858589093,54.77070858589093
2015-07-01,429,405.8139171762089,23.186082823791082,23.186082823791082
2015-07-02,344,337.8320985391031,6.167901460896928,6.167901460896928
2015-07-02,3384,2999.798237722801,384.2017622771991,384.2017622771991
2015-07-02,425,385.04238715898407,39.95761284101593,39.95761284101593
2015-07-02,3265,3027.6777460130243,237.32225398697574,237.32225398697574
2015-07-02,522,588.9181710916383,-66.91817109163833,66.91817109163833
2015-07-02,1360,1214.8222900374826,145.17770996251738,145.17770996251738
2015-07-02,808,723.4387343770591,84.56126562294094,84.56126562294094
2015-07-02,1028,942.055118248667,85.94488175133301,85.94488175133301
2015-07-02,596,527.0101481166245,68.98985188337554,68.98985188337554
2015-07-02,1147,928.0638815003383,218.9361184996617,218.9361184996617
2015-07-02,909,862.5779309268477,46.42206907315233,46.42206907315233
2015-07-02,4222,4432.976737831218,-210.9767378312181,210.9767378312181
2015-07-02,2471,2335.6828124964495,135.31718750355049,135.31718750355049
2015-07-02,1993,1774.424822166944,218.57517783305593,218.57517783305593
2015-07-02,1638,1575.78375744122,62.216242558780095,62.216242558780095
2015-07-02,2554,2406.5427670765057,147.4572329234943,147.4572329234943
2015-07-02,1139,1074.7970031226112,64.20299687738884,64.20299687738884
2015-07-02,465,377.002157887817,87.99784211218298,87.99784211218298
2015-07-02,2330,2185.6740929802145,144.32590701978552,144.32590701978552
2015-07-02,2549,2424.8223506098975,124.17764939010249,124.17764939010249
2015-07-02,290,268.165918001332,21.83408199866801,21.83408199866801
2015-07-02,501,517.9122808364791,-16.912280836479113,16.912280836479113
2015-07-02,353,316.2110772693649,36.78892273063508,36.78892273063508
2015-07-02,414,358.44823964290526,55.551760357094736,55.551760357094736
2015-07-02,309,251.37211130089173,57.62788869910827,57.62788869910827
2015-07-02,1962,1926.7415240768605,35.258475923139486,35.258475923139486
2015-07-02,270,290.9568848773933,-20.956884877393293,20.956884877393293
2015-07-02,966,905.32164506182,60.67835493817995,60.67835493817995
2015-07-02,2753,2253.042351314967,499.95764868503284,499.95764868503284
2015-07-02,877,792.0558658389596,84.94413416104044,84.94413416104044
2015-07-03,467,316.85458734028344,150.14541265971656,150.14541265971656
2015-07-03,1327,1180.7646064890648,146.23539351093518,146.23539351093518
2015-07-03,688,521.6457199390217,166.35428006097834,166.35428006097834
2015-07-03,1305,1074.1094923214675,230.89050767853246,230.89050767853246
2015-07-03,455,431.68787160033355,23.31212839966645,23.31212839966645
2015-07-03,1036,957.8913545017009,78.1086454982991,78.1086454982991
2015-07-03,4224,3688.562344517248,535.4376554827518,535.4376554827518
2015-07-03,3512,2943.262800345564,568.7371996544362,568.7371996544362
2015-07-03,2457,2012.593373670002,444.40662632999806,444.40662632999806
2015-07-03,1293,1197.4252182313653,95.5747817686347,95.5747817686347
2015-07-03,459,415.57689224384893,43.42310775615107,43.42310775615107
2015-07-03,443,428.15829127926133,14.841708720738666,14.841708720738666
2015-07-03,327,309.0993353025891,17.90066469741089,17.90066469741089
2015-07-03,534,543.9951274867551,-9.99512748675511,9.99512748675511
2015-07-03,5576,4720.323436713821,855.6765632861789,855.6765632861789
2015-07-03,1216,1026.0063680411195,189.99363195888054,189.99363195888054
2015-07-03,1415,1319.0008869667813,95.99911303321869,95.99911303321869
2015-07-03,3788,2871.87521528055,916.12478471945,916.12478471945
2015-07-03,818,653.8843268344297,164.11567316557034,164.11567316557034
2015-07-03,3278,2614.024546529024,663.9754534709759,663.9754534709759
2015-07-03,1983,1825.6115508427886,157.38844915721143,157.38844915721143
2015-07-03,1334,1111.344608203016,222.65539179698408,222.65539179698408
2015-07-03,573,394.1585250002096,178.84147499979042,178.84147499979042
2015-07-03,2784,2369.762633592995,414.2373664070051,414.2373664070051
2015-07-03,1043,932.6976792572037,110.30232074279627,110.30232074279627
2015-07-03,3252,2960.797780892252,291.2022191077481,291.2022191077481
2015-07-03,845,648.9259030069106,196.07409699308937,196.07409699308937
2015-07-03,4385,3967.3562083358634,417.64379166413664,417.64379166413664
2015-07-03,285,322.16075543801475,-37.160755438014746,37.160755438014746
2015-07-03,3052,2939.6686752304404,112.33132476955961,112.33132476955961
2015-07-04,2376,3157.5898716179345,-781.5898716179345,781.5898716179345
2015-07-04,2393,3082.2338294988463,-689.2338294988463,689.2338294988463
2015-07-04,548,949.7179097077818,-401.7179097077818,401.7179097077818
2015-07-04,295,445.5866809242782,-150.5866809242782,150.5866809242782
2015-07-04,876,1182.4879818683087,-306.4879818683087,306.4879818683087
2015-07-04,322,504.114017056575,-182.114017056575,182.114017056575
2015-07-04,1057,1197.5120102787002,-140.51201027870025,140.51201027870025
2015-07-04,555,948.9410342537687,-393.94103425376875,393.94103425376875
2015-07-04,347,556.8709792415457,-209.87097924154568,209.87097924154568
2015-07-04,1072,1201.3439219818986,-129.34392198189857,129.34392198189857
2015-07-04,171,267.1080849308162,-96.10808493081618,96.10808493081618
2015-07-04,887,1286.1014474653668,-399.10144746536685,399.10144746536685
2015-07-04,2712,2959.0952409352326,-247.0952409352326,247.0952409352326
2015-07-04,3071,4040.3925145751446,-969.3925145751446,969.3925145751446
2015-07-04,2538,3342.4829107257765,-804.4829107257765,804.4829107257765
2015-07-04,476,703.9553428246116,-227.95534282461165,227.95534282461165
2015-07-04,746,1198.1693139897534,-452.1693139897534,452.1693139897534
2015-07-04,198,320.71014489784113,-122.71014489784113,122.71014489784113
2015-07-04,2075,2653.5631255841863,-578.5631255841863,578.5631255841863
2015-07-04,324,458.02356794765626,-134.02356794765626,134.02356794765626
2015-07-04,4098,5294.557234868973,-1196.557234868973,1196.557234868973
2015-07-04,1696,2485.1248544047785,-789.1248544047785,789.1248544047785
2015-07-04,443,768.1199392727638,-325.11993927276376,325.11993927276376
2015-07-04,312,614.0896616943766,-302.08966169437656,302.08966169437656
2015-07-04,2356,2836.9225511831496,-480.9225511831496,480.9225511831496
2015-07-04,301,435.7767353516691,-134.77673535166912,134.77673535166912
2015-07-04,2516,2890.7009691245844,-374.7009691245844,374.7009691245844
2015-07-04,1575,2016.2572879874544,-441.25728798745445,441.25728798745445
2015-07-04,932,1293.6113018835429,-361.61130188354286,361.61130188354286
2015-07-04,221,310.2558595001476,-89.25585950014761,89.25585950014761
2015-07-05,2721,2958.6726945995338,-237.67269459953377,237.67269459953377
2015-07-05,383,408.24410867825316,-25.244108678253156,25.244108678253156
2015-07-05,1233,1165.009747118198,67.99025288180201,67.99025288180201
2015-07-05,384,432.97849439826103,-48.978494398261034,48.978494398261034
2015-07-05,2415,2713.645832508699,-298.6458325086992,298.6458325086992
2015-07-05,334,376.85285480273376,-42.85285480273376,42.85285480273376
2015-07-05,2680,2846.061011101763,-166.06101110176314,166.06101110176314
2015-07-05,2584,2698.4023824121264,-114.40238241212637,114.40238241212637
2015-07-05,3395,3699.440003435938,-304.4400034359378,304.4400034359378
2015-07-05,967,838.5308195888676,128.46918041113236,128.46918041113236
2015-07-05,2179,2042.9606500971147,136.0393499028853,136.0393499028853
2015-07-05,1576,1832.6451172674617,-256.6451172674617,256.6451172674617
2015-07-05,960,1124.788823843896,-164.7888238438959,164.7888238438959
2015-07-05,822,788.1820431618629,33.81795683813709,33.81795683813709
2015-07-05,289,296.614874719872,-7.6148747198719775,7.6148747198719775
2015-07-05,206,253.89590782070817,-47.895907820708175,47.895907820708175
2015-07-05,1077,1159.201662349515,-82.20166234951489,82.20166234951489
2015-07-05,917,1027.7879165504376,-110.78791655043756,110.78791655043756
2015-07-05,2821,3040.9403468444266,-219.94034684442659,219.94034684442659
2015-07-05,807,684.2721248608393,122.72787513916069,122.72787513916069
2015-07-05,420,350.88427708143104,69.11572291856896,69.11572291856896
2015-07-05,376,367.58515523804533,8.414844761954669,8.414844761954669
2015-07-05,2852,2975.805371868959,-123.8053718689589,123.8053718689589
2015-07-05,514,571.3990062177958,-57.39900621779577,57.39900621779577
2015-07-05,227,206.2065874741791,20.793412525820912,20.793412525820912
2015-07-05,787,775.1514380700863,11.848561929913672,11.848561929913672
2015-07-05,4394,5008.26857049488,-614.2685704948799,614.2685704948799
2015-07-05,1287,1165.9229547722025,121.0770452277975,121.0770452277975
2015-07-05,519,498.3975849963796,20.602415003620422,20.602415003620422
2015-07-05,3406,3385.309550986597,20.69044901340294,20.69044901340294
2015-07-06,1861,1925.7266889442142,-64.72668894421417,64.72668894421417
2015-07-06,345,322.288008879523,22.711991120477023,22.711991120477023
2015-07-06,462,317.3404693569589,144.65953064304108,144.65953064304108
2015-07-06,2331,2161.593708049259,169.40629195074098,169.40629195074098
2015-07-06,2728,2562.084886623104,165.915113376896,165.915113376896
2015-07-06,341,317.0356186007806,23.964381399219405,23.964381399219405
2015-07-06,1696,1530.197250850626,165.802749149374,165.802749149374
2015-07-06,2757,2456.5470104700885,300.4529895299115,300.4529895299115
2015-07-06,244,258.61670547321074,-14.616705473210743,14.616705473210743
2015-07-06,568,491.21222564161445,76.78777435838555,76.78777435838555
2015-07-06,640,625.9232118934484,14.07678810655159,14.07678810655159
2015-07-06,224,225.69009196865574,-1.6900919686557359,1.6900919686557359
2015-07-06,2419,2208.076792128738,210.9232078712621,210.9232078712621
2015-07-06,3983,4553.871645776813,-570.8716457768132,570.8716457768132
2015-07-06,1067,908.9059984997549,158.0940015002451,158.0940015002451
2015-07-06,1000,948.3180380295702,51.681961970429825,51.681961970429825
2015-07-06,3290,3155.2277461693557,134.77225383064433,134.77225383064433
2015-07-06,902,815.3739003823831,86.62609961761689,86.62609961761689
2015-07-06,419,343.75704838249845,75.24295161750155,75.24295161750155
2015-07-06,334,340.6478961447458,-6.6478961447458005,6.6478961447458005
2015-07-06,506,680.6969623276809,-174.69696232768092,174.69696232768092
2015-07-06,3876,3404.438846706769,471.5611532932312,471.5611532932312
2015-07-06,737,712.0571185707581,24.94288142924188,24.94288142924188
2015-07-06,548,476.00268292350995,71.99731707649005,71.99731707649005
2015-07-06,2686,2536.8237106895544,149.17628931044555,149.17628931044555
2015-07-06,1077,976.9744181289683,100.0255818710317,100.0255818710317
2015-07-06,228,217.9600227458045,10.039977254195492,10.039977254195492
2015-07-06,2320,2263.4253565394733,56.57464346052666,56.57464346052666
2015-07-06,989,865.936658133133,123.06334186686695,123.06334186686695
2015-07-06,960,838.7008179784194,121.29918202158058,121.29918202158058
2015-07-07,473,480.7232534604422,-7.7232534604422085,7.7232534604422085
2015-07-07,898,871.4584957848596,26.541504215140435,26.541504215140435
2015-07-07,211,235.99613076348268,-24.996130763482682,24.996130763482682
2015-07-07,765,763.2990731946788,1.70092680532116,1.70092680532116
2015-07-07,4112,4076.103573684728,35.89642631527204,35.89642631527204
2015-07-07,561,501.41885701138597,59.58114298861403,59.58114298861403
2015-07-07,2828,3120.5953996220924,-292.5953996220924,292.5953996220924
2015-07-07,429,337.584885755685,91.41511424431502,91.41511424431502
2015-07-07,2845,2446.8145785570473,398.1854214429527,398.1854214429527
2015-07-07,316,315.6017175947048,0.39828240529521963,0.39828240529521963
2015-07-07,2110,2299.4117788405138,-189.41177884051376,189.41177884051376
2015-07-07,1933,2126.342177597948,-193.3421775979482,193.3421775979482
2015-07-07,2991,2896.1309193096545,94.86908069034553,94.86908069034553
2015-07-07,849,877.802427000149,-28.80242700014901,28.80242700014901
2015-07-07,2087,2363.0308107270166,-276.0308107270166,276.0308107270166
2015-07-07,421,365.7076448687026,55.29235513129743,55.29235513129743
2015-07-07,221,223.8795234455978,-2.879523445597812,2.879523445597812
2015-07-07,535,456.848405887274,78.151594112726,78.151594112726
2015-07-07,1560,1511.9231790706463,48.076820929353744,48.076820929353744
2015-07-07,730,805.8732796014365,-75.87327960143648,75.87327960143648
2015-07-07,703,662.0921860442364,40.90781395576357,40.90781395576357
2015-07-07,1713,1816.9908059915472,-103.99080599154718,103.99080599154718
2015-07-07,848,865.9938812644342,-17.993881264434208,17.993881264434208
2015-07-07,884,923.845703973554,-39.84570397355401,39.84570397355401
2015-07-07,286,342.9084180984691,-56.9084180984691,56.9084180984691
2015-07-07,191,225.47263491955502,-34.47263491955502,34.47263491955502
2015-07-07,2676,2377.159424773937,298.8405752260628,298.8405752260628
2015-07-07,410,307.8053370477648,102.1946629522352,102.1946629522352
2015-07-07,2147,2097.8729119905897,49.12708800941027,49.12708800941027
2015-07-07,622,604.8133881989525,17.186611801047547,17.186611801047547
2015-07-08,362,313.5050902500128,48.49490974998719,48.49490974998719
2015-07-08,823,854.7423216304253,-31.742321630425295,31.742321630425295
2015-07-08,329,368.3183402463572,-39.318340246357195,39.318340246357195
2015-07-08,308,315.8494032663373,-7.849403266337276,7.849403266337276
2015-07-08,2252,2264.2682685345735,-12.268268534573508,12.268268534573508
2015-07-08,3652,3117.6514731824336,534.3485268175664,534.3485268175664
2015-07-08,1495,1455.1009455418734,39.89905445812656,39.89905445812656
2015-07-08,1550,1672.981383486349,-122.98138348634893,122.98138348634893
2015-07-08,1889,2012.9802729157423,-123.98027291574226,123.98027291574226
2015-07-08,555,678.3869621961428,-123.3869621961428,123.3869621961428
2015-07-08,1850,2033.734925197167,-183.73492519716706,183.73492519716706
2015-07-08,2649,2870.818913365883,-221.81891336588296,221.81891336588296
2015-07-08,817,828.7307969943387,-11.730796994338675,11.730796994338675
2015-07-08,2137,2423.093115493808,-286.093115493808,286.093115493808
2015-07-08,3981,4251.793086573269,-270.79308657326874,270.79308657326874
2015-07-08,317,254.73631716586362,62.263682834136375,62.263682834136375
2015-07-08,567,583.6129041338282,-16.612904133828238,16.612904133828238
2015-07-08,282,321.73225000662853,-39.73225000662853,39.73225000662853
2015-07-08,680,616.9995724293638,63.00042757063625,63.00042757063625
2015-07-08,2171,2466.505504774519,-295.50550477451907,295.50550477451907
2015-07-08,266,219.79787825453056,46.20212174546944,46.20212174546944
2015-07-08,288,210.58314515346416,77.41685484653584,77.41685484653584
2015-07-08,418,366.81909931415873,51.180900685841266,51.180900685841266
2015-07-08,761,757.6701780141476,3.3298219858523908,3.3298219858523908
2015-07-08,2156,2260.5724286638574,-104.57242866385741,104.57242866385741
2015-07-08,848,871.5921168652594,-23.592116865259413,23.592116865259413
2015-07-08,533,549.3769958703684,-16.376995870368432,16.376995870368432
2015-07-08,761,870.4312097901885,-109.43120979018852,109.43120979018852
2015-07-08,447,452.4809056620804,-5.480905662080374,5.480905662080374
2015-07-08,905,1064.2144805366506,-159.21448053665063,159.21448053665063
2015-07-09,2358,2218.619448899494,139.38055110050618,139.38055110050618
2015-07-09,843,912.8115331033972,-69.81153310339721,69.81153310339721
2015-07-09,298,358.8080458943979,-60.80804589439788,60.80804589439788
2015-07-09,1980,1978.709036822027,1.2909631779730262,1.2909631779730262
2015-07-09,248,306.77561091486655,-58.77561091486655,58.77561091486655
2015-07-09,725,806.7861944054396,-81.78619440543957,81.78619440543957
2015-07-09,651,643.8517075810548,7.148292418945175,7.148292418945175
2015-07-09,404,365.80876214074425,38.19123785925575,38.19123785925575
2015-07-09,455,457.4860657678084,-2.486065767808384,2.486065767808384
2015-07-09,273,239.34778035033827,33.65221964966173,33.65221964966173
2015-07-09,805,972.2488537061848,-167.24885370618483,167.24885370618483
2015-07-09,288,295.55379259349513,-7.553792593495132,7.553792593495132
2015-07-09,660,663.5406025759742,-3.5406025759741624,3.5406025759741624
2015-07-09,793,839.5428282989312,-46.54282829893123,46.54282829893123
2015-07-09,4166,4130.853736596739,35.1462634032614,35.1462634032614
2015-07-09,1484,1469.9350879328613,14.06491206713872,14.06491206713872
2015-07-09,2467,2468.6225110079477,-1.6225110079476508,1.6225110079476508
2015-07-09,526,476.5823519364966,49.41764806350341,49.41764806350341
2015-07-09,2757,2345.4195247296934,411.5804752703066,411.5804752703066
2015-07-09,546,531.2307826618996,14.769217338100361,14.769217338100361
2015-07-09,2471,2395.254904698626,75.74509530137402,75.74509530137402
2015-07-09,838,921.8323610559889,-83.83236105598894,83.83236105598894
2015-07-09,1488,1649.4100155738024,-161.4100155738024,161.4100155738024
2015-07-09,547,343.9344361117455,203.06556388825447,203.06556388825447
2015-07-09,227,238.30593125511308,-11.30593125511308,11.30593125511308
2015-07-09,2804,2841.3148688719853,-37.314868871985254,37.314868871985254
2015-07-09,276,276.45687998288804,-0.4568799828880401,0.4568799828880401
2015-07-09,2121,1994.5659710227162,126.43402897728379,126.43402897728379
2015-07-09,3821,3409.7512580304888,411.24874196951123,411.24874196951123
2015-07-09,890,849.0948098436965,40.90519015630355,40.90519015630355
2015-07-10,2998,3595.267504524127,-597.2675045241272,597.2675045241272
2015-07-10,3394,3302.3767228941974,91.62327710580257,91.62327710580257
2015-07-10,1081,1046.4919543097424,34.50804569025763,34.50804569025763
2015-07-10,348,391.73483015116176,-43.73483015116176,43.73483015116176
2015-07-10,502,652.1280698684687,-150.12806986846874,150.12806986846874
2015-07-10,1699,1697.1184271327713,1.8815728672286696,1.8815728672286696
2015-07-10,815,960.3878054205046,-145.3878054205046,145.3878054205046
2015-07-10,336,424.9946305995058,-88.9946305995058,88.9946305995058
2015-07-10,720,858.4938949287896,-138.4938949287896,138.4938949287896
2015-07-10,2342,2511.517991915576,-169.5179919155762,169.5179919155762
2015-07-10,285,304.8655858273927,-19.865585827392692,19.865585827392692
2015-07-10,2340,2560.275014727548,-220.27501472754784,220.27501472754784
2015-07-10,1956,2057.085018287466,-101.08501828746603,101.08501828746603
2015-07-10,438,367.1739762469738,70.82602375302622,70.82602375302622
2015-07-10,498,469.7951387775058,28.204861222494173,28.204861222494173
2015-07-10,864,966.4732440631291,-102.47324406312907,102.47324406312907
2015-07-10,657,624.9792518880945,32.020748111905505,32.020748111905505
2015-07-10,2710,2550.233239605152,159.766760394848,159.766760394848
2015-07-10,285,287.3387707204258,-2.3387707204258277,2.3387707204258277
2015-07-10,4479,4455.686257688735,23.313742311264832,23.313742311264832
2015-07-10,750,785.9323789303365,-35.93237893033654,35.93237893033654
2015-07-10,240,263.52038319513497,-23.52038319513497,23.52038319513497
2015-07-10,339,366.02079883239423,-27.020798832394235,27.020798832394235
2015-07-10,845,967.0389811422674,-122.0389811422674,122.0389811422674
2015-07-10,935,1054.0576169071237,-119.0576169071237,119.0576169071237
2015-07-10,923,1017.8804367252241,-94.88043672522406,94.88043672522406
2015-07-10,2618,2467.5992145107903,150.40078548920974,150.40078548920974
2015-07-10,2361,2130.9137977050586,230.08620229494136,230.08620229494136
2015-07-10,473,504.1618696089756,-31.16186960897562,31.16186960897562
2015-07-10,1664,1702.1010366789899,-38.101036678989885,38.101036678989885
2015-07-11,384,417.00200504245674,-33.002005042456744,33.002005042456744
2015-07-11,3075,2969.2689239545743,105.73107604542565,105.73107604542565
2015-07-11,568,428.5042669019089,139.49573309809108,139.49573309809108
2015-07-11,1041,1081.8768949292112,-40.876894929211176,40.876894929211176
2015-07-11,1124,1138.7129794432897,-14.712979443289669,14.712979443289669
2015-07-11,3075,2644.113421264379,430.8865787356208,430.8865787356208
2015-07-11,465,425.41507050903624,39.58492949096376,39.58492949096376
2015-07-11,2012,2038.7139331630524,-26.71393316305239,26.71393316305239
2015-07-11,1485,1156.9703719605711,328.02962803942887,328.02962803942887
2015-07-11,254,227.58094138087276,26.41905861912724,26.41905861912724
2015-07-11,898,773.6960949124375,124.3039050875625,124.3039050875625
2015-07-11,697,571.1398109521401,125.86018904785988,125.86018904785988
2015-07-11,3241,2741.8436038935074,499.1563961064926,499.1563961064926
2015-07-11,292,291.329299116288,0.6707008837120156,0.6707008837120156
2015-07-11,653,598.8847926405599,54.11520735944009,54.11520735944009
2015-07-11,407,378.90132128930713,28.098678710692866,28.098678710692866
2015-07-11,1796,1752.0064182100864,43.993581789913605,43.993581789913605
2015-07-11,905,777.7677983076352,127.23220169236481,127.23220169236481
2015-07-11,2508,2412.3020417511375,95.6979582488625,95.6979582488625
2015-07-11,556,499.0158782519948,56.98412174800518,56.98412174800518
2015-07-11,4530,4830.79545739081,-300.79545739081004,300.79545739081004
2015-07-11,540,501.6879283077457,38.31207169225428,38.31207169225428
2015-07-11,3014,2998.301366054586,15.698633945413803,15.698633945413803
2015-07-11,1242,1167.8844970328223,74.11550296717769,74.11550296717769
2015-07-11,3736,3734.025178394684,1.9748216053158103,1.9748216053158103
2015-07-11,3784,3697.234555625633,86.76544437436678,86.76544437436678
2015-07-11,2865,2867.184109665114,-2.1841096651141925,2.1841096651141925
2015-07-11,990,971.7462346175466,18.253765382453366,18.253765382453366
2015-07-11,1027,1000.6225707209849,26.377429279015132,26.377429279015132
2015-07-11,241,248.09133373957116,-7.091333739571155,7.091333739571155
2015-07-12,894,919.0591250261143,-25.059125026114316,25.059125026114316
2015-07-12,3063,3183.9338592975755,-120.93385929757551,120.93385929757551
2015-07-12,892,882.9166085773278,9.083391422672207,9.083391422672207
2015-07-12,579,536.3184416378951,42.68155836210485,42.68155836210485
2015-07-12,2878,2710.5797348297447,167.42026517025533,167.42026517025533
2015-07-12,453,425.8711289173627,27.128871082637318,27.128871082637318
2015-07-12,3226,3011.4691802294633,214.5308197705367,214.5308197705367
2015-07-12,232,225.00057282318113,6.99942717681887,6.99942717681887
2015-07-12,3331,2977.9616262377626,353.03837376223737,353.03837376223737
2015-07-12,1780,1800.3910146931476,-20.391014693147554,20.391014693147554
2015-07-12,790,902.1189289319002,-112.1189289319002,112.1189289319002
2015-07-12,3772,3904.4495462693467,-132.44954626934668,132.44954626934668
2015-07-12,1118,1144.3798417078299,-26.379841707829883,26.379841707829883
2015-07-12,1385,1343.6850539163795,41.3149460836205,41.3149460836205
2015-07-12,688,588.7118996403938,99.28810035960623,99.28810035960623
2015-07-12,389,375.89785557485624,13.102144425143763,13.102144425143763
2015-07-12,455,400.47453746363504,54.525462536364955,54.525462536364955
2015-07-12,319,303.5131437140897,15.486856285910278,15.486856285910278
2015-07-12,4929,4997.182760505585,-68.18276050558507,68.18276050558507
2015-07-12,1233,1035.581416862647,197.41858313735293,197.41858313735293
2015-07-12,494,423.19127378371365,70.80872621628635,70.80872621628635
2015-07-12,1042,1060.9560711519084,-18.956071151908418,18.956071151908418
2015-07-12,319,231.81365729937409,87.18634270062591,87.18634270062591
2015-07-12,1459,1279.885229429541,179.1147705704591,179.1147705704591
2015-07-12,2284,2178.5655160714073,105.43448392859273,105.43448392859273
2015-07-12,4004,3893.956394978665,110.04360502133522,110.04360502133522
2015-07-12,633,720.8245113845218,-87.82451138452177,87.82451138452177
2015-07-12,351,368.2742589975167,-17.27425899751671,17.27425899751671
2015-07-12,3507,3155.7683265991463,351.23167340085365,351.23167340085365
2015-07-12,3095,2927.5109690958275,167.48903090417252,167.48903090417252
2015-07-13,1566,1649.2107567889607,-83.21075678896068,83.21075678896068
2015-07-13,176,208.84933621330848,-32.849336213308476,32.849336213308476
2015-07-13,348,357.7226356445451,-9.722635644545107,9.722635644545107
2015-07-13,231,269.212461230436,-38.21246123043602,38.21246123043602
2015-07-13,970,890.3464462607868,79.65355373921318,79.65355373921318
2015-07-13,2827,2926.3658317202294,-99.36583172022938,99.36583172022938
2015-07-13,2458,2516.6843656050646,-58.68436560506461,58.68436560506461
2015-07-13,4141,4041.663600819617,99.33639918038307,99.33639918038307
2015-07-13,311,349.9312089230935,-38.93120892309349,38.93120892309349
2015-07-13,2933,2782.2235814952596,150.77641850474038,150.77641850474038
2015-07-13,880,951.0132162609198,-71.01321626091976,71.01321626091976
2015-07-13,777,736.9439794161688,40.05602058383124,40.05602058383124
2015-07-13,837,900.9088466316953,-63.90884663169527,63.90884663169527
2015-07-13,881,973.8685941056466,-92.8685941056466,92.8685941056466
2015-07-13,1947,1820.552381026739,126.44761897326089,126.44761897326089
2015-07-13,276,342.675178157958,-66.67517815795799,66.67517815795799
2015-07-13,3080,2904.381793184989,175.61820681501104,175.61820681501104
2015-07-13,2338,2608.1850760325947,-270.1850760325947,270.1850760325947
2015-07-13,510,590.134204786169,-80.134204786169,80.134204786169
2015-07-13,825,939.1693083659195,-114.1693083659195,114.1693083659195
2015-07-13,2816,3344.6920702900547,-528.6920702900547,528.6920702900547
2015-07-13,538,544.5173939878566,-6.517393987856622,6.517393987856622
2015-07-13,1961,2170.980576524028,-209.98057652402804,209.98057652402804
2015-07-13,638,498.18160195572744,139.81839804427256,139.81839804427256
2015-07-13,2157,2442.56886542148,-285.56886542148004,285.56886542148004
2015-07-13,437,341.17080933582673,95.82919066417327,95.82919066417327
2015-07-13,1059,1060.704726024747,-1.7047260247470604,1.7047260247470604
2015-07-13,191,238.14684849967423,-47.146848499674235,47.146848499674235
2015-07-13,372,419.96538358202093,-47.965383582020934,47.965383582020934
2015-07-13,577,653.4057742199046,-76.40577421990463,76.40577421990463
2015-07-14,760,764.665615196863,-4.665615196862973,4.665615196862973
2015-07-14,813,811.6097951322959,1.390204867704142,1.390204867704142
2015-07-14,3715,3683.364587944634,31.635412055366032,31.635412055366032
2015-07-14,635,509.6926934937385,125.30730650626151,125.30730650626151
2015-07-14,492,502.68572673915486,-10.685726739154859,10.685726739154859
2015-07-14,2756,2415.1304448777355,340.8695551222645,340.8695551222645
2015-07-14,705,669.8394999119676,35.16050008803245,35.16050008803245
2015-07-14,2338,2515.7707465413364,-177.7707465413364,177.7707465413364
2015-07-14,271,319.8356977893866,-48.835697789386586,48.835697789386586
2015-07-14,312,313.56918299846126,-1.5691829984612582,1.5691829984612582
2015-07-14,618,582.5697958962604,35.430204103739584,35.430204103739584
2015-07-14,873,919.5284355783525,-46.528435578352514,46.528435578352514
2015-07-14,1501,1452.8638969225697,48.136103077430334,48.136103077430334
2015-07-14,177,213.59613811633153,-36.59613811633153,36.59613811633153
2015-07-14,213,224.06025941833468,-11.060259418334681,11.060259418334681
2015-07-14,2226,2229.3394935581214,-3.339493558121376,3.339493558121376
2015-07-14,417,473.3797423147643,-56.379742314764314,56.379742314764314
2015-07-14,322,295.07492150795434,26.925078492045657,26.925078492045657
2015-07-14,2056,2009.4780960965456,46.52190390345436,46.52190390345436
2015-07-14,778,799.9502527538177,-21.950252753817722,21.950252753817722
2015-07-14,297,374.85926895408954,-77.85926895408954,77.85926895408954
2015-07-14,2515,2693.5736630243887,-178.57366302438868,178.57366302438868
2015-07-14,820,830.9679994178393,-10.967999417839337,10.967999417839337
2015-07-14,254,232.78871890808088,21.21128109191912,21.21128109191912
2015-07-14,2142,2021.9960685921192,120.00393140788083,120.00393140788083
2015-07-14,359,361.5762023220595,-2.576202322059487,2.576202322059487
2015-07-14,1713,1616.3171095472965,96.68289045270353,96.68289045270353
2015-07-14,847,703.9798552600646,143.0201447399354,143.0201447399354
2015-07-14,2403,2358.3041229114133,44.69587708858671,44.69587708858671
2015-07-14,3503,3465.2793126836746,37.72068731632544,37.72068731632544
2015-07-15,261,313.52559695286067,-52.52559695286067,52.52559695286067
2015-07-15,591,639.8457117615211,-48.8457117615211,48.8457117615211
2015-07-15,262,225.78394135100152,36.216058648998484,36.216058648998484
2015-07-15,960,941.6711686342702,18.328831365729798,18.328831365729798
2015-07-15,701,674.7111721000838,26.288827899916214,26.288827899916214
2015-07-15,389,330.8245003572393,58.17549964276071,58.17549964276071
2015-07-15,866,756.1462995192436,109.8537004807564,109.8537004807564
2015-07-15,2051,2149.8062938305,-98.80629383050018,98.80629383050018
2015-07-15,3825,3759.854083769656,65.14591623034403,65.14591623034403
2015-07-15,248,268.3058102521345,-20.305810252134506,20.305810252134506
2015-07-15,1485,1446.8305259491904,38.16947405080964,38.16947405080964
2015-07-15,2513,2400.849168465734,112.15083153426622,112.15083153426622
2015-07-15,2277,2416.168840207948,-139.16884020794805,139.16884020794805
2015-07-15,2534,2691.277427971277,-157.27742797127712,157.27742797127712
2015-07-15,523,525.9419164763169,-2.941916476316919,2.941916476316919
2015-07-15,369,361.6687278051508,7.331272194849191,7.331272194849191
2015-07-15,2419,2432.322424904093,-13.322424904093168,13.322424904093168
2015-07-15,454,494.3278868130669,-40.327886813066925,40.327886813066925
2015-07-15,2244,2015.809139174637,228.19086082536296,228.19086082536296
2015-07-15,213,224.09653136438507,-11.096531364385072,11.096531364385072
2015-07-15,3868,3637.1477350628293,230.85226493717073,230.85226493717073
2015-07-15,655,641.4173813909458,13.58261860905418,13.58261860905418
2015-07-15,936,837.6229933819255,98.37700661807446,98.37700661807446
2015-07-15,914,857.3046965993021,56.69530340069787,56.69530340069787
2015-07-15,797,822.4818486779562,-25.481848677956236,25.481848677956236
2015-07-15,2448,2488.441766516672,-40.44176651667203,40.44176651667203
2015-07-15,1769,1606.2574840381565,162.74251596184354,162.74251596184354
2015-07-15,358,329.38860787877377,28.61139212122623,28.61139212122623
2015-07-15,848,796.8623104322448,51.13768956775516,51.13768956775516
2015-07-15,317,317.13939978559614,-0.1393997855961402,0.1393997855961402
2015-07-16,2243,2286.6437111406894,-43.64371114068945,43.64371114068945
2015-07-16,900,969.7634193780701,-69.76341937807013,69.76341937807013
2015-07-16,2185,2131.393640713585,53.60635928641523,53.60635928641523
2015-07-16,1638,1445.8290542676757,192.1709457323243,192.1709457323243
2015-07-16,368,337.8388999571606,30.161100042839394,30.161100042839394
2015-07-16,218,213.9192923787207,4.080707621279288,4.080707621279288
2015-07-16,359,295.88078843800577,63.119211561994234,63.119211561994234
2015-07-16,860,844.4140713184997,15.585928681500263,15.585928681500263
2015-07-16,2471,2248.271599303321,222.72840069667882,222.72840069667882
2015-07-16,400,411.6309941327652,-11.630994132765181,11.630994132765181
2015-07-16,1101,907.2364408580155,193.7635591419845,193.7635591419845
2015-07-16,674,683.9802832902881,-9.980283290288071,9.980283290288071
2015-07-16,2896,2997.784281672013,-101.7842816720131,101.7842816720131
2015-07-16,2220,1997.4748194885397,222.52518051146035,222.52518051146035
2015-07-16,2006,1947.254091154975,58.74590884502504,58.74590884502504
2015-07-16,2672,2558.2689635513825,113.73103644861749,113.73103644861749
2015-07-16,498,484.64403113369116,13.355968866308842,13.355968866308842
2015-07-16,923,920.0085689937647,2.9914310062353024,2.9914310062353024
2015-07-16,1664,1603.3297845472468,60.670215452753155,60.670215452753155
2015-07-16,451,426.97187145455484,24.028128545445156,24.028128545445156
2015-07-16,2334,2173.660932683443,160.3390673165568,160.3390673165568
2015-07-16,209,247.66615671709715,-38.66615671709715,38.66615671709715
2015-07-16,525,510.8896416590136,14.110358340986409,14.110358340986409
2015-07-16,713,679.0892722549861,33.9107277450139,33.9107277450139
2015-07-16,910,904.3501730128456,5.64982698715437,5.64982698715437
2015-07-16,530,514.1238254826217,15.876174517378331,15.876174517378331
2015-07-16,3959,3783.5026208131558,175.49737918684423,175.49737918684423
2015-07-16,877,822.32725262013,54.672747379869975,54.672747379869975
2015-07-16,277,247.48022036142768,29.519779638572317,29.519779638572317
2015-07-16,397,324.39957036421674,72.60042963578326,72.60042963578326
2015-07-17,929,961.3899124169653,-32.38991241696533,32.38991241696533
2015-07-17,990,939.4000340153683,50.599965984631694,50.599965984631694
2015-07-17,1005,964.8867354515346,40.113264548465395,40.113264548465395
2015-07-17,972,1028.1710954307284,-56.17109543072843,56.17109543072843
2015-07-17,461,424.64488620539004,36.35511379460996,36.35511379460996
2015-07-17,4102,4054.320571307135,47.6794286928648,47.6794286928648
2015-07-17,2593,2315.3734723776206,277.6265276223794,277.6265276223794
2015-07-17,2659,2343.5804349426976,315.4195650573024,315.4195650573024
2015-07-17,429,518.7860274450994,-89.78602744509942,89.78602744509942
2015-07-17,221,246.3076266511832,-25.3076266511832,25.3076266511832
2015-07-17,931,798.2598471275684,132.74015287243162,132.74015287243162
2015-07-17,1704,1763.6388885188824,-59.63888851888237,59.63888851888237
2015-07-17,908,827.5426237305542,80.45737626944583,80.45737626944583
2015-07-17,474,388.69008833519916,85.30991166480084,85.30991166480084
2015-07-17,2310,2118.297920077337,191.70207992266296,191.70207992266296
2015-07-17,232,319.89465554346793,-87.89465554346793,87.89465554346793
2015-07-17,435,431.60103512971233,3.3989648702876707,3.3989648702876707
2015-07-17,300,283.93524981218724,16.064750187812763,16.064750187812763
2015-07-17,2673,2399.760042670468,273.239957329532,273.239957329532
2015-07-17,1731,1645.9783432563474,85.02165674365256,85.02165674365256
2015-07-17,548,625.1997085139694,-77.19970851396943,77.19970851396943
2015-07-17,594,522.2606387457053,71.73936125429475,71.73936125429475
2015-07-17,565,626.4310211871118,-61.43102118711181,61.43102118711181
2015-07-17,2824,2951.854008478639,-127.85400847863912,127.85400847863912
2015-07-17,2799,2590.9580693409303,208.04193065906975,208.04193065906975
2015-07-17,2996,3136.515805776396,-140.51580577639606,140.51580577639606
2015-07-17,1174,1081.0989195551383,92.90108044486169,92.90108044486169
2015-07-17,1037,1081.530067133044,-44.530067133043985,44.530067133043985
2015-07-17,2963,2480.1164221722693,482.88357782773073,482.88357782773073
2015-07-17,288,392.1498676996263,-104.14986769962633,104.14986769962633
2015-07-18,1154,990.7715914753329,163.2284085246671,163.2284085246671
2015-07-18,1447,1274.9624076314155,172.03759236858446,172.03759236858446
2015-07-18,710,631.1864177733023,78.81358222669769,78.81358222669769
2015-07-18,294,304.2837177935619,-10.283717793561891,10.283717793561891
2015-07-18,2519,2834.7639291755195,-315.7639291755195,315.7639291755195
2015-07-18,2796,2891.580926672716,-95.58092667271603,95.58092667271603
2015-07-18,2534,2522.2807679653433,11.71923203465667,11.71923203465667
2015-07-18,3190,3612.4681845423493,-422.46818454234926,422.46818454234926
2015-07-18,476,513.888832266196,-37.888832266196005,37.888832266196005
2015-07-18,561,489.53365675114685,71.46634324885315,71.46634324885315
2015-07-18,1062,1131.784412973131,-69.78441297313111,69.78441297313111
2015-07-18,703,593.7286453420351,109.27135465796493,109.27135465796493
2015-07-18,3386,3007.8218480865953,378.1781519134047,378.1781519134047
2015-07-18,1606,1875.3373100199494,-269.3373100199494,269.3373100199494
2015-07-18,1152,1043.917132721735,108.08286727826498,108.08286727826498
2015-07-18,410,371.68357915175926,38.31642084824074,38.31642084824074
2015-07-18,4505,4528.18145530061,-23.18145530060974,23.18145530060974
2015-07-18,2182,2001.318233539596,180.6817664604041,180.6817664604041
2015-07-18,2754,3091.181220485097,-337.1812204850971,337.1812204850971
2015-07-18,312,222.389181750338,89.610818249662,89.610818249662
2015-07-18,1240,1135.539224506198,104.46077549380198,104.46077549380198
2015-07-18,423,442.3326268532324,-19.332626853232398,19.332626853232398
2015-07-18,3333,2969.308894455864,363.691105544136,363.691105544136
2015-07-18,366,412.9123814864118,-46.91238148641179,46.91238148641179
2015-07-18,2739,3092.334523859005,-353.334523859005,353.334523859005
2015-07-18,937,860.3519163020912,76.64808369790876,76.64808369790876
2015-07-18,254,260.11135264102705,-6.111352641027054,6.111352641027054
2015-07-18,1199,1083.6228108655666,115.37718913443337,115.37718913443337
2015-07-18,905,896.4724158449424,8.527584155057639,8.527584155057639
2015-07-18,511,477.0807420342038,33.91925796579619,33.91925796579619
2015-07-19,260,219.56261079305133,40.437389206948666,40.437389206948666
2015-07-19,2794,2654.514055363301,139.48594463669906,139.48594463669906
2015-07-19,437,359.2870340516765,77.71296594832347,77.71296594832347
2015-07-19,3086,2747.663071905664,338.33692809433614,338.33692809433614
2015-07-19,819,697.1180499469091,121.88195005309092,121.88195005309092
2015-07-19,386,387.72071515184234,-1.7207151518423416,1.7207151518423416
2015-07-19,2747,2464.0858015861445,282.9141984138555,282.9141984138555
2015-07-19,396,370.45487666675115,25.545123333248853,25.545123333248853
2015-07-19,1190,1052.8572944710465,137.14270552895346,137.14270552895346
2015-07-19,2301,2138.9659788658178,162.03402113418224,162.03402113418224
2015-07-19,926,830.0402553460934,95.95974465390657,95.95974465390657
2015-07-19,1462,1253.2057070770225,208.79429292297755,208.79429292297755
2015-07-19,3024,2899.3246575798134,124.67534242018655,124.67534242018655
2015-07-19,740,606.6162828231687,133.38371717683128,133.38371717683128
2015-07-19,1148,1069.6066600599258,78.39333994007416,78.39333994007416
2015-07-19,3453,3380.334375387974,72.66562461202602,72.66562461202602
2015-07-19,1052,943.1160887284808,108.8839112715192,108.8839112715192
2015-07-19,258,249.45194880956421,8.548051190435785,8.548051190435785
2015-07-19,876,868.6489465470671,7.351053452932888,7.351053452932888
2015-07-19,1410,1320.239873043794,89.76012695620602,89.76012695620602
2015-07-19,2935,2717.9291126260237,217.07088737397635,217.07088737397635
2015-07-19,378,307.7261223461391,70.2738776538609,70.2738776538609
2015-07-19,526,452.36401619820725,73.63598380179275,73.63598380179275
2015-07-19,3097,3026.966879111873,70.03312088812709,70.03312088812709
2015-07-19,568,535.915948187975,32.084051812024995,32.084051812024995
2015-07-19,1801,1716.1329545344202,84.86704546557985,84.86704546557985
2015-07-19,2892,2677.918001838628,214.0819981613722,214.0819981613722
2015-07-19,472,438.6498106138279,33.350189386172076,33.350189386172076
2015-07-19,5106,4816.6734749208945,289.3265250791055,289.3265250791055
2015-07-19,1244,1102.752851530048,141.24714846995198,141.24714846995198
2015-07-20,932,903.4259267453915,28.574073254608493,28.574073254608493
2015-07-20,316,367.9865196861269,-51.98651968612688,51.98651968612688
2015-07-20,929,926.8285087211075,2.1714912788925176,2.1714912788925176
2015-07-20,364,358.09408261984504,5.9059173801549605,5.9059173801549605
2015-07-20,1900,1809.371172570493,90.62882742950706,90.62882742950706
2015-07-20,4044,3922.7101433132084,121.28985668679161,121.28985668679161
2015-07-20,2198,2085.381290949918,112.61870905008209,112.61870905008209
2015-07-20,501,529.2470788734672,-28.247078873467217,28.247078873467217
2015-07-20,736,730.9621358251458,5.037864174854235,5.037864174854235
2015-07-20,2435,2414.9385426115878,20.061457388412236,20.061457388412236
2015-07-20,976,953.0873557938523,22.91264420614766,22.91264420614766
2015-07-20,198,203.94538571342517,-5.945385713425168,5.945385713425168
2015-07-20,991,935.0086054706138,55.991394529386184,55.991394529386184
2015-07-20,2020,2060.4412201449973,-40.44122014499726,40.44122014499726
2015-07-20,492,537.5431376593817,-45.54313765938173,45.54313765938173
2015-07-20,638,556.3157088416878,81.68429115831225,81.68429115831225
2015-07-20,2539,2367.486503191227,171.5134968087732,171.5134968087732
2015-07-20,882,936.8760682954469,-54.876068295446885,54.876068295446885
2015-07-20,2877,2804.54230148829,72.45769851171008,72.45769851171008
2015-07-20,357,339.4734170188939,17.526582981106117,17.526582981106117
2015-07-20,2453,2439.08031120856,13.919688791439967,13.919688791439967
2015-07-20,313,327.5390606332464,-14.539060633246379,14.539060633246379
2015-07-20,313,384.73820351730893,-71.73820351730893,71.73820351730893
2015-07-20,2335,1961.4988827114469,373.50111728855313,373.50111728855313
2015-07-20,1608,1482.8404214920831,125.15957850791688,125.15957850791688
2015-07-20,375,266.8942090310042,108.10579096899579,108.10579096899579
2015-07-20,202,199.48230137361176,2.5176986263882384,2.5176986263882384
2015-07-20,1020,1062.1658915530998,-42.165891553099755,42.165891553099755
2015-07-20,1966,2090.8433712286023,-124.84337122860234,124.84337122860234
2015-07-20,637,616.8022407529684,20.197759247031627,20.197759247031627
2015-07-21,282,264.5038641582187,17.496135841781324,17.496135841781324
2015-07-21,734,822.1234387323177,-88.12343873231771,88.12343873231771
2015-07-21,843,900.3626018064969,-57.362601806496855,57.362601806496855
2015-07-21,772,868.6903387913828,-96.69033879138283,96.69033879138283
2015-07-21,511,341.47058974796084,169.52941025203916,169.52941025203916
2015-07-21,330,337.7922488698677,-7.792248869867706,7.792248869867706
2015-07-21,631,610.2646900292367,20.735309970763296,20.735309970763296
2015-07-21,1909,1969.2391015897354,-60.239101589735355,60.239101589735355
2015-07-21,1935,1942.3798344589675,-7.37983445896748,7.37983445896748
2015-07-21,276,301.79493822248816,-25.794938222488156,25.794938222488156
2015-07-21,1984,2011.6602366870968,-27.660236687096813,27.660236687096813
2015-07-21,459,484.0723113195902,-25.0723113195902,25.0723113195902
2015-07-21,937,789.1101382569864,147.88986174301363,147.88986174301363
2015-07-21,2528,2487.6694149233267,40.33058507667329,40.33058507667329
2015-07-21,2185,2190.6337085481796,-5.633708548179584,5.633708548179584
2015-07-21,3698,3650.960032909129,47.03996709087096,47.03996709087096
2015-07-21,838,818.3786585150741,19.621341484925892,19.621341484925892
2015-07-21,339,310.7569054375211,28.243094562478916,28.243094562478916
2015-07-21,2006,2199.153287799032,-193.1532877990321,193.1532877990321
2015-07-21,183,204.2739270286409,-21.273927028640912,21.273927028640912
2015-07-21,2273,2308.8798506340963,-35.87985063409633,35.87985063409633
2015-07-21,1511,1465.8797785967809,45.12022140321915,45.12022140321915
2015-07-21,313,347.692855100516,-34.692855100516,34.692855100516
2015-07-21,1975,1967.416250526664,7.583749473335956,7.583749473335956
2015-07-21,425,473.2816658310591,-48.281665831059115,48.281665831059115
2015-07-21,668,688.078322859324,-20.078322859323976,20.078322859323976
2015-07-21,1049,826.2648163840379,222.73518361596211,222.73518361596211
2015-07-21,197,203.71554528273464,-6.715545282734638,6.715545282734638
2015-07-21,1725,1689.5051059728821,35.49489402711788,35.49489402711788
2015-07-21,622,550.1292376460597,71.87076235394034,71.87076235394034
2015-07-22,327,352.3002379291089,-25.300237929108903,25.300237929108903
2015-07-22,220,212.39945275108963,7.600547248910374,7.600547248910374
2015-07-22,646,621.2354680532384,24.764531946761622,24.764531946761622
2015-07-22,237,372.68421133978944,-135.68421133978944,135.68421133978944
2015-07-22,320,294.224909981987,25.775090018012975,25.775090018012975
2015-07-22,1897,1857.3118584564309,39.688141543569145,39.688141543569145
2015-07-22,1413,1433.0464283517558,-20.04642835175582,20.04642835175582
2015-07-22,214,279.04774189678,-65.04774189678,65.04774189678
2015-07-22,437,328.0371300888614,108.96286991113863,108.96286991113863
2015-07-22,865,884.316052733001,-19.316052733001015,19.316052733001015
2015-07-22,2012,2102.425534688006,-90.42553468800588,90.42553468800588
2015-07-22,2094,1976.7929398494775,117.20706015052247,117.20706015052247
2015-07-22,483,535.5485038729884,-52.54850387298836,52.54850387298836
2015-07-22,898,842.3294240808274,55.67057591917262,55.67057591917262
2015-07-22,1641,1618.9608662765054,22.039133723494615,22.039133723494615
2015-07-22,892,845.2193551936875,46.780644806312466,46.780644806312466
2015-07-22,249,226.76737291216975,22.232627087830252,22.232627087830252
2015-07-22,748,798.3697964136422,-50.369796413642234,50.369796413642234
2015-07-22,1835,1873.4704010583193,-38.47040105831934,38.47040105831934
2015-07-22,2607,2441.88454787799,165.11545212201008,165.11545212201008
2015-07-22,2073,2144.350650600424,-71.35065060042416,71.35065060042416
2015-07-22,634,496.2049218438376,137.7950781561624,137.7950781561624
2015-07-22,610,632.5685228692082,-22.56852286920821,22.56852286920821
2015-07-22,3385,3485.3307373386992,-100.33073733869924,100.33073733869924
2015-07-22,932,843.8936351691223,88.10636483087774,88.10636483087774
2015-07-22,1867,2003.4565146161751,-136.45651461617513,136.45651461617513
2015-07-22,756,813.8873796790516,-57.887379679051605,57.887379679051605
2015-07-22,326,343.14048916715353,-17.140489167153532,17.140489167153532
2015-07-22,2290,2194.0064192141454,95.99358078585465,95.99358078585465
2015-07-22,468,455.1584386154103,12.841561384589681,12.841561384589681
2015-07-23,376,333.1060846788715,42.893915321128475,42.893915321128475
2015-07-23,863,778.2394874373778,84.76051256262224,84.76051256262224
2015-07-23,2277,2031.1025033795968,245.89749662040322,245.89749662040322
2015-07-23,2233,2183.3931828567997,49.60681714320026,49.60681714320026
2015-07-23,2364,2515.786428629662,-151.78642862966217,151.78642862966217
2015-07-23,284,262.9826479888636,21.01735201113638,21.01735201113638
2015-07-23,1390,1427.7158349943602,-37.71583499436019,37.71583499436019
2015-07-23,266,214.37491951154837,51.62508048845163,51.62508048845163
2015-07-23,2303,2130.0831333165465,172.91686668345346,172.91686668345346
2015-07-23,362,384.98054684255266,-22.980546842552656,22.980546842552656
2015-07-23,1960,1877.8699802151561,82.13001978484385,82.13001978484385
2015-07-23,3631,3618.2366913214387,12.763308678561316,12.763308678561316
2015-07-23,671,632.2809367935172,38.719063206482815,38.719063206482815
2015-07-23,2068,1957.782908355397,110.21709164460299,110.21709164460299
2015-07-23,851,912.1753899026413,-61.175389902641314,61.175389902641314
2015-07-23,1659,1563.6474177011137,95.35258229888632,95.35258229888632
2015-07-23,589,636.673872157187,-47.67387215718702,47.67387215718702
2015-07-23,577,518.5771206031294,58.4228793968706,58.4228793968706
2015-07-23,192,213.55868455669636,-21.558684556696363,21.558684556696363
2015-07-23,1845,1842.3416027600506,2.6583972399494087,2.6583972399494087
2015-07-23,792,795.2642532511431,-3.2642532511431455,3.2642532511431455
2015-07-23,503,530.9406068566378,-27.940606856637828,27.940606856637828
2015-07-23,341,294.4133941184389,46.58660588156113,46.58660588156113
2015-07-23,1903,2027.3662600631546,-124.36626006315464,124.36626006315464
2015-07-23,460,460.24672132876714,-0.24672132876713704,0.24672132876713704
2015-07-23,921,936.0741989941216,-15.074198994121616,15.074198994121616
2015-07-23,328,406.8427321903437,-78.84273219034372,78.84273219034372
2015-07-23,325,338.6730249263094,-13.673024926309381,13.673024926309381
2015-07-23,976,859.6769378665866,116.32306213341337,116.32306213341337
2015-07-23,885,890.1846382926835,-5.18463829268353,5.18463829268353
2015-07-24,2491,2310.2340879920753,180.76591200792473,180.76591200792473
2015-07-24,1066,948.9183720006771,117.0816279993229,117.0816279993229
2015-07-24,1615,1638.448629356024,-23.448629356023957,23.448629356023957
2015-07-24,385,391.7330691579612,-6.733069157961211,6.733069157961211
2015-07-24,402,429.3735504841293,-27.373550484129282,27.373550484129282
2015-07-24,552,583.701191440337,-31.70119144033697,31.70119144033697
2015-07-24,2361,2302.976291208277,58.02370879172304,58.02370879172304
2015-07-24,1053,941.0274115942278,111.97258840577217,111.97258840577217
2015-07-24,496,472.8912679210144,23.10873207898561,23.10873207898561
2015-07-24,850,787.4382345487159,62.561765451284145,62.561765451284145
2015-07-24,2086,1917.055305352516,168.94469464748408,168.94469464748408
2015-07-24,3745,3957.9830385012606,-212.98303850126058,212.98303850126058
2015-07-24,917,903.3673583281145,13.632641671885494,13.632641671885494
2015-07-24,480,473.8124458052523,6.18755419474769,6.18755419474769
2015-07-24,293,251.28543651414873,41.71456348585127,41.71456348585127
2015-07-24,461,359.73208655575587,101.26791344424413,101.26791344424413
2015-07-24,241,233.3117290986311,7.688270901368895,7.688270901368895
2015-07-24,506,549.4078007133703,-43.40780071337031,43.40780071337031
2015-07-24,1001,1034.9542081622467,-33.95420816224669,33.95420816224669
2015-07-24,1035,1017.0934800267072,17.906519973292802,17.906519973292802
2015-07-24,2838,2891.1524961555815,-53.1524961555815,53.1524961555815
2015-07-24,2586,2512.3875993995166,73.6124006004834,73.6124006004834
2015-07-24,961,897.3008090221098,63.699190977890225,63.699190977890225
2015-07-24,780,808.5078903175988,-28.50789031759882,28.50789031759882
2015-07-24,2267,2390.0824452858506,-123.08244528585055,123.08244528585055
2015-07-24,2057,2079.138070351906,-22.138070351906208,22.138070351906208
2015-07-24,395,339.14023330320896,55.85976669679104,55.85976669679104
2015-07-24,261,285.8576863928863,-24.857686392886308,24.857686392886308
2015-07-24,1836,1733.2080240663063,102.79197593369372,102.79197593369372
2015-07-24,2424,2363.7198532585935,60.2801467414065,60.2801467414065
2015-07-25,2191,2141.1695519537466,49.83044804625342,49.83044804625342
2015-07-25,1368,1337.9568667807828,30.043133219217225,30.043133219217225
2015-07-25,2287,2409.8673935156426,-122.86739351564256,122.86739351564256
2015-07-25,412,414.1462811806627,-2.1462811806626974,2.1462811806626974
2015-07-25,2507,2450.6324050564253,56.36759494357466,56.36759494357466
2015-07-25,1227,1124.0113945051407,102.98860549485926,102.98860549485926
2015-07-25,292,262.35933154254565,29.640668457454353,29.640668457454353
2015-07-25,291,411.55440760650464,-120.55440760650464,120.55440760650464
2015-07-25,1073,1197.22595830974,-124.22595830974001,124.22595830974001
2015-07-25,362,301.18390960932595,60.81609039067405,60.81609039067405
2015-07-25,959,1077.4162483028642,-118.41624830286423,118.41624830286423
2015-07-25,896,907.8412988303165,-11.841298830316532,11.841298830316532
2015-07-25,2670,2705.9857158983186,-35.98571589831863,35.98571589831863
2015-07-25,1118,1128.3100260614835,-10.31002606148354,10.31002606148354
2015-07-25,490,560.1431871883766,-70.1431871883766,70.1431871883766
2015-07-25,515,497.70301239659784,17.296987603402158,17.296987603402158
2015-07-25,470,527.7984632562082,-57.79846325620815,57.79846325620815
2015-07-25,1674,1709.9446782565292,-35.94467825652919,35.94467825652919
2015-07-25,552,639.5930334128655,-87.59303341286545,87.59303341286545
2015-07-25,2986,3357.1854283882317,-371.1854283882317,371.1854283882317
2015-07-25,2919,2966.6332239835997,-47.63322398359969,47.63322398359969
2015-07-25,316,446.16856848202144,-130.16856848202144,130.16856848202144
2015-07-25,203,239.47180225673438,-36.47180225673438,36.47180225673438
2015-07-25,1075,1111.9335661217415,-36.93356612174148,36.93356612174148
2015-07-25,4357,4477.413217775205,-120.41321777520534,120.41321777520534
2015-07-25,2314,2350.6753577589625,-36.67535775896249,36.67535775896249
2015-07-25,2956,3073.6169474548515,-117.61694745485147,117.61694745485147
2015-07-25,882,918.6006734559262,-36.6006734559262,36.6006734559262
2015-07-25,596,649.5112473689919,-53.51124736899192,53.51124736899192
2015-07-25,2666,2807.953299670668,-141.953299670668,141.953299670668
2015-07-26,225,264.4636376480445,-39.46363764804448,39.46363764804448
2015-07-26,1096,1187.5477178821527,-91.54771788215271,91.54771788215271
2015-07-26,1069,1108.5850351390854,-39.58503513908545,39.58503513908545
2015-07-26,2555,2405.3562085135936,149.64379148640637,149.64379148640637
2015-07-26,2690,2387.934732403959,302.06526759604094,302.06526759604094
2015-07-26,606,547.4380592008367,58.56194079916327,58.56194079916327
2015-07-26,1315,1326.5147262725077,-11.514726272507687,11.514726272507687
2015-07-26,1448,1321.2841663652723,126.71583363472769,126.71583363472769
2015-07-26,526,632.5156833213262,-106.51568332132615,106.51568332132615
2015-07-26,866,852.1138723660652,13.886127633934848,13.886127633934848
2015-07-26,424,474.9435829764955,-50.94358297649552,50.94358297649552
2015-07-26,3110,2915.519813608893,194.48018639110705,194.48018639110705
2015-07-26,3413,3462.0040696867054,-49.00406968670541,49.00406968670541
2015-07-26,1273,1135.2111355483946,137.78886445160538,137.78886445160538
2015-07-26,855,885.2456394680831,-30.24563946808314,30.24563946808314
2015-07-26,984,910.4625734590431,73.53742654095686,73.53742654095686
2015-07-26,2040,2318.9247977603914,-278.92479776039136,278.92479776039136
2015-07-26,2771,2838.282738309582,-67.28273830958187,67.28273830958187
2015-07-26,2175,2249.662908781389,-74.66290878138898,74.66290878138898
2015-07-26,4343,5007.473442254104,-664.4734422541042,664.4734422541042
2015-07-26,2666,2742.4228541835964,-76.42285418359643,76.42285418359643
2015-07-26,691,695.4870076575723,-4.487007657572349,4.487007657572349
2015-07-26,399,454.0834109995783,-55.08341099957829,55.08341099957829
2015-07-26,324,354.67686590474585,-30.676865904745853,30.676865904745853
2015-07-26,302,325.75051068703056,-23.750510687030555,23.750510687030555
2015-07-26,474,385.59514595400043,88.40485404599957,88.40485404599957
2015-07-26,3025,2885.813915157642,139.186084842358,139.186084842358
2015-07-26,1834,1779.469688818545,54.53031118145509,54.53031118145509
2015-07-26,394,377.51195519415774,16.488044805842264,16.488044805842264
2015-07-26,299,201.08690185167828,97.91309814832172,97.91309814832172
2015-07-27,431,346.1519624986333,84.84803750136672,84.84803750136672
2015-07-27,2100,2024.784362123024,75.21563787697596,75.21563787697596
2015-07-27,909,893.0726000391346,15.927399960865387,15.927399960865387
2015-07-27,911,885.3797378271013,25.62026217289872,25.62026217289872
2015-07-27,286,317.15459346096264,-31.154593460962644,31.154593460962644
2015-07-27,230,279.9812647623306,-49.981264762330625,49.981264762330625
2015-07-27,430,348.18047615786173,81.81952384213827,81.81952384213827
2015-07-27,1140,1013.9334079852932,126.06659201470677,126.06659201470677
2015-07-27,3020,2577.794607654075,442.2053923459248,442.2053923459248
2015-07-27,954,911.8173343755988,42.18266562440124,42.18266562440124
2015-07-27,867,937.5505006200711,-70.55050062007115,70.55050062007115
2015-07-27,1948,1901.2438670623478,46.75613293765218,46.75613293765218
2015-07-27,264,334.56946045239374,-70.56946045239374,70.56946045239374
2015-07-27,815,923.1837540872624,-108.1837540872624,108.1837540872624
2015-07-27,1533,1564.8458511036424,-31.845851103642417,31.845851103642417
2015-07-27,1894,1786.2080256101658,107.7919743898342,107.7919743898342
2015-07-27,209,204.91085614390576,4.089143856094239,4.089143856094239
2015-07-27,219,210.6712112040868,8.328788795913198,8.328788795913198
2015-07-27,769,720.190255320225,48.80974467977501,48.80974467977501
2015-07-27,2396,2236.8326155812315,159.1673844187685,159.1673844187685
2015-07-27,564,600.8689448450821,-36.86894484508207,36.86894484508207
2015-07-27,681,630.4873858495051,50.51261415049487,50.51261415049487
2015-07-27,343,330.38293667243784,12.617063327562164,12.617063327562164
2015-07-27,2081,2175.404185888074,-94.40418588807415,94.40418588807415
2015-07-27,2090,2054.1246394901027,35.87536050989729,35.87536050989729
2015-07-27,1920,1755.083640798072,164.9163592019279,164.9163592019279
2015-07-27,480,545.3227906745384,-65.3227906745384,65.3227906745384
2015-07-27,2205,2119.762228796699,85.23777120330078,85.23777120330078
2015-07-27,579,504.77982366460367,74.22017633539633,74.22017633539633
2015-07-27,3858,3762.861184861069,95.13881513893102,95.13881513893102
2015-07-28,214,257.02849648864685,-43.02849648864685,43.02849648864685
2015-07-28,1975,2012.5621271943214,-37.56212719432142,37.56212719432142
2015-07-28,376,317.5945149779623,58.40548502203768,58.40548502203768
2015-07-28,1690,1678.1285000370137,11.871499962986263,11.871499962986263
2015-07-28,799,840.4648985047138,-41.4648985047138,41.4648985047138
2015-07-28,302,284.60193961416206,17.398060385837937,17.398060385837937
2015-07-28,493,447.65741843331443,45.34258156668557,45.34258156668557
2015-07-28,201,201.38425327355893,-0.3842532735589259,0.3842532735589259
2015-07-28,326,313.5600998016874,12.439900198312614,12.439900198312614
2015-07-28,181,212.66230492203684,-31.66230492203684,31.66230492203684
2015-07-28,777,801.0972210913369,-24.097221091336905,24.097221091336905
2015-07-28,578,680.0398736113974,-102.03987361139741,102.03987361139741
2015-07-28,2515,2461.6036561338133,53.396343866186726,53.396343866186726
2015-07-28,1745,1742.5694511650518,2.4305488349482403,2.4305488349482403
2015-07-28,1358,1441.236620279404,-83.23662027940395,83.23662027940395
2015-07-28,1941,1930.4149777915775,10.585022208422515,10.585022208422515
2015-07-28,575,615.907374030183,-40.90737403018295,40.90737403018295
2015-07-28,495,558.3480524804663,-63.34805248046632,63.34805248046632
2015-07-28,404,458.07409354747983,-54.07409354747983,54.07409354747983
2015-07-28,1846,1979.0644728635368,-133.06447286353682,133.06447286353682
2015-07-28,943,913.7495985905712,29.250401409428832,29.250401409428832
2015-07-28,834,773.0762989750455,60.92370102495454,60.92370102495454
2015-07-28,825,824.5101902835356,0.48980971646437865,0.48980971646437865
2015-07-28,2275,2109.5841443487457,165.41585565125433,165.41585565125433
2015-07-28,372,354.3493882503346,17.650611749665416,17.650611749665416
2015-07-28,2174,1903.7735232838988,270.22647671610116,270.22647671610116
2015-07-28,851,870.3109034653875,-19.31090346538747,19.31090346538747
2015-07-28,3645,3471.7940583905793,173.20594160942073,173.20594160942073
2015-07-28,349,343.7316885636435,5.268311436356498,5.268311436356498
2015-07-28,1896,1824.6783664318423,71.32163356815772,71.32163356815772
2015-07-29,183,206.35185717722743,-23.35185717722743,23.35185717722743
2015-07-29,790,792.1882407628015,-2.188240762801456,2.188240762801456
2015-07-29,1644,1732.1632233999858,-88.16322339998578,88.16322339998578
2015-07-29,2102,2051.6796424468816,50.320357553118356,50.320357553118356
2015-07-29,372,314.919815850319,57.080184149680974,57.080184149680974
2015-07-29,1956,1994.3530631002213,-38.353063100221334,38.353063100221334
2015-07-29,1928,1948.3752515538022,-20.375251553802173,20.375251553802173
2015-07-29,158,220.78268492421296,-62.78268492421296,62.78268492421296
2015-07-29,335,329.8564539775344,5.143546022465614,5.143546022465614
2015-07-29,2356,2405.621781988431,-49.62178198843094,49.62178198843094
2015-07-29,714,898.881758192643,-184.88175819264302,184.88175819264302
2015-07-29,1527,1401.422856736609,125.57714326339101,125.57714326339101
2015-07-29,330,384.5872998345229,-54.58729983452292,54.58729983452292
2015-07-29,723,887.8184655928895,-164.81846559288954,164.81846559288954
2015-07-29,1602,1650.9176181798375,-48.91761817983752,48.91761817983752
2015-07-29,454,574.0442604354799,-120.04426043547994,120.04426043547994
2015-07-29,1998,2045.24816137897,-47.24816137897005,47.24816137897005
2015-07-29,241,251.00381013693834,-10.003810136938341,10.003810136938341
2015-07-29,412,554.3660502048679,-142.36605020486786,142.36605020486786
2015-07-29,263,325.0128522928757,-62.01285229287572,62.01285229287572
2015-07-29,617,609.8536934884266,7.146306511573357,7.146306511573357
2015-07-29,864,905.7891500731273,-41.7891500731273,41.7891500731273
2015-07-29,601,672.3682493217773,-71.36824932177728,71.36824932177728
2015-07-29,410,465.26996394274045,-55.269963942740446,55.269963942740446
2015-07-29,1990,1803.0330430108904,186.96695698910958,186.96695698910958
2015-07-29,767,797.3618265446074,-30.361826544607425,30.361826544607425
2015-07-29,852,1116.9632864671153,-264.96328646711527,264.96328646711527
2015-07-29,3379,3391.351742388802,-12.351742388801995,12.351742388801995
2015-07-29,1767,1823.745245913847,-56.74524591384693,56.74524591384693
2015-07-29,258,298.8405620781228,-40.84056207812279,40.84056207812279
2015-07-30,2716,2245.966741975815,470.0332580241852,470.0332580241852
2015-07-30,817,899.2460254974312,-82.24602549743122,82.24602549743122
2015-07-30,2199,1750.786127470331,448.21387252966906,448.21387252966906
2015-07-30,1778,1628.6251675023932,149.3748324976068,149.3748324976068
2015-07-30,475,496.83908470774185,-21.839084707741847,21.839084707741847
2015-07-30,881,919.5916569682962,-38.591656968296206,38.591656968296206
2015-07-30,790,855.5551499835923,-65.55514998359229,65.55514998359229
2015-07-30,249,212.552581029539,36.447418970461,36.447418970461
2015-07-30,276,313.3559498919239,-37.3559498919239,37.3559498919239
2015-07-30,3387,3496.59828783343,-109.59828783342982,109.59828783342982
2015-07-30,669,718.508929009543,-49.50892900954295,49.50892900954295
2015-07-30,2000,1999.6709732800955,0.3290267199045047,0.3290267199045047
2015-07-30,374,266.19758430870127,107.80241569129873,107.80241569129873
2015-07-30,409,358.61450834546235,50.385491654537645,50.385491654537645
2015-07-30,2160,2191.0052578594755,-31.005257859475478,31.005257859475478
2015-07-30,1515,1445.997494727075,69.00250527292496,69.00250527292496
2015-07-30,391,372.0731464416914,18.926853558308608,18.926853558308608
2015-07-30,529,453.91561872175276,75.08438127824724,75.08438127824724
2015-07-30,2095,2060.3257988982755,34.67420110172452,34.67420110172452
2015-07-30,1686,1734.5396585458639,-48.53965854586386,48.53965854586386
2015-07-30,722,844.4235703622985,-122.4235703622985,122.4235703622985
2015-07-30,1679,1791.5315490638231,-112.53154906382315,112.53154906382315
2015-07-30,618,664.2321924928564,-46.23219249285637,46.23219249285637
2015-07-30,576,515.0779418946078,60.92205810539224,60.92205810539224
2015-07-30,206,226.47065845565666,-20.47065845565666,20.47065845565666
2015-07-30,1889,2086.4672751589137,-197.4672751589137,197.4672751589137
2015-07-30,844,910.5362230215475,-66.53622302154747,66.53622302154747
2015-07-30,346,343.61477207062495,2.3852279293750485,2.3852279293750485
2015-07-30,370,353.65144268612465,16.348557313875347,16.348557313875347
2015-07-30,941,1030.803964405778,-89.80396440577806,89.80396440577806
2015-07-31,1002,910.8105341934794,91.18946580652062,91.18946580652062
2015-07-31,501,555.7489865763671,-54.74898657636709,54.74898657636709
2015-07-31,295,347.67492403556946,-52.67492403556946,52.67492403556946
2015-07-31,1989,2233.19989283134,-244.1998928313401,244.1998928313401
2015-07-31,2302,2304.0970597193837,-2.097059719383651,2.097059719383651
2015-07-31,996,1075.5164673415595,-79.51646734155952,79.51646734155952
2015-07-31,1007,1081.6609034450153,-74.66090344501526,74.66090344501526
2015-07-31,383,356.86799984473413,26.13200015526587,26.13200015526587
2015-07-31,1168,941.225112879607,226.77488712039303,226.77488712039303
2015-07-31,313,355.20100993414763,-42.201009934147635,42.201009934147635
2015-07-31,1044,1127.1626469114535,-83.16264691145352,83.16264691145352
2015-07-31,2441,2367.277250242687,73.72274975731307,73.72274975731307
2015-07-31,2418,2369.2113676834224,48.788632316577605,48.788632316577605
2015-07-31,3242,3125.0044980375806,116.99550196241944,116.99550196241944
2015-07-31,480,501.86870311860787,-21.86870311860787,21.86870311860787
2015-07-31,1022,1151.9028964864012,-129.90289648640123,129.90289648640123
2015-07-31,380,398.13640060095514,-18.13640060095514,18.13640060095514
2015-07-31,1237,1099.2896749259376,137.71032507406244,137.71032507406244
2015-07-31,2557,2695.10116091781,-138.10116091780992,138.10116091780992
2015-07-31,1462,1773.1644796515134,-311.1644796515134,311.1644796515134
2015-07-31,535,575.5579667695371,-40.557966769537074,40.557966769537074
2015-07-31,703,671.629271886468,31.37072811353198,31.37072811353198
2015-07-31,1718,1260.8135650404392,457.18643495956076,457.18643495956076
2015-07-31,2738,2638.3715666005314,99.62843339946858,99.62843339946858
2015-07-31,2675,2500.1811137160544,174.81888628394563,174.81888628394563
2015-07-31,393,475.2097399182579,-82.20973991825792,82.20973991825792
2015-07-31,3689,3767.5538893886546,-78.55388938865462,78.55388938865462
2015-07-31,1771,1966.0917867976166,-195.09178679761658,195.09178679761658
2015-07-31,601,656.0518456783262,-55.05184567832623,55.05184567832623
2015-07-31,416,457.41100433987856,-41.41100433987856,41.41100433987856
2015-08-01,1157,948.2434755240201,208.75652447597986,208.75652447597986
2015-08-01,2778,2872.936075005732,-94.93607500573216,94.93607500573216
2015-08-01,3294,3160.699590192208,133.30040980779222,133.30040980779222
2015-08-01,2428,2511.996673762815,-83.99667376281513,83.99667376281513
2015-08-01,599,561.3091338158898,37.69086618411018,37.69086618411018
2015-08-01,533,508.7398648413393,24.260135158660717,24.260135158660717
2015-08-01,779,732.2198101987202,46.78018980127979,46.78018980127979
2015-08-01,749,685.167209660992,63.832790339008056,63.832790339008056
2015-08-01,3050,2945.8513762331227,104.14862376687734,104.14862376687734
2015-08-01,418,407.6584899185716,10.341510081428396,10.341510081428396
2015-08-01,348,343.87886824674666,4.121131753253337,4.121131753253337
2015-08-01,621,503.11794877618433,117.88205122381567,117.88205122381567
2015-08-01,1621,1262.335089513983,358.6649104860171,358.6649104860171
2015-08-01,2413,2121.6871535181635,291.31284648183646,291.31284648183646
2015-08-01,1126,1154.7855869287307,-28.78558692873071,28.78558692873071
2015-08-01,1293,1272.6647111773452,20.335288822654775,20.335288822654775
2015-08-01,1608,1326.4524711525519,281.5475288474481,281.5475288474481
2015-08-01,1253,1191.6826312814712,61.31736871852877,61.31736871852877
2015-08-01,2947,2970.635356380403,-23.63535638040321,23.63535638040321
2015-08-01,486,385.79327712454193,100.20672287545807,100.20672287545807
2015-08-01,4622,4700.182004611502,-78.18200461150172,78.18200461150172
2015-08-01,390,419.4530413105014,-29.45304131050142,29.45304131050142
2015-08-01,278,336.68287104053337,-58.68287104053337,58.68287104053337
2015-08-01,1830,1797.3794356852281,32.620564314771855,32.620564314771855
2015-08-01,1324,1189.2755338775858,134.72446612241424,134.72446612241424
2015-08-01,1021,953.842947403472,67.15705259652805,67.15705259652805
2015-08-01,3804,3483.9094740487103,320.0905259512897,320.0905259512897
2015-08-01,345,297.9654484789546,47.03455152104539,47.03455152104539
2015-08-01,3222,2904.3235446843005,317.6764553156995,317.6764553156995
2015-08-01,2813,2558.182742281415,254.8172577185851,254.8172577185851
2015-08-02,678,827.3210778748886,-149.3210778748886,149.3210778748886
2015-08-02,320,327.00832727912075,-7.008327279120749,7.008327279120749
2015-08-02,1911,1939.9975210725581,-28.99752107255813,28.99752107255813
2015-08-02,964,959.7632471398551,4.236752860144861,4.236752860144861
2015-08-02,3360,2819.8715365930334,540.1284634069666,540.1284634069666
2015-08-02,579,602.5897597108017,-23.589759710801673,23.589759710801673
2015-08-02,977,984.0556821719017,-7.055682171901708,7.055682171901708
2015-08-02,280,277.5619979396075,2.4380020603924777,2.4380020603924777
2015-08-02,3803,3650.129214370894,152.8707856291062,152.8707856291062
2015-08-02,393,402.24625480794776,-9.246254807947764,9.246254807947764
2015-08-02,1412,1425.5699836818962,-13.569983681896247,13.569983681896247
2015-08-02,3340,3035.728932280265,304.27106771973513,304.27106771973513
2015-08-02,2689,2338.7235184618144,350.27648153818564,350.27648153818564
2015-08-02,1143,1288.8680179991773,-145.86801799917725,145.86801799917725
2015-08-02,2623,2703.5101889964885,-80.51018899648852,80.51018899648852
2015-08-02,416,367.92871923547494,48.071280764525056,48.071280764525056
2015-08-02,464,453.2938598046313,10.706140195368675,10.706140195368675
2015-08-02,353,396.9574252289249,-43.957425228924876,43.957425228924876
2015-08-02,3094,2869.1823004545668,224.81769954543324,224.81769954543324
2015-08-02,1183,1127.7122199162322,55.28778008376776,55.28778008376776
2015-08-02,257,267.96220140418933,-10.96220140418933,10.96220140418933
2015-08-02,4348,3974.242355359592,373.7576446404082,373.7576446404082
2015-08-02,485,463.35378344862477,21.646216551375232,21.646216551375232
2015-08-02,5279,5284.1604946183925,-5.160494618392477,5.160494618392477
2015-08-02,1665,1308.5920791319998,356.40792086800025,356.40792086800025
2015-08-02,1120,1189.196202389672,-69.19620238967195,69.19620238967195
2015-08-02,755,668.5220876315148,86.47791236848525,86.47791236848525
2015-08-02,1200,1190.4102874170687,9.58971258293127,9.58971258293127
2015-08-02,3242,3070.8510538022347,171.14894619776533,171.14894619776533
2015-08-02,3208,3168.9738712795893,39.026128720410725,39.026128720410725
2015-08-03,1015,1051.1458901589012,-36.14589015890124,36.14589015890124
2015-08-03,2603,2540.7445544378816,62.25544556211844,62.25544556211844
2015-08-03,403,387.0724882019568,15.927511798043213,15.927511798043213
2015-08-03,1181,1330.1836139814077,-149.1836139814077,149.1836139814077
2015-08-03,351,379.9356462157361,-28.935646215736085,28.935646215736085
2015-08-03,1190,1082.845319674776,107.15468032522404,107.15468032522404
2015-08-03,880,1048.1695209235043,-168.16952092350425,168.16952092350425
2015-08-03,453,411.2606861645468,41.739313835453174,41.739313835453174
2015-08-03,2495,2714.9382992159567,-219.9382992159567,219.9382992159567
2015-08-03,384,340.02322546358477,43.976774536415235,43.976774536415235
2015-08-03,3463,3701.3143113109873,-238.31431131098725,238.31431131098725
2015-08-03,2110,2727.2952685196906,-617.2952685196906,617.2952685196906
2015-08-03,3262,2905.6183905474754,356.3816094525246,356.3816094525246
2015-08-03,1745,1742.458447938405,2.5415520615949845,2.5415520615949845
2015-08-03,4482,4575.261919245977,-93.26191924597697,93.26191924597697
2015-08-03,2703,2842.614775214911,-139.61477521491088,139.61477521491088
2015-08-03,682,642.3591339807471,39.64086601925294,39.64086601925294
2015-08-03,224,315.46376739258585,-91.46376739258585,91.46376739258585
2015-08-03,566,657.9429099797611,-91.94290997976111,91.94290997976111
2015-08-03,316,242.49620290923198,73.50379709076802,73.50379709076802
2015-08-03,2957,2951.262565561741,5.737434438258788,5.737434438258788
2015-08-03,542,567.1174336250916,-25.11743362509162,25.11743362509162
2015-08-03,1429,1162.6009955657487,266.3990044342513,266.3990044342513
2015-08-03,917,861.1718161828917,55.82818381710831,55.82818381710831
2015-08-03,4156,4051.8673369434787,104.13266305652132,104.13266305652132
2015-08-03,1011,1039.610600285559,-28.61060028555903,28.61060028555903
2015-08-03,300,259.09294351749406,40.907056482505936,40.907056482505936
2015-08-03,386,399.1010007513423,-13.101000751342326,13.101000751342326
2015-08-03,2162,2120.339911836634,41.6600881633658,41.6600881633658
2015-08-03,889,782.9199990190109,106.0800009809891,106.0800009809891
2015-08-04,2082,2063.1836577429494,18.816342257050565,18.816342257050565
2015-08-04,2363,2163.7532313024108,199.24676869758923,199.24676869758923
2015-08-04,410,380.17036136327096,29.829638636729044,29.829638636729044
2015-08-04,208,229.88585579521055,-21.885855795210546,21.885855795210546
2015-08-04,284,358.9124107981733,-74.91241079817331,74.91241079817331
2015-08-04,311,368.8215120365969,-57.821512036596914,57.821512036596914
2015-08-04,2286,2409.4211466854867,-123.42114668548675,123.42114668548675
2015-08-04,978,940.3678705117757,37.63212948822434,37.63212948822434
2015-08-04,1494,1475.1044725725676,18.8955274274324,18.8955274274324
2015-08-04,2341,2522.3825402293733,-181.38254022937326,181.38254022937326
2015-08-04,340,342.27311703597866,-2.2731170359786574,2.2731170359786574
2015-08-04,3991,4110.68441422105,-119.68441422105025,119.68441422105025
2015-08-04,990,959.0671065171455,30.932893482854524,30.932893482854524
2015-08-04,984,1055.9482771494738,-71.94827714947382,71.94827714947382
2015-08-04,490,527.9361172064562,-37.936117206456174,37.936117206456174
2015-08-04,243,237.04397368449008,5.9560263155099165,5.9560263155099165
2015-08-04,297,222.02767694941437,74.97232305058563,74.97232305058563
2015-08-04,707,717.5475381201237,-10.547538120123704,10.547538120123704
2015-08-04,932,825.4358383273193,106.56416167268071,106.56416167268071
2015-08-04,2938,2862.0726558293736,75.92734417062638,75.92734417062638
2015-08-04,2108,2173.497697707995,-65.49769770799503,65.49769770799503
2015-08-04,350,302.274193791384,47.72580620861601,47.72580620861601
2015-08-04,1985,1805.173081626334,179.8269183736661,179.8269183736661
2015-08-04,2206,1979.8015736658363,226.19842633416374,226.19842633416374
2015-08-04,864,832.9416281869629,31.05837181303707,31.05837181303707
2015-08-04,629,665.1554572432797,-36.15545724327967,36.15545724327967
2015-08-04,2796,2857.458352794524,-61.45835279452422,61.45835279452422
2015-08-04,502,470.51164988829197,31.48835011170803,31.48835011170803
2015-08-04,626,554.4999670330163,71.50003296698367,71.50003296698367
2015-08-04,923,812.7983766059475,110.20162339405249,110.20162339405249
2015-08-05,336,338.56764156327307,-2.567641563273071,2.567641563273071
2015-08-05,278,331.62728120065003,-53.62728120065003,53.62728120065003
2015-08-05,1759,1858.04446626332,-99.04446626331992,99.04446626331992
2015-08-05,893,920.3119021009976,-27.3119021009976,27.3119021009976
2015-08-05,334,367.42056975861243,-33.42056975861243,33.42056975861243
2015-08-05,2288,2325.490530456393,-37.49053045639312,37.49053045639312
2015-08-05,352,310.83154665649016,41.16845334350984,41.16845334350984
2015-08-05,375,312.90737383627874,62.09262616372126,62.09262616372126
2015-08-05,931,847.5845756095651,83.41542439043485,83.41542439043485
2015-08-05,604,649.9108887502792,-45.91088875027924,45.91088875027924
2015-08-05,1630,1519.6834893846963,110.31651061530374,110.31651061530374
2015-08-05,2822,2870.0365930870357,-48.036593087035726,48.036593087035726
2015-08-05,2144,2133.923353963484,10.076646036516195,10.076646036516195
2015-08-05,2714,2501.4069046984177,212.59309530158225,212.59309530158225
2015-08-05,841,831.5371998626225,9.462800137377485,9.462800137377485
2015-08-05,816,538.3995218437008,277.60047815629923,277.60047815629923
2015-08-05,242,252.29862073398425,-10.29862073398425,10.29862073398425
2015-08-05,2181,2270.9616299089344,-89.96162990893436,89.96162990893436
2015-08-05,258,239.93553210267532,18.064467897324676,18.064467897324676
2015-08-05,668,653.1979684630978,14.802031536902177,14.802031536902177
2015-08-05,3851,3905.8676475527404,-54.867647552740436,54.867647552740436
2015-08-05,3348,3549.6516334391868,-201.65163343918675,201.65163343918675
2015-08-05,996,991.2763116804389,4.72368831956112,4.72368831956112
2015-08-05,487,520.5759750686375,-33.57597506863749,33.57597506863749
2015-08-05,769,800.9754308454895,-31.97543084548954,31.97543084548954
2015-08-05,845,821.1711900815981,23.82880991840193,23.82880991840193
2015-08-05,233,230.58406668779833,2.4159333122016733,2.4159333122016733
2015-08-05,2336,2062.754907287328,273.245092712672,273.245092712672
2015-08-05,458,470.8824574031908,-12.882457403190813,12.882457403190813
2015-08-05,2490,2404.1236505847514,85.87634941524857,85.87634941524857
2015-08-06,249,231.64097756294566,17.359022437054335,17.359022437054335
2015-08-06,457,480.9947381966388,-23.99473819663882,23.99473819663882
2015-08-06,899,838.3485064125364,60.65149358746362,60.65149358746362
2015-08-06,2157,2280.526074197154,-123.52607419715378,123.52607419715378
2015-08-06,481,616.7795645661661,-135.77956456616607,135.77956456616607
2015-08-06,2477,2626.9220419009157,-149.9220419009157,149.9220419009157
2015-08-06,379,315.7372518202302,63.2627481797698,63.2627481797698
2015-08-06,3939,4024.635080511108,-85.63508051110784,85.63508051110784
2015-08-06,898,944.316390018354,-46.316390018354014,46.316390018354014
2015-08-06,2602,2666.4404560988146,-64.4404560988146,64.4404560988146
2015-08-06,515,497.2088716917589,17.791128308241127,17.791128308241127
2015-08-06,800,878.4664653090446,-78.46646530904457,78.46646530904457
2015-08-06,324,382.06401258311143,-58.064012583111435,58.064012583111435
2015-08-06,259,368.20884508513797,-109.20884508513797,109.20884508513797
2015-08-06,317,310.28641631180994,6.713583688190056,6.713583688190056
2015-08-06,648,657.0279836404892,-9.027983640489197,9.027983640489197
2015-08-06,876,804.2383834830748,71.76161651692519,71.76161651692519
2015-08-06,3532,3532.0850320176824,-0.08503201768235158,0.08503201768235158
2015-08-06,1720,1785.3446834274937,-65.34468342749369,65.34468342749369
2015-08-06,938,993.3397941872971,-55.339794187297116,55.339794187297116
2015-08-06,778,760.9383114730831,17.061688526916896,17.061688526916896
2015-08-06,671,640.0842180510556,30.915781948944414,30.915781948944414
2015-08-06,1932,2298.659389225521,-366.65938922552095,366.65938922552095
2015-08-06,2919,2935.1588232921254,-16.158823292125362,16.158823292125362
2015-08-06,1426,1520.1789912876254,-94.17899128762542,94.17899128762542
2015-08-06,2243,2269.7618083171087,-26.761808317108716,26.761808317108716
2015-08-06,247,229.15995609319094,17.840043906809058,17.840043906809058
2015-08-06,359,331.3302752840611,27.669724715938912,27.669724715938912
2015-08-06,2472,2368.1510544776265,103.84894552237347,103.84894552237347
2015-08-06,284,274.2369700865685,9.763029913431524,9.763029913431524
2015-08-07,1020,1030.7736894889317,-10.773689488931723,10.773689488931723
2015-08-07,909,1037.1483281307017,-128.14832813070166,128.14832813070166
2015-08-07,314,371.48064368127166,-57.48064368127166,57.48064368127166
2015-08-07,415,495.30807129957276,-80.30807129957276,80.30807129957276
2015-08-07,2836,2462.7786983903547,373.22130160964525,373.22130160964525
2015-08-07,1048,1224.6404562744297,-176.64045627442965,176.64045627442965
2015-08-07,318,374.4677243623316,-56.46772436233158,56.46772436233158
2015-08-07,4154,4282.01194814334,-128.0119481433403,128.0119481433403
2015-08-07,1028,933.8621403927993,94.13785960720065,94.13785960720065
2015-08-07,1535,1609.050647456363,-74.0506474563631,74.0506474563631
2015-08-07,825,829.8777435158747,-4.877743515874727,4.877743515874727
2015-08-07,2201,2483.142246012382,-282.1422460123822,282.1422460123822
2015-08-07,1897,1902.3574715123234,-5.3574715123234,5.3574715123234
2015-08-07,3140,3401.168991200133,-261.16899120013295,261.16899120013295
2015-08-07,2655,2990.8490390123743,-335.8490390123743,335.8490390123743
2015-08-07,970,926.1554921415386,43.844507858461384,43.844507858461384
2015-08-07,839,917.4119636001054,-78.41196360010542,78.41196360010542
2015-08-07,298,283.4635571134171,14.536442886582904,14.536442886582904
2015-08-07,2702,2606.713005570377,95.28699442962306,95.28699442962306
2015-08-07,2075,2272.269289854033,-197.2692898540331,197.2692898540331
2015-08-07,255,249.77683012639284,5.223169873607162,5.223169873607162
2015-08-07,206,276.3227280343982,-70.32272803439821,70.32272803439821
2015-08-07,333,350.6393374495011,-17.639337449501113,17.639337449501113
2015-08-07,399,420.73473085123214,-21.734730851232143,21.734730851232143
2015-08-07,2318,2396.214656964609,-78.21465696460882,78.21465696460882
2015-08-07,622,578.7076926592507,43.29230734074929,43.29230734074929
2015-08-07,516,577.0704570593205,-61.07045705932046,61.07045705932046
2015-08-07,1012,915.1446116896572,96.85538831034285,96.85538831034285
2015-08-07,2943,2777.933971366895,165.0660286331049,165.0660286331049
2015-08-07,354,450.72150032075905,-96.72150032075905,96.72150032075905
2015-08-08,435,332.9112938768406,102.0887061231594,102.0887061231594
2015-08-08,5043,4989.306973735934,53.69302626406625,53.69302626406625
2015-08-08,556,525.5558820746041,30.444117925395858,30.444117925395858
2015-08-08,1726,1820.6408157749784,-94.64081577497836,94.64081577497836
2015-08-08,834,995.4407171096279,-161.44071710962794,161.44071710962794
2015-08-08,3233,3219.7722461185367,13.227753881463286,13.227753881463286
2015-08-08,1406,1483.5044244772032,-77.5044244772032,77.5044244772032
2015-08-08,3926,3933.272461429138,-7.27246142913782,7.27246142913782
2015-08-08,587,534.4948411427156,52.505158857284414,52.505158857284414
2015-08-08,659,666.7932988248738,-7.793298824873773,7.793298824873773
2015-08-08,2792,2809.257801062355,-17.257801062355156,17.257801062355156
2015-08-08,3161,3312.9577146074366,-151.95771460743663,151.95771460743663
2015-08-08,1435,1188.736378153656,246.263621846344,246.263621846344
2015-08-08,2831,3058.5130065798485,-227.51300657984848,227.51300657984848
2015-08-08,264,260.2480278095306,3.7519721904694165,3.7519721904694165
2015-08-08,2553,2494.898005228491,58.101994771509,58.101994771509
2015-08-08,232,257.56378409268575,-25.56378409268575,25.56378409268575
2015-08-08,552,547.3158787063979,4.684121293602061,4.684121293602061
2015-08-08,1165,1133.5126965427464,31.487303457253574,31.487303457253574
2015-08-08,2449,2897.5508520397016,-448.55085203970157,448.55085203970157
2015-08-08,777,669.354079790215,107.645920209785,107.645920209785
2015-08-08,2306,2301.9135070081156,4.08649299188437,4.08649299188437
2015-08-08,478,394.37202990565453,83.62797009434547,83.62797009434547
2015-08-08,1077,1113.397964714609,-36.39796471460909,36.39796471460909
2015-08-08,1260,1159.170600097726,100.82939990227396,100.82939990227396
2015-08-08,982,946.1163632516549,35.88363674834511,35.88363674834511
2015-08-08,1112,1250.5860709935919,-138.58607099359187,138.58607099359187
2015-08-08,383,407.95913775299897,-24.95913775299897,24.95913775299897
2015-08-08,3573,3768.3845509969783,-195.3845509969783,195.3845509969783
2015-08-08,317,398.97802754725507,-81.97802754725507,81.97802754725507
2015-08-09,4396,3976.803839431945,419.1961605680549,419.1961605680549
2015-08-09,1209,1112.14386881192,96.8561311880801,96.8561311880801
2015-08-09,1173,1202.805784557073,-29.80578455707291,29.80578455707291
2015-08-09,3102,2947.5994561723983,154.40054382760172,154.40054382760172
2015-08-09,4115,4208.8452078116425,-93.84520781164247,93.84520781164247
2015-08-09,299,245.23205902674098,53.767940973259016,53.767940973259016
2015-08-09,467,458.75648937709883,8.24351062290117,8.24351062290117
2015-08-09,421,406.6841911447799,14.315808855220098,14.315808855220098
2015-08-09,738,657.4656910931769,80.53430890682307,80.53430890682307
2015-08-09,1399,1474.9043992014274,-75.9043992014274,75.9043992014274
2015-08-09,2931,2790.6884745511024,140.31152544889756,140.31152544889756
2015-08-09,287,256.7358497723026,30.264150227697428,30.264150227697428
2015-08-09,677,687.7857910271399,-10.785791027139908,10.785791027139908
2015-08-09,2568,2428.755260646737,139.24473935326296,139.24473935326296
2015-08-09,2750,2938.1987520266534,-188.19875202665344,188.19875202665344
2015-08-09,283,331.6657423646192,-48.66574236461918,48.66574236461918
2015-08-09,1911,1851.3791200762228,59.62087992377724,59.62087992377724
2015-08-09,3287,3198.6925933747984,88.30740662520157,88.30740662520157
2015-08-09,3282,3200.218287282083,81.78171271791689,81.78171271791689
2015-08-09,882,937.3430291531058,-55.34302915310582,55.34302915310582
2015-08-09,1112,1169.6880374195825,-57.68803741958254,57.68803741958254
2015-08-09,579,473.4830111783362,105.5169888216638,105.5169888216638
2015-08-09,853,881.2128761523252,-28.21287615232518,28.21287615232518
2015-08-09,409,371.21184463578584,37.78815536421416,37.78815536421416
2015-08-09,5588,5496.479571771965,91.52042822803469,91.52042822803469
2015-08-09,1524,1389.6644653370524,134.33553466294757,134.33553466294757
2015-08-09,652,579.214508720139,72.78549127986105,72.78549127986105
2015-08-09,3603,3420.814342784415,182.1856572155848,182.1856572155848
2015-08-09,1031,1042.1217020559857,-11.12170205598568,11.12170205598568
2015-08-09,433,392.0696377857374,40.93036221426257,40.93036221426257
2015-08-10,832,945.6602647679914,-113.6602647679914,113.6602647679914
2015-08-10,2098,2206.7721408581706,-108.77214085817059,108.77214085817059
2015-08-10,285,378.141899389301,-93.14189938930099,93.14189938930099
2015-08-10,1998,2332.683267691328,-334.6832676913282,334.6832676913282
2015-08-10,2244,2142.081884888027,101.91811511197284,101.91811511197284
2015-08-10,499,595.8655877591992,-96.86558775919923,96.86558775919923
2015-08-10,363,328.1980333044713,34.80196669552868,34.80196669552868
2015-08-10,923,981.6921297906584,-58.69212979065844,58.69212979065844
2015-08-10,2555,2703.642028308897,-148.6420283088969,148.6420283088969
2015-08-10,748,793.0854921942969,-45.085492194296876,45.085492194296876
2015-08-10,542,556.1455960012574,-14.145596001257445,14.145596001257445
2015-08-10,232,239.06071006701453,-7.060710067014526,7.060710067014526
2015-08-10,2130,1965.8048926009212,164.19510739907878,164.19510739907878
2015-08-10,306,368.62343385489527,-62.62343385489527,62.62343385489527
2015-08-10,345,371.95670823338867,-26.956708233388667,26.956708233388667
2015-08-10,3128,3109.3944591772033,18.605540822796684,18.605540822796684
2015-08-10,1679,1662.4197605063066,16.580239493693398,16.580239493693398
2015-08-10,4618,4868.467739418082,-250.4677394180817,250.4677394180817
2015-08-10,428,356.10609363919036,71.89390636080964,71.89390636080964
2015-08-10,1025,990.9464995802485,34.05350041975146,34.05350041975146
2015-08-10,906,970.6279115252781,-64.62791152527814,64.62791152527814
2015-08-10,2753,3014.116576026203,-261.1165760262029,261.1165760262029
2015-08-10,213,244.52404747329857,-31.524047473298566,31.524047473298566
2015-08-10,1910,2095.041593934765,-185.04159393476493,185.04159393476493
2015-08-10,622,684.3565381696191,-62.35653816961906,62.35653816961906
2015-08-10,451,541.2830494822362,-90.28304948223615,90.28304948223615
2015-08-10,2295,2659.3656505859753,-364.36565058597535,364.36565058597535
2015-08-10,1093,1147.4917507107218,-54.49175071072182,54.49175071072182
2015-08-10,751,1010.0668929139263,-259.06689291392627,259.06689291392627
2015-08-10,352,234.15424962304328,117.84575037695672,117.84575037695672
2015-08-11,316,342.09218298390294,-26.092182983902944,26.092182983902944
2015-08-11,761,892.6376225863252,-131.63762258632516,131.63762258632516
2015-08-11,270,316.6649370855271,-46.66493708552707,46.66493708552707
2015-08-11,670,662.3262809541006,7.673719045899361,7.673719045899361
2015-08-11,327,338.3404904922277,-11.340490492227673,11.340490492227673
2015-08-11,3994,4194.518860106604,-200.51886010660382,200.51886010660382
2015-08-11,2113,2355.347407341241,-242.3474073412408,242.3474073412408
2015-08-11,426,451.87292919612366,-25.872929196123664,25.872929196123664
2015-08-11,1509,1536.6937716188609,-27.693771618860865,27.693771618860865
2015-08-11,755,827.1328485889483,-72.13284858894826,72.13284858894826
2015-08-11,2415,2468.3966424088862,-53.39664240888624,53.39664240888624
2015-08-11,276,248.08056887702864,27.91943112297136,27.91943112297136
2015-08-11,316,349.1539982318216,-33.15399823182162,33.15399823182162
2015-08-11,1931,1933.521439462213,-2.5214394622130385,2.5214394622130385
2015-08-11,837,876.9186643792146,-39.91866437921465,39.91866437921465
2015-08-11,1877,2107.4631031775357,-230.4631031775357,230.4631031775357
2015-08-11,191,227.74469222693068,-36.74469222693068,36.74469222693068
2015-08-11,928,959.8179802102503,-31.81798021025031,31.81798021025031
2015-08-11,223,228.75754128544207,-5.757541285442073,5.757541285442073
2015-08-11,497,544.024690887813,-47.024690887812994,47.024690887812994
2015-08-11,2337,2333.837522524242,3.162477475757896,3.162477475757896
2015-08-11,759,586.9046740727595,172.09532592724054,172.09532592724054
2015-08-11,590,466.026267589445,123.97373241055499,123.97373241055499
2015-08-11,3206,3367.1690522604513,-161.16905226045128,161.16905226045128
2015-08-11,304,295.0172221270831,8.982777872916927,8.982777872916927
2015-08-11,743,867.9223320197727,-124.92233201977274,124.92233201977274
2015-08-11,788,827.9955639204029,-39.9955639204029,39.9955639204029
2015-08-11,2070,2119.731685661039,-49.73168566103914,49.73168566103914
2015-08-11,2391,2534.500965018978,-143.50096501897815,143.50096501897815
2015-08-11,2629,2811.509536226755,-182.5095362267548,182.5095362267548
2015-08-12,530,597.1196054471988,-67.11960544719875,67.11960544719875
2015-08-12,936,852.9143109539067,83.08568904609331,83.08568904609331
2015-08-12,1832,1899.9222866757427,-67.92228667574273,67.92228667574273
2015-08-12,464,333.85102557496776,130.14897442503224,130.14897442503224
2015-08-12,294,290.56085424083466,3.439145759165342,3.439145759165342
2015-08-12,307,339.07652127652545,-32.076521276525455,32.076521276525455
2015-08-12,885,898.7203948437398,-13.720394843739768,13.720394843739768
2015-08-12,455,437.36089649856507,17.63910350143493,17.63910350143493
2015-08-12,863,751.4776700414895,111.52232995851045,111.52232995851045
2015-08-12,886,931.8025484989006,-45.80254849890059,45.80254849890059
2015-08-12,528,487.0021572661303,40.997842733869675,40.997842733869675
2015-08-12,407,320.7340848590697,86.2659151409303,86.2659151409303
2015-08-12,510,636.8746197814777,-126.87461978147769,126.87461978147769
2015-08-12,180,222.92652120006613,-42.926521200066134,42.926521200066134
2015-08-12,3527,3582.68119119138,-55.681191191380094,55.681191191380094
2015-08-12,887,817.3248429459256,69.67515705407436,69.67515705407436
2015-08-12,2612,2504.018664368446,107.98133563155397,107.98133563155397
2015-08-12,1550,1489.6943585010094,60.30564149899055,60.30564149899055
2015-08-12,852,781.3482797703507,70.6517202296493,70.6517202296493
2015-08-12,2660,2739.532599973885,-79.53259997388523,79.53259997388523
2015-08-12,1921,2208.579082732426,-287.57908273242583,287.57908273242583
2015-08-12,2237,2128.5268461465967,108.47315385340335,108.47315385340335
2015-08-12,285,329.64496245359084,-44.644962453590836,44.644962453590836
2015-08-12,2280,2263.438844224998,16.561155775002135,16.561155775002135
2015-08-12,622,672.0300020568646,-50.030002056864646,50.030002056864646
2015-08-12,386,263.66725856140994,122.33274143859006,122.33274143859006
2015-08-12,3630,3824.7221872990394,-194.72218729903943,194.72218729903943
2015-08-12,2404,2552.5594450723665,-148.55944507236654,148.55944507236654
2015-08-12,174,224.84970398226776,-50.849703982267755,50.849703982267755
2015-08-12,2247,2331.712875699428,-84.71287569942797,84.71287569942797
2015-08-13,1732,1827.3226153467351,-95.32261534673512,95.32261534673512
2015-08-13,2384,2735.3488897552083,-351.34888975520835,351.34888975520835
2015-08-13,653,503.6873727665167,149.31262723348328,149.31262723348328
2015-08-13,2656,2540.115464772403,115.8845352275971,115.8845352275971
2015-08-13,2104,2181.094481468074,-77.09448146807381,77.09448146807381
2015-08-13,207,217.56378099426266,-10.563780994262657,10.563780994262657
2015-08-13,668,643.7454960094672,24.25450399053284,24.25450399053284
2015-08-13,1411,1455.6612696514699,-44.661269651469865,44.661269651469865
2015-08-13,481,494.03833211960017,-13.03833211960017,13.03833211960017
2015-08-13,914,837.0822542261338,76.91774577386616,76.91774577386616
2015-08-13,806,902.899837790839,-96.899837790839,96.899837790839
2015-08-13,394,385.5134095556505,8.486590444349474,8.486590444349474
2015-08-13,2485,2470.7586927151833,14.241307284816685,14.241307284816685
2015-08-13,913,820.8121979143586,92.18780208564135,92.18780208564135
2015-08-13,259,229.28461250205405,29.715387497945954,29.715387497945954
2015-08-13,329,312.13581480742283,16.864185192577168,16.864185192577168
2015-08-13,278,306.40386234091574,-28.403862340915737,28.403862340915737
2015-08-13,1921,2169.142668725202,-248.14266872520193,248.14266872520193
2015-08-13,2136,2386.1561906178804,-250.15619061788038,250.15619061788038
2015-08-13,446,491.1928271757291,-45.19282717572912,45.19282717572912
2015-08-13,2627,2952.3053041517014,-325.3053041517014,325.3053041517014
2015-08-13,935,880.0147276733186,54.98527232668141,54.98527232668141
2015-08-13,2061,2113.4854883424177,-52.48548834241774,52.48548834241774
2015-08-13,347,360.3260808036586,-13.326080803658613,13.326080803658613
2015-08-13,966,951.4937927678498,14.506207232150246,14.506207232150246
2015-08-13,682,623.0447715256064,58.95522847439361,58.95522847439361
2015-08-13,325,345.9336191624153,-20.93361916241531,20.93361916241531
2015-08-13,335,326.49931471293536,8.500685287064641,8.500685287064641
2015-08-13,776,886.9830389541556,-110.98303895415563,110.98303895415563
2015-08-13,3824,3759.977003888968,64.02299611103217,64.02299611103217
2015-08-14,3733,3449.943144447823,283.0568555521768,283.0568555521768
2015-08-14,2755,2518.160840624056,236.83915937594384,236.83915937594384
2015-08-14,305,304.19868078252676,0.8013192174732353,0.8013192174732353
2015-08-14,1451,1532.6458933081053,-81.64589330810531,81.64589330810531
2015-08-14,659,646.1002810451497,12.8997189548503,12.8997189548503
2015-08-14,338,262.29288622117224,75.70711377882776,75.70711377882776
2015-08-14,1042,1005.4990049593868,36.50099504061325,36.50099504061325
2015-08-14,2737,2823.0164507154254,-86.01645071542544,86.01645071542544
2015-08-14,510,577.1434164626071,-67.14341646260709,67.14341646260709
2015-08-14,491,473.7177717344368,17.28222826556322,17.28222826556322
2015-08-14,2285,2665.500590940635,-380.500590940635,380.500590940635
2015-08-14,3801,4097.769379523116,-296.7693795231162,296.7693795231162
2015-08-14,1782,1869.295851307623,-87.29585130762302,87.29585130762302
2015-08-14,2325,2713.8988163763797,-388.8988163763797,388.8988163763797
2015-08-14,317,385.9745553674492,-68.97455536744923,68.97455536744923
2015-08-14,1159,1119.549071159432,39.45092884056794,39.45092884056794
2015-08-14,1104,1005.6083011429247,98.39169885707531,98.39169885707531
2015-08-14,981,1022.9977465911538,-41.99774659115383,41.99774659115383
2015-08-14,2718,2565.1218698432685,152.87813015673146,152.87813015673146
2015-08-14,780,890.8322529072857,-110.83225290728569,110.83225290728569
2015-08-14,240,259.4188180618093,-19.418818061809304,19.418818061809304
2015-08-14,1051,985.6578480108992,65.34215198910078,65.34215198910078
2015-08-14,826,857.895583724018,-31.895583724018024,31.895583724018024
2015-08-14,395,449.21665182199786,-54.21665182199786,54.21665182199786
2015-08-14,368,340.4511034574155,27.548896542584487,27.548896542584487
2015-08-14,1957,2277.944867965674,-320.9448679656739,320.9448679656739
2015-08-14,2899,2999.8933217812328,-100.89332178123277,100.89332178123277
2015-08-14,1010,993.522164615904,16.47783538409601,16.47783538409601
2015-08-14,404,442.0450498446635,-38.04504984466348,38.04504984466348
2015-08-14,339,384.8698820241022,-45.869882024102196,45.869882024102196
2015-08-15,473,537.5279185111441,-64.5279185111441,64.5279185111441
2015-08-15,3097,3450.4603510703837,-353.4603510703837,353.4603510703837
2015-08-15,613,594.1866296479761,18.813370352023867,18.813370352023867
2015-08-15,1221,1199.7827978209054,21.217202179094556,21.217202179094556
2015-08-15,4830,4516.913280493594,313.08671950640564,313.08671950640564
2015-08-15,1218,1267.1513423116069,-49.15134231160687,49.15134231160687
2015-08-15,3993,4102.060267707777,-109.0602677077768,109.0602677077768
2015-08-15,3443,3584.0023647087105,-141.0023647087105,141.0023647087105
2015-08-15,376,296.99955011206595,79.00044988793405,79.00044988793405
2015-08-15,2309,2683.7841230561476,-374.78412305614756,374.78412305614756
2015-08-15,2995,2960.1733101146415,34.82668988535852,34.82668988535852
2015-08-15,376,438.53356856841674,-62.53356856841674,62.53356856841674
2015-08-15,437,393.8410621101672,43.15893788983283,43.15893788983283
2015-08-15,2356,2325.9049017542143,30.09509824578572,30.09509824578572
2015-08-15,472,547.7619464046929,-75.76194640469294,75.76194640469294
2015-08-15,2679,2848.605860116891,-169.6058601168911,169.6058601168911
2015-08-15,3414,3468.868937709347,-54.86893770934694,54.86893770934694
2015-08-15,2936,3004.9365651479147,-68.93656514791473,68.93656514791473
2015-08-15,443,417.984572463983,25.015427536017,25.015427536017
2015-08-15,907,972.3352386594127,-65.33523865941265,65.33523865941265
2015-08-15,1273,1218.8103233522484,54.18967664775164,54.18967664775164
2015-08-15,602,734.2535058291227,-132.25350582912267,132.25350582912267
2015-08-15,381,371.07988159911713,9.92011840088287,9.92011840088287
2015-08-15,1527,1360.3956775343186,166.60432246568143,166.60432246568143
2015-08-15,250,271.35733441582573,-21.357334415825733,21.357334415825733
2015-08-15,903,978.1794584216955,-75.17945842169547,75.17945842169547
2015-08-15,1103,1192.1437610315018,-89.14376103150175,89.14376103150175
2015-08-15,1828,1726.8336955729028,101.1663044270972,101.1663044270972
2015-08-15,1234,1232.5233364454414,1.4766635545586269,1.4766635545586269
2015-08-15,747,684.8529767772812,62.14702322271876,62.14702322271876
2015-08-16,561,500.4575203919791,60.542479608020926,60.542479608020926
2015-08-16,237,237.5490856681173,-0.5490856681173,0.5490856681173
2015-08-16,2724,2494.500568074539,229.49943192546107,229.49943192546107
2015-08-16,3033,2805.476604293084,227.52339570691584,227.52339570691584
2015-08-16,5575,5344.505691171317,230.49430882868273,230.49430882868273
2015-08-16,907,914.1646832595247,-7.164683259524736,7.164683259524736
2015-08-16,380,380.57330127645355,-0.5733012764535488,0.5733012764535488
2015-08-16,854,929.124150030178,-75.12415003017804,75.12415003017804
2015-08-16,459,463.258372393372,-4.258372393371985,4.258372393371985
2015-08-16,680,696.0904227929266,-16.090422792926574,16.090422792926574
2015-08-16,3176,3349.0951228432405,-173.09512284324046,173.09512284324046
2015-08-16,395,412.4170418613047,-17.41704186130471,17.41704186130471
2015-08-16,1220,1149.3061318250782,70.69386817492182,70.69386817492182
2015-08-16,1516,1449.2120943640125,66.7879056359875,66.7879056359875
2015-08-16,2012,1911.497042303732,100.50295769626791,100.50295769626791
2015-08-16,334,328.1634076705166,5.836592329483381,5.836592329483381
2015-08-16,1508,1360.9828555278734,147.01714447212657,147.01714447212657
2015-08-16,263,276.7325809115718,-13.732580911571802,13.732580911571802
2015-08-16,666,728.1800021038796,-62.18000210387959,62.18000210387959
2015-08-16,3997,3318.361791226278,678.638208773722,678.638208773722
2015-08-16,1034,1092.6843296674197,-58.68432966741966,58.68432966741966
2015-08-16,2974,2778.9233259127054,195.07667408729458,195.07667408729458
2015-08-16,2796,3179.865796370976,-383.8657963709761,383.8657963709761
2015-08-16,3161,3229.6640659313844,-68.66406593138436,68.66406593138436
2015-08-16,1192,1224.8661648544385,-32.866164854438466,32.866164854438466
2015-08-16,3980,3853.183987380317,126.81601261968308,126.81601261968308
2015-08-16,432,405.3426782508757,26.65732174912432,26.65732174912432
2015-08-16,2698,2657.449165856776,40.550834143224165,40.550834143224165
2015-08-16,1177,1211.639568301576,-34.63956830157599,34.63956830157599
2015-08-16,599,592.1540750190361,6.8459249809639005,6.8459249809639005
2015-08-17,406,321.3476376121608,84.65236238783922,84.65236238783922
2015-08-17,285,328.05752812760346,-43.05752812760346,43.05752812760346
2015-08-17,2037,2176.6502137359494,-139.65021373594936,139.65021373594936
2015-08-17,353,352.90516756758444,0.09483243241555783,0.09483243241555783
2015-08-17,901,1011.8758890681426,-110.87588906814256,110.87588906814256
2015-08-17,272,270.86086505320844,1.1391349467915575,1.1391349467915575
2015-08-17,890,967.9338663194391,-77.93386631943906,77.93386631943906
2015-08-17,185,245.61311138934576,-60.61311138934576,60.61311138934576
2015-08-17,2215,2104.169035099534,110.83096490046591,110.83096490046591
2015-08-17,306,357.56242553864683,-51.562425538646835,51.562425538646835
2015-08-17,909,897.57385704305,11.426142956950002,11.426142956950002
2015-08-17,745,764.8585052723031,-19.85850527230309,19.85850527230309
2015-08-17,615,572.4859293177053,42.51407068229469,42.51407068229469
2015-08-17,533,556.7659097233535,-23.765909723353502,23.765909723353502
2015-08-17,958,936.9797581332595,21.020241866740548,21.020241866740548
2015-08-17,2341,2436.656739405215,-95.65673940521492,95.65673940521492
2015-08-17,3166,2863.8286087472334,302.1713912527666,302.1713912527666
2015-08-17,2433,2431.008053634205,1.9919463657947745,1.9919463657947745
2015-08-17,664,694.3766979100859,-30.37669791008591,30.37669791008591
2015-08-17,415,370.64205569480885,44.357944305191154,44.357944305191154
2015-08-17,2341,2431.1072944363373,-90.10729443633727,90.10729443633727
2015-08-17,262,221.64672410599408,40.35327589400592,40.35327589400592
2015-08-17,1701,1604.0195943724914,96.98040562750862,96.98040562750862
2015-08-17,2167,2035.3316145464212,131.66838545357882,131.66838545357882
2015-08-17,1061,1103.590825143265,-42.590825143264965,42.590825143264965
2015-08-17,2876,2657.25080171725,218.74919828275006,218.74919828275006
2015-08-17,4474,4102.02424595399,371.97575404600957,371.97575404600957
2015-08-17,915,1023.884811754009,-108.88481175400898,108.88481175400898
2015-08-17,2161,1929.2135330568296,231.78646694317035,231.78646694317035
2015-08-17,525,498.6594269771951,26.340573022804904,26.340573022804904
2015-08-18,661,677.51757849969,-16.51757849968999,16.51757849968999
2015-08-18,2066,1973.2136418679768,92.78635813202322,92.78635813202322
2015-08-18,526,562.7766793908945,-36.776679390894515,36.776679390894515
2015-08-18,235,224.44862793496895,10.551372065031046,10.551372065031046
2015-08-18,354,334.8054557435972,19.19454425640282,19.19454425640282
2015-08-18,859,845.6226347460744,13.377365253925632,13.377365253925632
2015-08-18,872,851.1208213199993,20.879178680000678,20.879178680000678
2015-08-18,317,388.39071059929944,-71.39071059929944,71.39071059929944
2015-08-18,505,455.10756665460747,49.89243334539253,49.89243334539253
2015-08-18,2119,2132.685296876237,-13.685296876236862,13.685296876236862
2015-08-18,304,287.6065072297334,16.39349277026662,16.39349277026662
2015-08-18,384,323.808208095448,60.19179190455202,60.19179190455202
2015-08-18,826,895.5952745318407,-69.59527453184069,69.59527453184069
2015-08-18,2624,2552.6390375211913,71.36096247880869,71.36096247880869
2015-08-18,2404,2564.5783293309096,-160.57832933090958,160.57832933090958
2015-08-18,249,207.98368399950772,41.01631600049228,41.01631600049228
2015-08-18,2176,2081.2412258773666,94.75877412263344,94.75877412263344
2015-08-18,772,791.4325496548827,-19.432549654882678,19.432549654882678
2015-08-18,2264,2198.9350492013114,65.06495079868864,65.06495079868864
2015-08-18,651,651.2154608157416,-0.2154608157416078,0.2154608157416078
2015-08-18,1439,1509.0411392966653,-70.04113929666528,70.04113929666528
2015-08-18,313,263.2987683738156,49.70123162618438,49.70123162618438
2015-08-18,1674,1885.2710072788905,-211.27100727889047,211.27100727889047
2015-08-18,2190,1854.4706537962684,335.5293462037316,335.5293462037316
2015-08-18,344,306.73440875127136,37.26559124872864,37.26559124872864
2015-08-18,942,894.5528481938228,47.4471518061772,47.4471518061772
2015-08-18,3739,3833.519155812101,-94.51915581210096,94.51915581210096
2015-08-18,459,490.1585418277217,-31.158541827721706,31.158541827721706
2015-08-18,933,939.1620320387342,-6.162032038734196,6.162032038734196
2015-08-18,2044,1965.1009698464054,78.8990301535946,78.8990301535946
2015-08-19,860,892.8248086593389,-32.82480865933894,32.82480865933894
2015-08-19,1853,2139.0665235728466,-286.06652357284656,286.06652357284656
2015-08-19,1556,1439.3142825838895,116.68571741611049,116.68571741611049
2015-08-19,223,216.23014104077853,6.769858959221466,6.769858959221466
2015-08-19,709,628.8844295047717,80.11557049522833,80.11557049522833
2015-08-19,3776,3584.463102051605,191.5368979483951,191.5368979483951
2015-08-19,870,881.8952272367153,-11.8952272367153,11.8952272367153
2015-08-19,291,347.0116495763035,-56.01164957630351,56.01164957630351
2015-08-19,491,465.8298293720724,25.170170627927575,25.170170627927575
2015-08-19,830,879.240515697221,-49.240515697220985,49.240515697220985
2015-08-19,2512,2468.9872968893683,43.01270311063172,43.01270311063172
2015-08-19,555,597.3690171105997,-42.36901711059966,42.36901711059966
2015-08-19,1923,1975.1671470428885,-52.16714704288847,52.16714704288847
2015-08-19,1485,1778.0280696614475,-293.0280696614475,293.0280696614475
2015-08-19,411,362.3041250633651,48.69587493663488,48.69587493663488
2015-08-19,1895,1940.390392800187,-45.3903928001871,45.3903928001871
2015-08-19,146,287.86350665681385,-141.86350665681385,141.86350665681385
2015-08-19,378,350.1953311103766,27.804668889623372,27.804668889623372
2015-08-19,1982,1864.623427685141,117.376572314859,117.376572314859
2015-08-19,623,579.5218995145752,43.47810048542476,43.47810048542476
2015-08-19,2378,2485.1849427237253,-107.18494272372527,107.18494272372527
2015-08-19,2093,2084.525612886157,8.474387113843022,8.474387113843022
2015-08-19,660,523.0232626952809,136.9767373047191,136.9767373047191
2015-08-19,760,775.6168272896867,-15.61682728968674,15.61682728968674
2015-08-19,263,214.31201192564296,48.68798807435704,48.68798807435704
2015-08-19,770,906.9361295873512,-136.93612958735116,136.93612958735116
2015-08-19,258,312.79345436565995,-54.793454365659954,54.793454365659954
2015-08-19,316,318.43619202854245,-2.4361920285424503,2.4361920285424503
2015-08-19,871,822.8060416510029,48.19395834899706,48.19395834899706
2015-08-19,1969,2138.332257388032,-169.33225738803185,169.33225738803185
2015-08-20,906,908.997494838826,-2.9974948388260145,2.9974948388260145
2015-08-20,1791,1818.7464258116013,-27.746425811601284,27.746425811601284
2015-08-20,186,224.93357150215215,-38.93357150215215,38.93357150215215
2015-08-20,806,854.9790417066174,-48.97904170661741,48.97904170661741
2015-08-20,853,823.5437129907691,29.45628700923089,29.45628700923089
2015-08-20,481,465.6833500050797,15.316649994920283,15.316649994920283
2015-08-20,203,256.252954348925,-53.252954348925016,53.252954348925016
2015-08-20,2092,2141.0726028798254,-49.072602879825354,49.072602879825354
2015-08-20,2280,2340.1330644792674,-60.13306447926743,60.13306447926743
2015-08-20,989,865.702429279173,123.29757072082703,123.29757072082703
2015-08-20,293,349.13059404378964,-56.13059404378964,56.13059404378964
2015-08-20,606,620.9037340617668,-14.90373406176684,14.90373406176684
2015-08-20,1811,2037.8876216468843,-226.88762164688433,226.88762164688433
2015-08-20,1846,1908.3581514180346,-62.358151418034595,62.358151418034595
2015-08-20,1429,1731.7103731067884,-302.71037310678844,302.71037310678844
2015-08-20,1989,2176.9894075760026,-187.98940757600258,187.98940757600258
2015-08-20,642,561.5996294550818,80.40037054491825,80.40037054491825
2015-08-20,3260,3638.6883929085684,-378.6883929085684,378.6883929085684
2015-08-20,388,327.81627458046455,60.18372541953545,60.18372541953545
2015-08-20,1584,1413.7406925325388,170.2593074674612,170.2593074674612
2015-08-20,813,863.5205158737307,-50.52051587373069,50.52051587373069
2015-08-20,248,224.75525542848172,23.244744571518282,23.244744571518282
2015-08-20,1715,1908.0568882204657,-193.05688822046568,193.05688822046568
2015-08-20,494,526.42695332347,-32.42695332347,32.42695332347
2015-08-20,955,849.9464936686376,105.05350633136243,105.05350633136243
2015-08-20,308,338.9830630248054,-30.983063024805404,30.983063024805404
2015-08-20,303,328.87846117442757,-25.87846117442757,25.87846117442757
2015-08-20,2393,2337.3268564346763,55.6731435653237,55.6731435653237
2015-08-20,215,300.06037271283253,-85.06037271283253,85.06037271283253
2015-08-20,637,650.8300175639288,-13.830017563928777,13.830017563928777
2015-08-21,723,781.0946528632304,-58.09465286323041,58.09465286323041
2015-08-21,2262,2146.2702559496706,115.72974405032937,115.72974405032937
2015-08-21,274,293.39307353293844,-19.393073532938445,19.393073532938445
2015-08-21,291,398.02692609482045,-107.02692609482045,107.02692609482045
2015-08-21,337,261.5026267647209,75.4973732352791,75.4973732352791
2015-08-21,1004,1048.533391152706,-44.53339115270592,44.53339115270592
2015-08-21,460,493.1145587132796,-33.11455871327962,33.11455871327962
2015-08-21,2124,2043.2291695160407,80.77083048395934,80.77083048395934
2015-08-21,322,331.692376835396,-9.692376835395976,9.692376835395976
2015-08-21,1864,1776.7516373533927,87.24836264660735,87.24836264660735
2015-08-21,1079,1024.8068403664015,54.1931596335985,54.1931596335985
2015-08-21,2711,2445.5660696621403,265.4339303378597,265.4339303378597
2015-08-21,442,351.6284274753613,90.37157252463868,90.37157252463868
2015-08-21,925,974.1652654295477,-49.16526542954773,49.16526542954773
2015-08-21,375,374.7390705144616,0.2609294855383837,0.2609294855383837
2015-08-21,227,241.41568994688927,-14.415689946889273,14.415689946889273
2015-08-21,565,561.5976939935041,3.4023060064959054,3.4023060064959054
2015-08-21,2380,2479.781596251677,-99.781596251677,99.781596251677
2015-08-21,1024,984.976570529995,39.023429470005,39.023429470005
2015-08-21,581,611.1677278675936,-30.167727867593612,30.167727867593612
2015-08-21,3289,3746.6768104830912,-457.67681048309123,457.67681048309123
2015-08-21,1967,1958.3789380930639,8.62106190693612,8.62106190693612
2015-08-21,342,408.0467669691339,-66.0467669691339,66.0467669691339
2015-08-21,1140,979.3261285510863,160.6738714489137,160.6738714489137
2015-08-21,1387,1561.7138406684091,-174.71384066840915,174.71384066840915
2015-08-21,2200,2439.0851057033005,-239.08510570330054,239.08510570330054
2015-08-21,746,805.7883714498627,-59.788371449862666,59.788371449862666
2015-08-21,2666,2855.4201393522485,-189.4201393522485,189.4201393522485
2015-08-21,967,1029.2463424742439,-62.246342474243875,62.246342474243875
2015-08-21,2289,2214.520481596399,74.4795184036011,74.4795184036011
2015-08-22,577,657.7316704455824,-80.73167044558238,80.73167044558238
2015-08-22,1278,1154.946380595686,123.05361940431408,123.05361940431408
2015-08-22,2290,2390.1242776914423,-100.12427769144233,100.12427769144233
2015-08-22,2615,2642.3413200640543,-27.341320064054344,27.341320064054344
2015-08-22,2459,2792.4052926238965,-333.40529262389646,333.40529262389646
2015-08-22,2756,2888.0869117407983,-132.0869117407983,132.0869117407983
2015-08-22,400,415.41449624336525,-15.41449624336525,15.41449624336525
2015-08-22,1060,924.5373159552782,135.46268404472175,135.46268404472175
2015-08-22,2229,2465.6354643412983,-236.6354643412983,236.6354643412983
2015-08-22,1062,1124.0289602102,-62.02896021020001,62.02896021020001
2015-08-22,1613,1413.4232340861142,199.57676591388577,199.57676591388577
2015-08-22,4562,4423.661006796169,138.3389932038308,138.3389932038308
2015-08-22,2516,2795.6166333163947,-279.61663331639465,279.61663331639465
2015-08-22,857,920.4953477896433,-63.49534778964335,63.49534778964335
2015-08-22,576,569.8260929845519,6.173907015448094,6.173907015448094
2015-08-22,3168,3248.0048127616856,-80.00481276168557,80.00481276168557
2015-08-22,253,310.87795872880923,-57.87795872880923,57.87795872880923
2015-08-22,629,522.1893735066184,106.81062649338162,106.81062649338162
2015-08-22,276,232.8755896947488,43.12441030525119,43.12441030525119
2015-08-22,753,657.7318922884015,95.26810771159853,95.26810771159853
2015-08-22,3268,3391.8961218743466,-123.89612187434659,123.89612187434659
2015-08-22,2483,2381.639189311531,101.36081068846897,101.36081068846897
2015-08-22,510,409.7014402303767,100.2985597696233,100.2985597696233
2015-08-22,441,396.6551532772451,44.34484672275488,44.34484672275488
2015-08-22,1204,1165.357018341327,38.64298165867308,38.64298165867308
2015-08-22,1425,1229.251925032879,195.74807496712106,195.74807496712106
2015-08-22,1277,1173.690190239948,103.30980976005208,103.30980976005208
2015-08-22,573,505.0098751624241,67.99012483757588,67.99012483757588
2015-08-22,324,387.7952206741049,-63.79522067410488,63.79522067410488
2015-08-22,1646,1758.9462568848342,-112.94625688483416,112.94625688483416
2015-08-23,1210,1027.333673113174,182.66632688682603,182.66632688682603
2015-08-23,1157,1136.4115060191714,20.588493980828616,20.588493980828616
2015-08-23,1673,1500.4146500199888,172.5853499800112,172.5853499800112
2015-08-23,1902,1865.099431674372,36.900568325628,36.900568325628
2015-08-23,1311,1236.3597415963904,74.64025840360955,74.64025840360955
2015-08-23,524,395.54313479037876,128.45686520962124,128.45686520962124
2015-08-23,3110,2771.9465465584594,338.05345344154057,338.05345344154057
2015-08-23,1005,935.1691615335479,69.83083846645206,69.83083846645206
2015-08-23,854,845.3200871274762,8.6799128725238,8.6799128725238
2015-08-23,390,415.06259565252964,-25.062595652529637,25.062595652529637
2015-08-23,652,697.9574566586102,-45.957456658610226,45.957456658610226
2015-08-23,609,631.8156663073738,-22.815666307373817,22.815666307373817
2015-08-23,2521,2576.260675723261,-55.2606757232611,55.2606757232611
2015-08-23,2613,2655.8533388535484,-42.853338853548394,42.853338853548394
2015-08-23,245,243.81247536047076,1.1875246395292436,1.1875246395292436
2015-08-23,4063,3650.766626403231,412.23337359676907,412.23337359676907
2015-08-23,2457,2569.5542824016457,-112.55428240164565,112.55428240164565
2015-08-23,463,462.0395536077574,0.9604463922426021,0.9604463922426021
2015-08-23,3182,3032.3974072461024,149.60259275389762,149.60259275389762
2015-08-23,3394,3332.296128618668,61.70387138133219,61.70387138133219
2015-08-23,569,603.6770851653469,-34.67708516534685,34.67708516534685
2015-08-23,409,391.100004895576,17.899995104424022,17.899995104424022
2015-08-23,4663,4963.282201705018,-300.28220170501845,300.28220170501845
2015-08-23,2523,2752.0324920379,-229.03249203789983,229.03249203789983
2015-08-23,2139,2329.284586741238,-190.28458674123794,190.28458674123794
2015-08-23,378,304.945836240652,73.054163759348,73.054163759348
2015-08-23,442,514.7946729186007,-72.79467291860067,72.79467291860067
2015-08-23,1311,1249.5525692713218,61.44743072867823,61.44743072867823
2015-08-23,277,246.5957602923173,30.404239707682706,30.404239707682706
2015-08-23,1550,1359.6072750805254,190.39272491947463,190.39272491947463
2015-08-24,2231,2201.4504931072224,29.549506892777572,29.549506892777572
2015-08-24,278,338.0105847066814,-60.01058470668141,60.01058470668141
2015-08-24,398,302.61884854062106,95.38115145937894,95.38115145937894
2015-08-24,347,350.7485029504273,-3.74850295042728,3.74850295042728
2015-08-24,668,554.3829989490259,113.61700105097407,113.61700105097407
2015-08-24,893,1167.6364552853363,-274.6364552853363,274.6364552853363
2015-08-24,1790,1809.986301626068,-19.986301626068098,19.986301626068098
2015-08-24,696,694.041436935829,1.9585630641710168,1.9585630641710168
2015-08-24,935,1008.0667440678246,-73.06674406782463,73.06674406782463
2015-08-24,3722,4034.7429989083057,-312.7429989083057,312.7429989083057
2015-08-24,2547,2873.335947054286,-326.33594705428595,326.33594705428595
2015-08-24,915,946.3510662763906,-31.35106627639061,31.35106627639061
2015-08-24,247,209.75089049298816,37.24910950701184,37.24910950701184
2015-08-24,2355,2189.737357864368,165.26264213563218,165.26264213563218
2015-08-24,600,712.1416916639442,-112.14169166394424,112.14169166394424
2015-08-24,898,1086.8692229891267,-188.86922298912668,188.86922298912668
2015-08-24,1863,1990.7537587654429,-127.75375876544285,127.75375876544285
2015-08-24,205,258.36024993228153,-53.36024993228153,53.36024993228153
2015-08-24,1514,1602.273997911162,-88.27399791116204,88.27399791116204
2015-08-24,335,366.9165474783575,-31.916547478357472,31.916547478357472
2015-08-24,448,513.4878384651064,-65.48783846510639,65.48783846510639
2015-08-24,2604,2368.6139646333954,235.38603536660457,235.38603536660457
2015-08-24,888,902.4306345523404,-14.430634552340393,14.430634552340393
2015-08-24,1814,1939.10334370954,-125.10334370954001,125.10334370954001
2015-08-24,1988,2379.842153136463,-391.8421531364629,391.8421531364629
2015-08-24,1881,1872.5982134306068,8.401786569393153,8.401786569393153
2015-08-24,538,479.54043408669816,58.459565913301844,58.459565913301844
2015-08-24,185,225.3410158291735,-40.3410158291735,40.3410158291735
2015-08-24,370,373.8516402815711,-3.8516402815711217,3.8516402815711217
2015-08-24,940,944.1746581153031,-4.174658115303146,4.174658115303146
2015-08-25,1985,2335.232455928458,-350.23245592845797,350.23245592845797
2015-08-25,356,312.95701055178705,43.04298944821295,43.04298944821295
2015-08-25,894,872.5517444155842,21.448255584415847,21.448255584415847
2015-08-25,469,434.2175466899591,34.78245331004092,34.78245331004092
2015-08-25,193,208.83917918422898,-15.839179184228982,15.839179184228982
2015-08-25,1732,2182.830247983824,-450.83024798382394,450.83024798382394
2015-08-25,1345,1687.3385180630548,-342.33851806305483,342.33851806305483
2015-08-25,635,600.2856195358064,34.714380464193596,34.714380464193596
2015-08-25,3261,3494.7318943815008,-233.73189438150075,233.73189438150075
2015-08-25,1451,1386.4501598315198,64.54984016848016,64.54984016848016
2015-08-25,502,492.6052683439658,9.394731656034196,9.394731656034196
2015-08-25,1835,1980.9763817608716,-145.97638176087162,145.97638176087162
2015-08-25,332,318.41587600411873,13.58412399588127,13.58412399588127
2015-08-25,739,815.4880595311015,-76.4880595311015,76.4880595311015
2015-08-25,505,521.1167314050788,-16.11673140507878,16.11673140507878
2015-08-25,2094,2051.505265877528,42.49473412247198,42.49473412247198
2015-08-25,877,930.6098664586701,-53.609866458670126,53.609866458670126
2015-08-25,1775,1822.460297804158,-47.46029780415802,47.46029780415802
2015-08-25,876,798.449429403793,77.55057059620697,77.55057059620697
2015-08-25,668,644.6233412609065,23.3766587390935,23.3766587390935
2015-08-25,282,254.4605629290516,27.539437070948395,27.539437070948395
2015-08-25,246,338.3707012412412,-92.37070124124119,92.37070124124119
2015-08-25,1745,1731.3372293154962,13.662770684503812,13.662770684503812
2015-08-25,944,859.8767357594406,84.12326424055937,84.12326424055937
2015-08-25,686,793.9236456145537,-107.92364561455372,107.92364561455372
2015-08-25,2209,2076.679287382667,132.3207126173329,132.3207126173329
2015-08-25,358,319.8248884046562,38.17511159534382,38.17511159534382
2015-08-25,358,298.5347575520364,59.46524244796359,59.46524244796359
2015-08-25,225,204.65391629743985,20.34608370256015,20.34608370256015
2015-08-25,1718,1745.2817316181806,-27.28173161818063,27.28173161818063
2015-08-26,3147,3253.0885972576993,-106.08859725769935,106.08859725769935
2015-08-26,2152,2166.985538551872,-14.985538551872196,14.985538551872196
2015-08-26,1955,1992.5197837657415,-37.51978376574152,37.51978376574152
2015-08-26,420,448.2786269055893,-28.278626905589306,28.278626905589306
2015-08-26,300,337.87817642557405,-37.878176425574054,37.878176425574054
2015-08-26,1986,1906.4171384555812,79.58286154441885,79.58286154441885
2015-08-26,1580,1701.8308821354829,-121.83088213548285,121.83088213548285
2015-08-26,829,836.0224256003802,-7.022425600380188,7.022425600380188
2015-08-26,796,747.8913231298234,48.10867687017662,48.10867687017662
2015-08-26,1802,1805.5907557701735,-3.590755770173473,3.590755770173473
2015-08-26,1428,1470.5136676687073,-42.513667668707285,42.513667668707285
2015-08-26,577,525.64361893324,51.356381066760036,51.356381066760036
2015-08-26,243,208.83763100689737,34.16236899310263,34.16236899310263
2015-08-26,571,565.0459155935922,5.954084406407787,5.954084406407787
2015-08-26,956,837.539355146315,118.46064485368504,118.46064485368504
2015-08-26,322,354.2715243160153,-32.2715243160153,32.2715243160153
2015-08-26,600,509.9988847246377,90.00111527536228,90.00111527536228
2015-08-26,324,294.6615772782982,29.338422721701818,29.338422721701818
2015-08-26,1430,1508.0627638157393,-78.06276381573934,78.06276381573934
2015-08-26,275,259.7201399751932,15.279860024806794,15.279860024806794
2015-08-26,730,637.6534749912785,92.34652500872153,92.34652500872153
2015-08-26,282,213.0228938936865,68.9771061063135,68.9771061063135
2015-08-26,326,314.8109312159103,11.189068784089727,11.189068784089727
2015-08-26,1858,1979.1498514170128,-121.14985141701277,121.14985141701277
2015-08-26,1016,827.355182101472,188.644817898528,188.644817898528
2015-08-26,495,330.29909733142586,164.70090266857414,164.70090266857414
2015-08-26,857,895.5670518930335,-38.56705189303352,38.56705189303352
2015-08-26,784,765.5570207135507,18.44297928644926,18.44297928644926
2015-08-26,2300,2093.710773886631,206.28922611336884,206.28922611336884
2015-08-26,1626,1654.8212903220983,-28.82129032209832,28.82129032209832
2015-08-27,339,324.15531449723346,14.844685502766538,14.844685502766538
2015-08-27,605,600.1916293266644,4.808370673335617,4.808370673335617
2015-08-27,292,257.07618769171825,34.923812308281754,34.923812308281754
2015-08-27,653,572.6914689497175,80.30853105028245,80.30853105028245
2015-08-27,752,825.4059935646482,-73.40599356464816,73.40599356464816
2015-08-27,1527,1476.426846565307,50.57315343469304,50.57315343469304
2015-08-27,762,822.6745098609957,-60.67450986099573,60.67450986099573
2015-08-27,3205,3209.930341673771,-4.930341673771181,4.930341673771181
2015-08-27,876,891.9641526472705,-15.964152647270453,15.964152647270453
2015-08-27,1547,1664.3864895928466,-117.3864895928466,117.3864895928466
2015-08-27,1829,1647.070476754833,181.92952324516705,181.92952324516705
2015-08-27,312,350.0902907481716,-38.09029074817158,38.09029074817158
2015-08-27,597,480.5899059956153,116.41009400438469,116.41009400438469
2015-08-27,2170,2102.1310498779644,67.86895012203559,67.86895012203559
2015-08-27,658,638.1444592479107,19.85554075208927,19.85554075208927
2015-08-27,430,455.9206721198564,-25.92067211985642,25.92067211985642
2015-08-27,1838,1970.0875166971248,-132.08751669712478,132.08751669712478
2015-08-27,1386,1449.3811129862243,-63.38111298622425,63.38111298622425
2015-08-27,290,366.18139519119103,-76.18139519119103,76.18139519119103
2015-08-27,731,876.7776910373616,-145.7776910373616,145.7776910373616
2015-08-27,1227,941.7588003189251,285.24119968107493,285.24119968107493
2015-08-27,1999,1950.159265052445,48.84073494755489,48.84073494755489
2015-08-27,815,825.6781682570861,-10.6781682570861,10.6781682570861
2015-08-27,216,218.55608851392333,-2.556088513923328,2.556088513923328
2015-08-27,240,227.87489038309383,12.125109616906173,12.125109616906173
2015-08-27,298,313.2742525689324,-15.274252568932411,15.274252568932411
2015-08-27,2216,2288.111703155732,-72.1117031557319,72.1117031557319
2015-08-27,2095,1978.244843256308,116.75515674369194,116.75515674369194
2015-08-27,1914,1794.0209878303601,119.97901216963987,119.97901216963987
2015-08-27,257,288.407048995094,-31.407048995093987,31.407048995093987
2015-08-28,254,296.665649575389,-42.66564957538901,42.66564957538901
2015-08-28,2060,2325.0614628182448,-265.06146281824476,265.06146281824476
2015-08-28,2040,2099.1199823936427,-59.11998239364266,59.11998239364266
2015-08-28,850,806.517020533782,43.48297946621801,43.48297946621801
2015-08-28,473,406.63631772831684,66.36368227168316,66.36368227168316
2015-08-28,874,930.477966709113,-56.47796670911305,56.47796670911305
2015-08-28,676,831.6161687146077,-155.61616871460774,155.61616871460774
2015-08-28,808,947.665328366219,-139.665328366219,139.665328366219
2015-08-28,467,567.23981748188,-100.23981748187998,100.23981748187998
2015-08-28,250,244.18863553994427,5.811364460055728,5.811364460055728
2015-08-28,1559,1464.0940584038472,94.90594159615284,94.90594159615284
2015-08-28,1139,1034.6954127466154,104.30458725338463,104.30458725338463
2015-08-28,368,388.6258790362685,-20.625879036268486,20.625879036268486
2015-08-28,2646,2359.734360907533,286.26563909246715,286.26563909246715
2015-08-28,422,486.7838931869442,-64.78389318694423,64.78389318694423
2015-08-28,1560,1800.8160333800383,-240.81603338003833,240.81603338003833
2015-08-28,319,293.58142208569234,25.41857791430766,25.41857791430766
2015-08-28,1711,1786.4676280473232,-75.46762804732316,75.46762804732316
2015-08-28,797,971.4863760565739,-174.48637605657393,174.48637605657393
2015-08-28,2042,2242.5849039745467,-200.5849039745467,200.5849039745467
2015-08-28,3608,3470.6395685807133,137.36043141928667,137.36043141928667
2015-08-28,602,638.0719699717685,-36.07196997176845,36.07196997176845
2015-08-28,315,391.41933547325544,-76.41933547325544,76.41933547325544
2015-08-28,377,332.62225690233737,44.37774309766263,44.37774309766263
2015-08-28,2362,2239.312381711247,122.68761828875313,122.68761828875313
2015-08-28,1241,1308.088989914857,-67.08898991485694,67.08898991485694
2015-08-28,340,358.39214425925894,-18.39214425925894,18.39214425925894
2015-08-28,2660,2690.8332463213555,-30.833246321355546,30.833246321355546
2015-08-28,885,1074.9007646018906,-189.90076460189061,189.90076460189061
2015-08-28,2546,2421.0413655042803,124.9586344957197,124.9586344957197
2015-08-29,1126,1039.8703864279707,86.12961357202926,86.12961357202926
2015-08-29,1041,1154.7498786700712,-113.74987867007121,113.74987867007121
2015-08-29,408,435.3338551547646,-27.333855154764592,27.333855154764592
2015-08-29,2929,2792.094289160611,136.90571083938903,136.90571083938903
2015-08-29,469,423.43221553282217,45.56778446717783,45.56778446717783
2015-08-29,1101,1106.9964258162124,-5.996425816212422,5.996425816212422
2015-08-29,1205,1227.86453277011,-22.864532770109918,22.864532770109918
2015-08-29,2776,2733.966657611379,42.033342388620895,42.033342388620895
2015-08-29,606,671.2598824034692,-65.25988240346919,65.25988240346919
2015-08-29,651,547.8227802913599,103.17721970864011,103.17721970864011
2015-08-29,1443,1344.828869761747,98.171130238253,98.171130238253
2015-08-29,305,293.88948709903343,11.110512900966569,11.110512900966569
2015-08-29,1624,1580.7628879470726,43.23711205292739,43.23711205292739
2015-08-29,3469,3075.4986784843713,393.50132151562866,393.50132151562866
2015-08-29,1754,1774.027893432066,-20.027893432066094,20.027893432066094
2015-08-29,3484,3351.4671353569906,132.53286464300936,132.53286464300936
2015-08-29,4428,4490.09223258329,-62.09223258328984,62.09223258328984
2015-08-29,841,867.5606159700944,-26.56061597009443,26.56061597009443
2015-08-29,1995,2208.185270856075,-213.18527085607502,213.18527085607502
2015-08-29,318,327.0251717092557,-9.025171709255687,9.025171709255687
2015-08-29,234,249.01019321266253,-15.010193212662529,15.010193212662529
2015-08-29,2281,2240.510540458059,40.48945954194096,40.48945954194096
2015-08-29,1278,1215.937606818023,62.062393181977086,62.062393181977086
2015-08-29,2584,2616.635338171381,-32.635338171381136,32.635338171381136
2015-08-29,548,495.9821883846594,52.01781161534058,52.01781161534058
2015-08-29,2474,2323.136286192263,150.86371380773699,150.86371380773699
2015-08-29,415,435.94183592068316,-20.94183592068316,20.94183592068316
2015-08-29,666,693.590010628639,-27.590010628638993,27.590010628638993
2015-08-29,527,564.507663012027,-37.507663012027024,37.507663012027024
2015-08-29,2256,2363.7484123547392,-107.74841235473923,107.74841235473923
2015-08-30,1126,1210.8515143899835,-84.85151438998355,84.85151438998355
2015-08-30,1680,1478.2890532190347,201.7109467809653,201.7109467809653
2015-08-30,2376,2287.667888581371,88.33211141862921,88.33211141862921
2015-08-30,1202,1157.3784842756186,44.621515724381425,44.621515724381425
2015-08-30,4824,4869.03558711747,-45.03558711746973,45.03558711746973
2015-08-30,517,480.22157372764093,36.77842627235907,36.77842627235907
2015-08-30,2460,2272.223114597286,187.77688540271402,187.77688540271402
2015-08-30,715,649.5821677439337,65.41783225606628,65.41783225606628
2015-08-30,289,267.2448947067635,21.75510529323651,21.75510529323651
2015-08-30,399,388.0305090471856,10.969490952814397,10.969490952814397
2015-08-30,2962,2714.6071217094905,247.39287829050954,247.39287829050954
2015-08-30,858,861.8805467356443,-3.880546735644316,3.880546735644316
2015-08-30,445,482.926865061034,-37.92686506103399,37.92686506103399
2015-08-30,3812,3366.713296986823,445.286703013177,445.286703013177
2015-08-30,417,424.03504209751156,-7.035042097511564,7.035042097511564
2015-08-30,1283,1169.4348530521243,113.56514694787575,113.56514694787575
2015-08-30,520,374.46130959274177,145.53869040725823,145.53869040725823
2015-08-30,2766,2597.080996461761,168.91900353823894,168.91900353823894
2015-08-30,2740,2820.380574016121,-80.38057401612105,80.38057401612105
2015-08-30,639,563.0581505207982,75.94184947920178,75.94184947920178
2015-08-30,2048,1835.5240981290076,212.4759018709924,212.4759018709924
2015-08-30,1054,1017.0860040512215,36.913995948778506,36.913995948778506
2015-08-30,332,316.5128511928341,15.487148807165909,15.487148807165909
2015-08-30,231,215.5909393534044,15.409060646595606,15.409060646595606
2015-08-30,1258,1153.1482774429967,104.85172255700331,104.85172255700331
2015-08-30,555,635.3415906732035,-80.34159067320354,80.34159067320354
2015-08-30,3000,2627.8736683128413,372.12633168715865,372.12633168715865
2015-08-30,2695,2512.4079879726505,182.59201202734948,182.59201202734948
2015-08-30,3762,3890.6323780400853,-128.6323780400853,128.6323780400853
2015-08-30,1552,1509.7792641549252,42.22073584507484,42.22073584507484
2015-08-31,2044,2376.296664158631,-332.29666415863085,332.29666415863085
2015-08-31,657,762.4398586043826,-105.43985860438261,105.43985860438261
2015-08-31,2615,2397.8539136334243,217.14608636657567,217.14608636657567
2015-08-31,246,245.59978470848492,0.4002152915150816,0.4002152915150816
2015-08-31,2143,1817.5774950242246,325.4225049757754,325.4225049757754
2015-08-31,1198,1076.3995189177685,121.60048108223145,121.60048108223145
2015-08-31,1714,1601.6467896281015,112.35321037189851,112.35321037189851
2015-08-31,256,259.71699442676567,-3.716994426765666,3.716994426765666
2015-08-31,328,339.682963028612,-11.682963028611994,11.682963028611994
2015-08-31,878,964.8010053223048,-86.80100532230483,86.80100532230483
2015-08-31,1464,1741.6488800007346,-277.6488800007346,277.6488800007346
2015-08-31,727,701.9105751895047,25.089424810495302,25.089424810495302
2015-08-31,988,1171.9204300406982,-183.9204300406982,183.9204300406982
2015-08-31,1959,2138.1290025781755,-179.12900257817546,179.12900257817546
2015-08-31,1862,1964.145417823798,-102.14541782379797,102.14541782379797
2015-08-31,2610,2952.2627300269305,-342.2627300269305,342.2627300269305
2015-08-31,383,351.9159559494172,31.084044050582804,31.084044050582804
2015-08-31,902,980.335811102306,-78.33581110230602,78.33581110230602
2015-08-31,498,531.7416191391108,-33.74161913911075,33.74161913911075
2015-08-31,909,1045.1002319791407,-136.10023197914074,136.10023197914074
2015-08-31,547,604.2676902331783,-57.267690233178314,57.267690233178314
2015-08-31,312,378.9770634674952,-66.97706346749521,66.97706346749521
2015-08-31,819,1124.4198373960785,-305.4198373960785,305.4198373960785
2015-08-31,359,331.8856290581385,27.114370941861523,27.114370941861523
2015-08-31,2320,2052.4137365104775,267.5862634895225,267.5862634895225
2015-08-31,3641,3783.7888683153697,-142.78886831536965,142.78886831536965
2015-08-31,290,228.1277714454276,61.87222855457239,61.87222855457239
2015-08-31,418,355.12341622008637,62.87658377991363,62.87658377991363
2015-08-31,566,530.724556632851,35.27544336714902,35.27544336714902
2015-08-31,2232,2359.805389955055,-127.80538995505503,127.80538995505503
2015-09-01,367,342.572395845276,24.42760415472401,24.42760415472401
2015-09-01,296,274.1246021665782,21.8753978334218,21.8753978334218
2015-09-01,1799,1808.574927830459,-9.574927830459046,9.574927830459046
2015-09-01,2380,2377.749044137146,2.2509558628539708,2.2509558628539708
2015-09-01,1762,1119.0431140036833,642.9568859963167,642.9568859963167
2015-09-01,362,374.4763985212821,-12.476398521282078,12.476398521282078
2015-09-01,3750,3974.1394928025334,-224.13949280253337,224.13949280253337
2015-09-01,882,783.1690368307006,98.83096316929937,98.83096316929937
2015-09-01,777,616.3928017826208,160.60719821737916,160.60719821737916
2015-09-01,2115,2293.528098501296,-178.52809850129597,178.52809850129597
2015-09-01,487,545.4460724063822,-58.4460724063822,58.4460724063822
2015-09-01,971,1042.9554104058643,-71.95541040586431,71.95541040586431
2015-09-01,270,282.1949515911076,-12.19495159110761,12.19495159110761
2015-09-01,1023,1024.1627897487522,-1.162789748752175,1.162789748752175
2015-09-01,272,291.3216319515117,-19.321631951511677,19.321631951511677
2015-09-01,2200,2155.7269066984813,44.27309330151866,44.27309330151866
2015-09-01,719,752.5090115137408,-33.5090115137408,33.5090115137408
2015-09-01,2255,2350.031728341752,-95.03172834175211,95.03172834175211
2015-09-01,1635,1602.5053294780641,32.49467052193586,32.49467052193586
2015-09-01,847,912.3070550652776,-65.30705506527761,65.30705506527761
2015-09-01,969,936.6121869108907,32.38781308910927,32.38781308910927
2015-09-01,917,983.212489568321,-66.21248956832096,66.21248956832096
2015-09-01,2794,2630.332235084467,163.6677649155331,163.6677649155331
2015-09-01,2131,2303.9237565056123,-172.92375650561235,172.92375650561235
2015-09-01,350,351.36117446375533,-1.361174463755333,1.361174463755333
2015-09-01,1896,2122.1585224952114,-226.1585224952114,226.1585224952114
2015-09-01,424,354.10012960619775,69.89987039380225,69.89987039380225
2015-09-01,2547,2855.154580241773,-308.15458024177315,308.15458024177315
2015-09-01,413,541.4110821210422,-128.41108212104223,128.41108212104223
2015-09-01,345,348.1022702224869,-3.1022702224868794,3.1022702224868794
2015-09-02,628,736.5019525210018,-108.50195252100184,108.50195252100184
2015-09-02,357,421.55750534730845,-64.55750534730845,64.55750534730845
2015-09-02,2164,2219.6131661422432,-55.613166142243244,55.613166142243244
2015-09-02,421,335.0544262016593,85.94557379834072,85.94557379834072
2015-09-02,2059,2434.4113545237597,-375.41135452375966,375.41135452375966
2015-09-02,961,860.0688039963661,100.93119600363389,100.93119600363389
2015-09-02,2122,2400.481964889136,-278.4819648891362,278.4819648891362
2015-09-02,1605,1832.0212447750255,-227.02124477502548,227.02124477502548
2015-09-02,1544,1622.9700591328644,-78.97005913286444,78.97005913286444
2015-09-02,668,767.5833498031496,-99.58334980314964,99.58334980314964
2015-09-02,1895,1898.7803648844917,-3.780364884491746,3.780364884491746
2015-09-02,2624,2505.5035753934535,118.4964246065465,118.4964246065465
2015-09-02,485,554.0810012237762,-69.08100122377618,69.08100122377618
2015-09-02,898,969.9348425519289,-71.93484255192891,71.93484255192891
2015-09-02,816,976.9726996704723,-160.97269967047225,160.97269967047225
2015-09-02,498,493.62581161355644,4.374188386443564,4.374188386443564
2015-09-02,2402,2894.2124471098355,-492.21244710983547,492.21244710983547
2015-09-02,286,260.67663462113825,25.32336537886175,25.32336537886175
2015-09-02,3527,3720.894631394682,-193.89463139468216,193.89463139468216
2015-09-02,2037,2453.0691612558057,-416.06916125580574,416.06916125580574
2015-09-02,403,334.03018503012777,68.96981496987223,68.96981496987223
2015-09-02,632,721.9508427856128,-89.95084278561285,89.95084278561285
2015-09-02,993,963.6276443663869,29.372355633613097,29.372355633613097
2015-09-02,3532,4125.208894789712,-593.2088947897118,593.2088947897118
2015-09-02,255,333.7713807420948,-78.77138074209478,78.77138074209478
2015-09-02,185,282.7789862898745,-97.77898628987452,97.77898628987452
2015-09-02,1097,1359.1848620491025,-262.18486204910255,262.18486204910255
2015-09-02,821,926.5406458834873,-105.54064588348729,105.54064588348729
2015-09-02,363,334.25570102067263,28.744298979327368,28.744298979327368
2015-09-02,312,285.4874475086326,26.512552491367387,26.512552491367387
2015-09-03,4211,4008.493289653536,202.50671034646393,202.50671034646393
2015-09-03,1543,1580.9792096095932,-37.97920960959323,37.97920960959323
2015-09-03,1734,2013.424712778529,-279.42471277852906,279.42471277852906
2015-09-03,2536,2469.4903816945034,66.50961830549659,66.50961830549659
2015-09-03,826,956.9647303950145,-130.9647303950145,130.9647303950145
2015-09-03,330,309.062196611947,20.937803388053,20.937803388053
2015-09-03,488,516.9558358309315,-28.955835830931505,28.955835830931505
2015-09-03,681,588.8135544096842,92.18644559031577,92.18644559031577
2015-09-03,328,351.13164104358174,-23.131641043581737,23.131641043581737
2015-09-03,1248,949.8652433098114,298.1347566901886,298.1347566901886
2015-09-03,3797,4059.287823218875,-262.287823218875,262.287823218875
2015-09-03,959,998.4615424836738,-39.46154248367384,39.46154248367384
2015-09-03,707,723.6534153192046,-16.653415319204555,16.653415319204555
2015-09-03,2731,2965.0860499820665,-234.08604998206647,234.08604998206647
2015-09-03,2163,2565.0345683842907,-402.03456838429065,402.03456838429065
2015-09-03,2225,2407.279412577919,-182.27941257791917,182.27941257791917
2015-09-03,1500,1241.4855947548347,258.51440524516534,258.51440524516534
2015-09-03,331,361.87432671387324,-30.874326713873245,30.874326713873245
2015-09-03,254,283.7673046187358,-29.767304618735807,29.767304618735807
2015-09-03,1773,2015.7059768769382,-242.70597687693817,242.70597687693817
2015-09-03,216,297.4001201864162,-81.40012018641619,81.40012018641619
2015-09-03,2284,2305.737307135778,-21.737307135777883,21.737307135777883
2015-09-03,228,258.73027848750564,-30.730278487505643,30.730278487505643
2015-09-03,298,377.5421993629675,-79.5421993629675,79.5421993629675
2015-09-03,344,357.5618737395911,-13.561873739591078,13.561873739591078
2015-09-03,585,659.7140294664398,-74.7140294664398,74.7140294664398
2015-09-03,2759,2785.657349503602,-26.657349503601836,26.657349503601836
2015-09-03,915,994.1082470463873,-79.1082470463873,79.1082470463873
2015-09-03,924,918.4158182633851,5.584181736614937,5.584181736614937
2015-09-03,701,748.4564465461809,-47.45644654618093,47.45644654618093
2015-09-04,1094,1058.376198752133,35.62380124786705,35.62380124786705
2015-09-04,480,598.2804664404665,-118.28046644046651,118.28046644046651
2015-09-04,3213,2793.3898265641446,419.61017343585536,419.61017343585536
2015-09-04,441,342.20694090667865,98.79305909332135,98.79305909332135
2015-09-04,1287,1289.120326853676,-2.1203268536760334,2.1203268536760334
2015-09-04,4081,3893.8135556776547,187.18644432234532,187.18644432234532
2015-09-04,1704,1566.9809801524625,137.0190198475375,137.0190198475375
2015-09-04,484,462.2251804760084,21.774819523991596,21.774819523991596
2015-09-04,2814,2868.961690651116,-54.96169065111599,54.96169065111599
2015-09-04,2143,2383.0706021472633,-240.07060214726334,240.07060214726334
2015-09-04,2297,2323.1193437152256,-26.11934371522557,26.11934371522557
2015-09-04,304,246.26108793898035,57.73891206101965,57.73891206101965
2015-09-04,419,397.89545369373946,21.104546306260545,21.104546306260545
2015-09-04,487,346.4031874371407,140.59681256285933,140.59681256285933
2015-09-04,705,582.8732893602319,122.12671063976813,122.12671063976813
2015-09-04,834,786.977367681362,47.02263231863799,47.02263231863799
2015-09-04,758,765.0881130131779,-7.088113013177917,7.088113013177917
2015-09-04,1668,1838.1938407828063,-170.19384078280632,170.19384078280632
2015-09-04,1666,1873.3149900102173,-207.31499001021734,207.31499001021734
2015-09-04,1113,1048.5771239637013,64.4228760362987,64.4228760362987
2015-09-04,923,933.0448484917607,-10.044848491760717,10.044848491760717
2015-09-04,2284,2204.864662781988,79.13533721801195,79.13533721801195
2015-09-04,2030,2382.2229535741635,-352.2229535741635,352.2229535741635
2015-09-04,1035,957.4834483394186,77.5165516605814,77.5165516605814
2015-09-04,889,912.5928264443338,-23.59282644433381,23.59282644433381
2015-09-04,2650,2587.831260519173,62.168739480826844,62.168739480826844
2015-09-04,355,272.14964121000264,82.85035878999736,82.85035878999736
2015-09-04,272,267.86359521079964,4.1364047892003555,4.1364047892003555
2015-09-04,357,338.78941211316834,18.21058788683166,18.21058788683166
2015-09-04,483,360.89960463731666,122.10039536268334,122.10039536268334
2015-09-05,2982,2778.4558497191483,203.54415028085168,203.54415028085168
2015-09-05,1254,1280.8167647958455,-26.81676479584553,26.81676479584553
2015-09-05,700,757.4976963165614,-57.49769631656136,57.49769631656136
2015-09-05,509,560.9829226942464,-51.98292269424644,51.98292269424644
2015-09-05,533,582.6066875885865,-49.60668758858651,49.60668758858651
2015-09-05,283,269.42355350321185,13.57644649678815,13.57644649678815
2015-09-05,628,616.1329407994218,11.867059200578183,11.867059200578183
2015-09-05,327,362.8876222490381,-35.88762224903809,35.88762224903809
2015-09-05,1512,1502.8122468431914,9.18775315680864,9.18775315680864
2015-09-05,242,319.6286326044584,-77.6286326044584,77.6286326044584
2015-09-05,2848,2716.3577659601,131.6422340398999,131.6422340398999
2015-09-05,1343,1257.7777443511916,85.22225564880841,85.22225564880841
2015-09-05,312,477.95460171095755,-165.95460171095755,165.95460171095755
2015-09-05,2822,2951.246661886806,-129.24666188680612,129.24666188680612
2015-09-05,372,437.82161012824366,-65.82161012824366,65.82161012824366
2015-09-05,401,423.78886131305967,-22.78886131305967,22.78886131305967
2015-09-05,2015,2385.6417098767256,-370.6417098767256,370.6417098767256
2015-09-05,3328,3307.334117275476,20.66588272452418,20.66588272452418
2015-09-05,1644,1861.3908188162454,-217.39081881624543,217.39081881624543
2015-09-05,3875,3955.7984880555414,-80.79848805554138,80.79848805554138
2015-09-05,3938,3881.6097707997064,56.39022920029356,56.39022920029356
2015-09-05,1147,1102.9823015283941,44.017698471605854,44.017698471605854
2015-09-05,2329,2361.0497819630773,-32.049781963077294,32.049781963077294
2015-09-05,4663,5013.036671048971,-350.0366710489707,350.0366710489707
2015-09-05,878,1026.8674438595156,-148.86744385951556,148.86744385951556
2015-09-05,1172,1165.6084117396902,6.391588260309845,6.391588260309845
2015-09-05,1329,1393.8875306379578,-64.88753063795775,64.88753063795775
2015-09-05,2676,2654.115501177861,21.884498822138994,21.884498822138994
2015-09-05,530,586.638080922752,-56.63808092275201,56.63808092275201
2015-09-05,895,916.523078887192,-21.523078887192014,21.523078887192014
2015-09-06,660,629.597758209292,30.40224179070799,30.40224179070799
2015-09-06,329,468.1111563824138,-139.1111563824138,139.1111563824138
2015-09-06,651,690.1037536307065,-39.10375363070648,39.10375363070648
2015-09-06,1091,1202.6130277439788,-111.61302774397882,111.61302774397882
2015-09-06,757,945.261898496499,-188.26189849649904,188.26189849649904
2015-09-06,4598,5416.295873466121,-818.2958734661206,818.2958734661206
2015-09-06,2795,3193.4661114945984,-398.4661114945984,398.4661114945984
2015-09-06,502,491.3788174683592,10.621182531640784,10.621182531640784
2015-09-06,1328,1595.406783527213,-267.40678352721307,267.40678352721307
2015-09-06,255,245.41996800431497,9.580031995685033,9.580031995685033
2015-09-06,441,443.13576421078926,-2.1357642107892616,2.1357642107892616
2015-09-06,1006,1251.5222690504295,-245.5222690504295,245.5222690504295
2015-09-06,324,403.52871954468645,-79.52871954468645,79.52871954468645
2015-09-06,2776,3105.268944851536,-329.26894485153616,329.26894485153616
2015-09-06,929,1202.0651279774647,-273.0651279774647,273.0651279774647
2015-09-06,2434,2653.0476498084477,-219.04764980844766,219.04764980844766
2015-09-06,717,905.8615318057244,-188.86153180572444,188.86153180572444
2015-09-06,1777,2494.6060851812435,-717.6060851812435,717.6060851812435
2015-09-06,3928,4139.207782943305,-211.20778294330466,211.20778294330466
2015-09-06,3554,4099.532483791081,-545.5324837910812,545.5324837910812
2015-09-06,3280,3136.9940859004523,143.00591409954768,143.00591409954768
2015-09-06,318,399.804539218614,-81.80453921861402,81.80453921861402
2015-09-06,294,276.4868076428026,17.513192357197397,17.513192357197397
2015-09-06,2650,2799.3275495590274,-149.32754955902737,149.32754955902737
2015-09-06,1067,1233.3307900859643,-166.33079008596428,166.33079008596428
2015-09-06,1262,1420.4195852462572,-158.41958524625716,158.41958524625716
2015-09-06,3356,3429.425125344697,-73.42512534469688,73.42512534469688
2015-09-06,461,585.1928327372328,-124.19283273723283,124.19283273723283
2015-09-06,1431,1899.5079991463542,-468.5079991463542,468.5079991463542
2015-09-06,277,324.58223414995115,-47.58223414995115,47.58223414995115
2015-09-07,337,350.51826434138565,-13.518264341385645,13.518264341385645
2015-09-07,1372,903.7940267878396,468.2059732121604,468.2059732121604
2015-09-07,1022,866.7911571544474,155.20884284555257,155.20884284555257
2015-09-07,772,650.3890180865325,121.61098191346753,121.61098191346753
2015-09-07,2173,1875.425879168123,297.57412083187705,297.57412083187705
2015-09-07,983,932.6524201237089,50.34757987629109,50.34757987629109
2015-09-07,2447,2003.768950882191,443.2310491178091,443.2310491178091
2015-09-07,1030,884.8692296237199,145.1307703762801,145.1307703762801
2015-09-07,3709,2852.1108455642266,856.8891544357734,856.8891544357734
2015-09-07,200,223.05462336340253,-23.054623363402527,23.054623363402527
2015-09-07,409,338.9924666462864,70.0075333537136,70.0075333537136
2015-09-07,270,241.51553292893502,28.484467071064984,28.484467071064984
2015-09-07,470,478.38415111592343,-8.38415111592343,8.38415111592343
2015-09-07,596,570.9152096379812,25.084790362018794,25.084790362018794
2015-09-07,1869,1515.368212525343,353.6317874746569,353.6317874746569
2015-09-07,373,324.8478092112043,48.15219078879568,48.15219078879568
2015-09-07,3375,2340.3746868354497,1034.6253131645503,1034.6253131645503
2015-09-07,276,266.21592131611226,9.784078683887742,9.784078683887742
2015-09-07,1278,958.1525988086911,319.8474011913089,319.8474011913089
2015-09-07,344,327.3663047334891,16.633695266510927,16.633695266510927
2015-09-07,3264,2401.035014922036,862.9649850779638,862.9649850779638
2015-09-07,972,987.0288612302517,-15.028861230251664,15.028861230251664
2015-09-07,5058,4114.294725878672,943.7052741213283,943.7052741213283
2015-09-07,2948,2427.505222703566,520.4947772964342,520.4947772964342
2015-09-07,3166,3154.3558309349273,11.644169065072674,11.644169065072674
2015-09-07,2327,2055.9341145742283,271.06588542577174,271.06588542577174
2015-09-07,446,341.008708146448,104.99129185355201,104.99129185355201
2015-09-07,2821,2334.9627615923614,486.0372384076386,486.0372384076386
2015-09-07,649,506.54112503528916,142.45887496471084,142.45887496471084
2015-09-07,806,655.725875634873,150.27412436512702,150.27412436512702
2015-09-08,267,233.4879639740144,33.512036025985594,33.512036025985594
2015-09-08,485,594.3011706398564,-109.30117063985642,109.30117063985642
2015-09-08,908,879.7109735467117,28.28902645328833,28.28902645328833
2015-09-08,2676,2618.3917806804266,57.608219319573436,57.608219319573436
2015-09-08,2223,2332.218547698125,-109.2185476981249,109.2185476981249
2015-09-08,790,808.9344746149628,-18.934474614962824,18.934474614962824
2015-09-08,233,219.96169163738645,13.038308362613549,13.038308362613549
2015-09-08,4361,4189.712253119486,171.28774688051362,171.28774688051362
2015-09-08,430,687.6288348016209,-257.6288348016209,257.6288348016209
2015-09-08,477,456.1786750900053,20.8213249099947,20.8213249099947
2015-09-08,792,1170.2364302420642,-378.2364302420642,378.2364302420642
2015-09-08,444,312.1041674292231,131.89583257077692,131.89583257077692
2015-09-08,898,995.6738294416854,-97.67382944168537,97.67382944168537
2015-09-08,256,330.26714980160324,-74.26714980160324,74.26714980160324
2015-09-08,870,1004.5247636445649,-134.52476364456493,134.52476364456493
2015-09-08,3605,3420.164774210895,184.83522578910515,184.83522578910515
2015-09-08,2070,2412.9411036482516,-342.94110364825156,342.94110364825156
2015-09-08,2245,2365.093967746589,-120.09396774658899,120.09396774658899
2015-09-08,1591,1607.1609712220068,-16.160971222006765,16.160971222006765
2015-09-08,266,309.0238989831001,-43.02389898310008,43.02389898310008
2015-09-08,601,710.0971761760717,-109.09717617607168,109.09717617607168
2015-09-08,532,498.1167087868882,33.88329121311182,33.88329121311182
2015-09-08,1972,2070.3202719537826,-98.3202719537826,98.3202719537826
2015-09-08,1840,1921.6619855812892,-81.66198558128917,81.66198558128917
2015-09-08,769,872.4903274276388,-103.49032742763882,103.49032742763882
2015-09-08,264,343.3770370153349,-79.3770370153349,79.3770370153349
2015-09-08,1655,1881.7132148141582,-226.71321481415816,226.71321481415816
2015-09-08,2227,2379.8246088092023,-152.82460880920235,152.82460880920235
2015-09-08,158,253.86445545296283,-95.86445545296283,95.86445545296283
2015-09-08,264,339.94947168621394,-75.94947168621394,75.94947168621394
2015-09-09,435,451.20193121800264,-16.201931218002642,16.201931218002642
2015-09-09,682,908.7345550204631,-226.73455502046306,226.73455502046306
2015-09-09,337,389.9424663407168,-52.942466340716805,52.942466340716805
2015-09-09,1083,953.3369273026042,129.66307269739582,129.66307269739582
2015-09-09,2252,2248.4785523401765,3.5214476598234796,3.5214476598234796
2015-09-09,1606,1520.008221322633,85.99177867736694,85.99177867736694
2015-09-09,1910,1878.4363183760481,31.56368162395188,31.56368162395188
2015-09-09,211,233.678939521994,-22.67893952199401,22.67893952199401
2015-09-09,238,268.86923228439133,-30.86923228439133,30.86923228439133
2015-09-09,344,352.70877644981135,-8.708776449811353,8.708776449811353
2015-09-09,643,557.8172134542203,85.18278654577966,85.18278654577966
2015-09-09,345,307.5149490023972,37.4850509976028,37.4850509976028
2015-09-09,2079,2279.8591358759286,-200.8591358759286,200.8591358759286
2015-09-09,2267,2354.974892885623,-87.97489288562292,87.97489288562292
2015-09-09,791,852.9294423300394,-61.929442330039365,61.929442330039365
2015-09-09,852,870.7774670715479,-18.777467071547903,18.777467071547903
2015-09-09,2112,2025.1729895283129,86.82701047168712,86.82701047168712
2015-09-09,235,231.004545040931,3.995454959069008,3.995454959069008
2015-09-09,2638,2665.1484164558706,-27.148416455870574,27.148416455870574
2015-09-09,4259,3491.670836267675,767.329163732325,767.329163732325
2015-09-09,493,501.1855572311001,-8.18555723110012,8.18555723110012
2015-09-09,821,810.1300935228664,10.869906477133554,10.869906477133554
2015-09-09,798,932.9547561407222,-134.95475614072222,134.95475614072222
2015-09-09,315,287.93953646996056,27.060463530039442,27.060463530039442
2015-09-09,562,534.9223723810117,27.077627618988345,27.077627618988345
2015-09-09,385,353.22629572840356,31.773704271596444,31.773704271596444
2015-09-09,682,598.6411754488356,83.35882455116439,83.35882455116439
2015-09-09,4427,3937.133243423061,489.8667565769392,489.8667565769392
2015-09-09,1759,1756.653892212152,2.346107787848041,2.346107787848041
2015-09-09,2541,2342.0595649714724,198.94043502852765,198.94043502852765
2015-09-10,460,437.90116218427954,22.098837815720458,22.098837815720458
2015-09-10,829,800.5139909488253,28.486009051174733,28.486009051174733
2015-09-10,426,327.6988328644078,98.30116713559221,98.30116713559221
2015-09-10,2357,2275.820851809813,81.17914819018688,81.17914819018688
2015-09-10,663,632.6469011688116,30.35309883118839,30.35309883118839
2015-09-10,1673,1483.72555204455,189.2744479554499,189.2744479554499
2015-09-10,459,556.8266553983266,-97.82665539832658,97.82665539832658
2015-09-10,202,245.70646769601433,-43.70646769601433,43.70646769601433
2015-09-10,2138,2218.363160889808,-80.36316088980811,80.36316088980811
2015-09-10,2557,2602.6874718883078,-45.687471888307755,45.687471888307755
2015-09-10,1686,1719.9013526745648,-33.901352674564805,33.901352674564805
2015-09-10,903,926.6431202031279,-23.643120203127864,23.643120203127864
2015-09-10,634,580.2414214395744,53.758578560425576,53.758578560425576
2015-09-10,786,813.5209225321096,-27.52092253210958,27.52092253210958
2015-09-10,300,303.1710840992845,-3.171084099284485,3.171084099284485
2015-09-10,290,326.85573406086905,-36.855734060869054,36.855734060869054
2015-09-10,4221,4127.573071242683,93.426928757317,93.426928757317
2015-09-10,632,648.0469859442732,-16.04698594427316,16.04698594427316
2015-09-10,1171,1207.3807808626093,-36.3807808626093,36.3807808626093
2015-09-10,2005,2097.469673204041,-92.4696732040411,92.4696732040411
2015-09-10,2067,1989.7646641187512,77.23533588124883,77.23533588124883
2015-09-10,316,340.5253438078448,-24.52534380784482,24.52534380784482
2015-09-10,770,907.627606458963,-137.627606458963,137.627606458963
2015-09-10,1683,1642.1803365028932,40.81966349710683,40.81966349710683
2015-09-10,1967,2131.789494815902,-164.7894948159019,164.7894948159019
2015-09-10,261,222.68776420333066,38.31223579666934,38.31223579666934
2015-09-10,210,229.13932697786578,-19.139326977865778,19.139326977865778
2015-09-10,313,324.38001993534965,-11.380019935349651,11.380019935349651
2015-09-10,2981,2751.872148777552,229.12785122244804,229.12785122244804
2015-09-10,733,851.5525911002399,-118.55259110023985,118.55259110023985
2015-09-11,526,502.7910560803265,23.208943919673516,23.208943919673516
2015-09-11,1629,1647.6996972202705,-18.699697220270536,18.699697220270536
2015-09-11,245,254.84245452281345,-9.842454522813455,9.842454522813455
2015-09-11,1760,1798.2635165803322,-38.26351658033218,38.26351658033218
2015-09-11,304,272.87223949883213,31.12776050116787,31.12776050116787
2015-09-11,964,1011.8280647977618,-47.82806479776184,47.82806479776184
2015-09-11,2725,2622.0534625543023,102.94653744569769,102.94653744569769
2015-09-11,2863,3074.2001648909377,-211.20016489093769,211.20016489093769
2015-09-11,383,396.8659251971659,-13.865925197165893,13.865925197165893
2015-09-11,440,351.0153250019878,88.98467499801222,88.98467499801222
2015-09-11,1349,1190.029318403334,158.97068159666605,158.97068159666605
2015-09-11,852,937.5716315868267,-85.5716315868267,85.5716315868267
2015-09-11,1850,1906.1049077573402,-56.10490775734024,56.10490775734024
2015-09-11,352,376.7362044582346,-24.736204458234624,24.736204458234624
2015-09-11,3888,3579.058250974735,308.9417490252649,308.9417490252649
2015-09-11,502,423.0358961053837,78.9641038946163,78.9641038946163
2015-09-11,2598,2765.037892278541,-167.03789227854122,167.03789227854122
2015-09-11,4056,4168.2973786768725,-112.29737867687254,112.29737867687254
2015-09-11,853,804.8569678350653,48.14303216493465,48.14303216493465
2015-09-11,2308,2360.5183825099834,-52.51838250998344,52.51838250998344
2015-09-11,337,378.1184449991283,-41.118444999128315,41.118444999128315
2015-09-11,2477,2421.5677538496575,55.43224615034251,55.43224615034251
2015-09-11,754,737.4297296331921,16.570270366807904,16.570270366807904
2015-09-11,821,908.023463858149,-87.02346385814894,87.02346385814894
2015-09-11,600,641.1231825234008,-41.12318252340083,41.12318252340083
2015-09-11,845,1011.7797842702392,-166.77978427023925,166.77978427023925
2015-09-11,496,470.08596775614217,25.914032243857832,25.914032243857832
2015-09-11,2305,2487.2241895511484,-182.22418955114836,182.22418955114836
2015-09-11,213,297.73337558118976,-84.73337558118976,84.73337558118976
2015-09-11,991,956.1908360601013,34.80916393989867,34.80916393989867
2015-09-12,371,458.7636969423909,-87.76369694239088,87.76369694239088
2015-09-12,2289,2362.9718353911153,-73.97183539111529,73.97183539111529
2015-09-12,1289,1315.9180937215297,-26.918093721529658,26.918093721529658
2015-09-12,3570,3381.5730012799104,188.4269987200896,188.4269987200896
2015-09-12,337,305.3652867798892,31.634713220110825,31.634713220110825
2015-09-12,426,422.35511137395076,3.6448886260492372,3.6448886260492372
2015-09-12,4449,4099.977634823875,349.0223651761253,349.0223651761253
2015-09-12,592,567.8659934995685,24.134006500431497,24.134006500431497
2015-09-12,2933,2808.3171829985217,124.68281700147827,124.68281700147827
2015-09-12,3632,3668.0932281693085,-36.09322816930853,36.09322816930853
2015-09-12,332,257.77546502611887,74.22453497388113,74.22453497388113
2015-09-12,1827,1891.4375342301694,-64.43753423016938,64.43753423016938
2015-09-12,3313,3092.0773130476755,220.9226869523245,220.9226869523245
2015-09-12,1145,1138.5842769006097,6.415723099390334,6.415723099390334
2015-09-12,302,345.8444034653305,-43.844403465330515,43.844403465330515
2015-09-12,1101,1119.7418250602982,-18.741825060298197,18.741825060298197
2015-09-12,1621,1546.51200213609,74.4879978639101,74.4879978639101
2015-09-12,629,660.6319042258118,-31.63190422581181,31.63190422581181
2015-09-12,1231,1143.8382043213576,87.16179567864242,87.16179567864242
2015-09-12,557,579.451399330512,-22.451399330512004,22.451399330512004
2015-09-12,3344,2949.7064328178108,394.29356718218924,394.29356718218924
2015-09-12,581,662.2624558574099,-81.26245585740992,81.26245585740992
2015-09-12,1254,1216.927814847961,37.07218515203908,37.07218515203908
2015-09-12,2355,2342.827160895613,12.172839104387094,12.172839104387094
2015-09-12,4609,4783.449868860095,-174.4498688600952,174.4498688600952
2015-09-12,415,392.5482999193952,22.45170008060478,22.45170008060478
2015-09-12,895,921.9537462148833,-26.953746214883267,26.953746214883267
2015-09-12,531,524.5122283728731,6.487771627126904,6.487771627126904
2015-09-12,3096,2998.1216293966218,97.87837060337824,97.87837060337824
2015-09-12,1077,987.4099264628643,89.59007353713571,89.59007353713571
2015-09-13,3332,2873.084719179765,458.9152808202348,458.9152808202348
2015-09-13,4001,3829.4416331846105,171.5583668153895,171.5583668153895
2015-09-13,857,837.6483775038591,19.351622496140862,19.351622496140862
2015-09-13,266,283.49346931491357,-17.49346931491357,17.49346931491357
2015-09-13,2754,2594.5233170018855,159.47668299811448,159.47668299811448
2015-09-13,1178,1157.5433203742348,20.45667962576522,20.45667962576522
2015-09-13,1227,1173.6366568422925,53.363343157707504,53.363343157707504
2015-09-13,1175,1119.736953708631,55.26304629136894,55.26304629136894
2015-09-13,3511,3494.2505999214727,16.749400078527287,16.749400078527287
2015-09-13,3515,3100.9389736366843,414.0610263633157,414.0610263633157
2015-09-13,762,663.6953400142156,98.30465998578438,98.30465998578438
2015-09-13,1433,1517.6650337600815,-84.66503376008154,84.66503376008154
2015-09-13,807,930.5032430251175,-123.50324302511751,123.50324302511751
2015-09-13,2647,2498.770542881076,148.22945711892407,148.22945711892407
2015-09-13,442,418.41782329350656,23.582176706493442,23.582176706493442
2015-09-13,1434,1378.9813943178492,55.01860568215079,55.01860568215079
2015-09-13,584,588.0523902239837,-4.052390223983707,4.052390223983707
2015-09-13,5405,5253.221180725179,151.77881927482122,151.77881927482122
2015-09-13,2002,1899.731957726689,102.26804227331104,102.26804227331104
2015-09-13,3219,2986.757066169286,232.2429338307138,232.2429338307138
2015-09-13,282,241.81387077779462,40.18612922220538,40.18612922220538
2015-09-13,367,363.0948756980265,3.905124301973501,3.905124301973501
2015-09-13,2911,2980.7306037220433,-69.73060372204327,69.73060372204327
2015-09-13,1167,1150.4910610370036,16.508938962996353,16.508938962996353
2015-09-13,617,592.5975035809186,24.402496419081444,24.402496419081444
2015-09-13,378,395.84164869396733,-17.84164869396733,17.84164869396733
2015-09-13,455,439.7299252808514,15.270074719148624,15.270074719148624
2015-09-13,3671,3704.2200394073193,-33.22003940731929,33.22003940731929
2015-09-13,323,304.72852045994875,18.271479540051246,18.271479540051246
2015-09-13,618,508.81303085517686,109.18696914482314,109.18696914482314
2015-09-14,1885,2068.5264553041998,-183.52645530419977,183.52645530419977
2015-09-14,2711,2576.584693766684,134.4153062333162,134.4153062333162
2015-09-14,896,939.7535019598146,-43.75350195981457,43.75350195981457
2015-09-14,206,226.1915137556486,-20.1915137556486,20.1915137556486
2015-09-14,322,323.9303594738288,-1.930359473828787,1.930359473828787
2015-09-14,1603,1729.7339126701736,-126.7339126701736,126.7339126701736
2015-09-14,845,965.3006815037976,-120.30068150379759,120.30068150379759
2015-09-14,2288,2217.426196502809,70.57380349719097,70.57380349719097
2015-09-14,3879,3312.1484551739095,566.8515448260905,566.8515448260905
2015-09-14,823,945.6722026212708,-122.6722026212708,122.6722026212708
2015-09-14,215,238.03643392791275,-23.036433927912753,23.036433927912753
2015-09-14,3603,4257.143929657898,-654.1439296578983,654.1439296578983
2015-09-14,2413,2543.1825849829715,-130.18258498297155,130.18258498297155
2015-09-14,1955,1955.8794659825778,-0.8794659825778126,0.8794659825778126
2015-09-14,372,370.4625030679831,1.537496932016893,1.537496932016893
2015-09-14,354,351.2216251576655,2.778374842334472,2.778374842334472
2015-09-14,568,585.8813520470385,-17.88135204703849,17.88135204703849
2015-09-14,2714,3000.935122144972,-286.93512214497196,286.93512214497196
2015-09-14,944,1097.0825049696682,-153.0825049696682,153.0825049696682
2015-09-14,2403,2453.5534968809266,-50.55349688092656,50.55349688092656
2015-09-14,471,484.77676454719017,-13.776764547190169,13.776764547190169
2015-09-14,685,727.2448124962841,-42.24481249628411,42.24481249628411
2015-09-14,610,663.376422525765,-53.37642252576495,53.37642252576495
2015-09-14,288,258.909066468406,29.090933531593976,29.090933531593976
2015-09-14,354,375.9502384525191,-21.950238452519102,21.950238452519102
2015-09-14,1001,960.5162774817685,40.4837225182315,40.4837225182315
2015-09-14,2177,2629.6271331946427,-452.62713319464274,452.62713319464274
2015-09-14,259,359.36658141157625,-100.36658141157625,100.36658141157625
2015-09-14,752,1021.2934258591627,-269.29342585916265,269.29342585916265
2015-09-14,475,533.4293862655675,-58.42938626556747,58.42938626556747
2015-09-15,378,351.24079953059913,26.759200469400866,26.759200469400866
2015-09-15,2156,2481.4088314152527,-325.40883141525273,325.40883141525273
2015-09-15,2972,2668.4631583742407,303.5368416257593,303.5368416257593
2015-09-15,284,317.79729397134156,-33.79729397134156,33.79729397134156
2015-09-15,1726,1884.5454731124496,-158.5454731124496,158.5454731124496
2015-09-15,624,666.8646968146107,-42.86469681461074,42.86469681461074
2015-09-15,865,944.8201153757776,-79.82011537577762,79.82011537577762
2015-09-15,913,940.6758262983666,-27.675826298366587,27.675826298366587
2015-09-15,528,603.6067301799842,-75.6067301799842,75.6067301799842
2015-09-15,3684,3616.3463269879653,67.65367301203469,67.65367301203469
2015-09-15,2132,2249.3852255758375,-117.38522557583747,117.38522557583747
2015-09-15,384,301.2380289045291,82.76197109547093,82.76197109547093
2015-09-15,831,832.2424771202287,-1.2424771202287275,1.2424771202287275
2015-09-15,1816,1851.9852934051592,-35.985293405159155,35.985293405159155
2015-09-15,573,572.1863778459389,0.8136221540611359,0.8136221540611359
2015-09-15,806,789.5815378560922,16.418462143907846,16.418462143907846
2015-09-15,852,943.3498613839073,-91.3498613839073,91.3498613839073
2015-09-15,855,816.370118506607,38.629881493392986,38.629881493392986
2015-09-15,189,239.0969328915214,-50.09693289152139,50.09693289152139
2015-09-15,325,337.55800747301043,-12.558007473010434,12.558007473010434
2015-09-15,2318,2458.2732338015676,-140.27323380156759,140.27323380156759
2015-09-15,3843,3379.5623136462123,463.43768635378774,463.43768635378774
2015-09-15,497,470.3727321647114,26.627267835288592,26.627267835288592
2015-09-15,1686,1487.0360923441663,198.96390765583374,198.96390765583374
2015-09-15,2541,2491.113540949673,49.886459050327176,49.886459050327176
2015-09-15,2374,2389.3555185126747,-15.355518512674735,15.355518512674735
2015-09-15,278,246.66971061617,31.330289383830006,31.330289383830006
2015-09-15,199,228.08542828432232,-29.08542828432232,29.08542828432232
2015-09-15,474,456.4057157414521,17.594284258547873,17.594284258547873
2015-09-15,322,333.4381049604941,-11.438104960494115,11.438104960494115
2015-09-16,2042,2118.054030044848,-76.05403004484788,76.05403004484788
2015-09-16,2231,2208.608937592672,22.39106240732781,22.39106240732781
2015-09-16,407,508.6107267944853,-101.61072679448529,101.61072679448529
2015-09-16,311,351.76329376399224,-40.76329376399224,40.76329376399224
2015-09-16,764,867.9767240126868,-103.97672401268676,103.97672401268676
2015-09-16,759,793.2130697921879,-34.213069792187866,34.213069792187866
2015-09-16,233,225.76627654753167,7.233723452468325,7.233723452468325
2015-09-16,849,831.6469627382731,17.353037261726854,17.353037261726854
2015-09-16,3208,2766.97218819324,441.0278118067599,441.0278118067599
2015-09-16,2197,2368.4580443701834,-171.45804437018342,171.45804437018342
2015-09-16,406,333.79327716896194,72.20672283103806,72.20672283103806
2015-09-16,568,595.2947737614095,-27.294773761409488,27.294773761409488
2015-09-16,1966,1998.1364874203985,-32.13648742039845,32.13648742039845
2015-09-16,801,807.6324356126273,-6.632435612627319,6.632435612627319
2015-09-16,430,463.98185664404036,-33.98185664404036,33.98185664404036
2015-09-16,329,308.4420257113213,20.55797428867868,20.55797428867868
2015-09-16,2111,2087.4197090596876,23.580290940312352,23.580290940312352
2015-09-16,3329,3577.6446950490267,-248.64469504902672,248.64469504902672
2015-09-16,354,303.96876522202047,50.031234777979535,50.031234777979535
2015-09-16,1467,1749.3605739397576,-282.3605739397576,282.3605739397576
2015-09-16,562,563.5043416027374,-1.5043416027374406,1.5043416027374406
2015-09-16,1396,1523.7350870610744,-127.73508706107441,127.73508706107441
2015-09-16,2159,2043.4848148760618,115.51518512393818,115.51518512393818
2015-09-16,408,346.7840657494331,61.215934250566875,61.215934250566875
2015-09-16,1722,1679.5010495287718,42.49895047122823,42.49895047122823
2015-09-16,870,966.6770415203692,-96.67704152036924,96.67704152036924
2015-09-16,806,803.4931916212598,2.5068083787401747,2.5068083787401747
2015-09-16,545,623.752689044275,-78.75268904427503,78.75268904427503
2015-09-16,238,246.3112856747116,-8.311285674711598,8.311285674711598
2015-09-16,177,221.28835991136583,-44.28835991136583,44.28835991136583
2015-09-17,362,336.03744309534875,25.96255690465125,25.96255690465125
2015-09-17,774,866.8028849420459,-92.80288494204592,92.80288494204592
2015-09-17,818,784.4669159020852,33.53308409791475,33.53308409791475
2015-09-17,382,302.91248499467736,79.08751500532264,79.08751500532264
2015-09-17,2084,2076.7545192847356,7.245480715264421,7.245480715264421
2015-09-17,3371,3245.5259655679074,125.4740344320926,125.4740344320926
2015-09-17,1395,1478.5858040703558,-83.58580407035583,83.58580407035583
2015-09-17,1724,1608.8165142252333,115.18348577476672,115.18348577476672
2015-09-17,540,617.3918642102202,-77.3918642102202,77.3918642102202
2015-09-17,602,610.5452825078655,-8.545282507865522,8.545282507865522
2015-09-17,2107,2031.4677092363775,75.53229076362254,75.53229076362254
2015-09-17,2175,1931.710912491264,243.28908750873597,243.28908750873597
2015-09-17,756,824.5687932414297,-68.56879324142972,68.56879324142972
2015-09-17,2780,2707.3862113795626,72.61378862043739,72.61378862043739
2015-09-17,868,1009.9196248812152,-141.9196248812152,141.9196248812152
2015-09-17,946,803.6434365750056,142.35656342499442,142.35656342499442
2015-09-17,495,569.6458631303591,-74.64586313035909,74.64586313035909
2015-09-17,1612,1630.3291095765194,-18.329109576519386,18.329109576519386
2015-09-17,2077,2099.720443389645,-22.72044338964497,22.72044338964497
2015-09-17,430,355.10245761130807,74.89754238869193,74.89754238869193
2015-09-17,772,924.6699916630073,-152.6699916630073,152.6699916630073
2015-09-17,317,318.11347238006033,-1.1134723800603297,1.1134723800603297
2015-09-17,178,224.91922179219318,-46.919221792193184,46.919221792193184
2015-09-17,258,216.27136179512098,41.72863820487902,41.72863820487902
2015-09-17,2076,2011.8515094320628,64.14849056793719,64.14849056793719
2015-09-17,379,311.7927623716354,67.20723762836462,67.20723762836462
2015-09-17,466,456.8432964388942,9.156703561105815,9.156703561105815
2015-09-17,2370,2258.036172877522,111.96382712247805,111.96382712247805
2015-09-17,255,225.2905668679072,29.709433132092812,29.709433132092812
2015-09-17,629,507.6910145929051,121.3089854070949,121.3089854070949
2015-09-18,1877,1850.6951698740309,26.304830125969147,26.304830125969147
2015-09-18,427,394.28753142714345,32.71246857285655,32.71246857285655
2015-09-18,1165,1066.0176942078556,98.98230579214442,98.98230579214442
2015-09-18,773,781.2604121007042,-8.26041210070423,8.26041210070423
2015-09-18,874,994.0645612620001,-120.0645612620001,120.0645612620001
2015-09-18,537,613.4105875306926,-76.41058753069262,76.41058753069262
2015-09-18,2226,2283.0740382915674,-57.074038291567376,57.074038291567376
2015-09-18,4059,3609.070016568638,449.92998343136196,449.92998343136196
2015-09-18,721,562.2993871281668,158.7006128718332,158.7006128718332
2015-09-18,1481,1538.8897175844852,-57.8897175844852,57.8897175844852
2015-09-18,241,253.9927076702125,-12.992707670212496,12.992707670212496
2015-09-18,378,399.04941145386124,-21.04941145386124,21.04941145386124
2015-09-18,828,699.8556295092017,128.14437049079834,128.14437049079834
2015-09-18,1740,1797.6745480702748,-57.674548070274795,57.674548070274795
2015-09-18,2502,2307.772259975565,194.2277400244352,194.2277400244352
2015-09-18,1006,997.2335484503657,8.766451549634326,8.766451549634326
2015-09-18,390,405.30771503927303,-15.307715039273035,15.307715039273035
2015-09-18,950,930.3312095214472,19.66879047855275,19.66879047855275
2015-09-18,2484,2424.2077162129503,59.792283787049655,59.792283787049655
2015-09-18,345,388.79270482617085,-43.79270482617085,43.79270482617085
2015-09-18,348,272.7044119455115,75.29558805448852,75.29558805448852
2015-09-18,356,368.1356558675056,-12.13565586750559,12.13565586750559
2015-09-18,2893,2707.9480415922653,185.05195840773467,185.05195840773467
2015-09-18,884,889.919565060954,-5.919565060954028,5.919565060954028
2015-09-18,2101,2324.704231547204,-223.70423154720402,223.70423154720402
2015-09-18,1021,945.9159376945034,75.08406230549656,75.08406230549656
2015-09-18,2933,2720.6552296020973,212.34477039790272,212.34477039790272
2015-09-18,2306,2241.3015560559784,64.69844394402162,64.69844394402162
2015-09-18,487,491.5055261051904,-4.505526105190427,4.505526105190427
2015-09-18,356,277.69530790487795,78.30469209512205,78.30469209512205
2015-09-19,5191,4588.473476619488,602.5265233805121,602.5265233805121
2015-09-19,2632,2690.2847676709193,-58.28476767091934,58.28476767091934
2015-09-19,711,706.5223168681161,4.47768313188385,4.47768313188385
2015-09-19,1175,1210.3909080680173,-35.390908068017325,35.390908068017325
2015-09-19,2985,3016.970068567147,-31.970068567146882,31.970068567146882
2015-09-19,323,307.8759029638499,15.12409703615009,15.12409703615009
2015-09-19,970,1007.6105104117186,-37.610510411718565,37.610510411718565
2015-09-19,426,424.2753171106074,1.724682889392625,1.724682889392625
2015-09-19,2814,2481.9159795050064,332.08402049499364,332.08402049499364
2015-09-19,1219,1159.1187478483619,59.88125215163814,59.88125215163814
2015-09-19,2868,2724.21390538715,143.78609461284987,143.78609461284987
2015-09-19,1037,917.4150790572355,119.58492094276448,119.58492094276448
2015-09-19,1487,1559.2040048830759,-72.20400488307587,72.20400488307587
2015-09-19,626,648.4776329277435,-22.477632927743457,22.477632927743457
2015-09-19,356,339.4447457713708,16.555254228629224,16.555254228629224
2015-09-19,1764,1778.8490624801595,-14.849062480159546,14.849062480159546
2015-09-19,2277,2272.705199037,4.294800962999943,4.294800962999943
2015-09-19,3706,3552.680342845026,153.3196571549738,153.3196571549738
2015-09-19,3776,3153.5275177954295,622.4724822045705,622.4724822045705
2015-09-19,559,581.2069230008976,-22.206923000897632,22.206923000897632
2015-09-19,1246,1170.609765318373,75.39023468162691,75.39023468162691
2015-09-19,504,560.8215925429522,-56.8215925429522,56.8215925429522
2015-09-19,2364,2250.5231995105028,113.47680048949724,113.47680048949724
2015-09-19,435,416.96874181785626,18.031258182143745,18.031258182143745
2015-09-19,1295,1214.0663184075033,80.93368159249667,80.93368159249667
2015-09-19,484,410.6861130980057,73.3138869019943,73.3138869019943
2015-09-19,606,525.033925937928,80.96607406207204,80.96607406207204
2015-09-19,252,260.32680676509074,-8.326806765090737,8.326806765090737
2015-09-19,1271,1188.839405096199,82.16059490380098,82.16059490380098
2015-09-19,2920,3044.2728237073043,-124.27282370730427,124.27282370730427
2015-09-20,287,318.51119454261413,-31.511194542614135,31.511194542614135
2015-09-20,382,379.04651275310886,2.953487246891143,2.953487246891143
2015-09-20,3034,2941.2314963031067,92.76850369689328,92.76850369689328
2015-09-20,2865,2720.6724638176324,144.32753618236757,144.32753618236757
2015-09-20,5220,4949.568320124608,270.43167987539164,270.43167987539164
2015-09-20,1231,1189.776519576512,41.2234804234879,41.2234804234879
2015-09-20,448,469.36192407205874,-21.36192407205874,21.36192407205874
2015-09-20,3778,3537.4550591914867,240.54494080851327,240.54494080851327
2015-09-20,927,868.6667203746591,58.33327962534088,58.33327962534088
2015-09-20,2034,1807.3615325258384,226.63846747416164,226.63846747416164
2015-09-20,553,553.5746544504381,-0.5746544504380608,0.5746544504380608
2015-09-20,2727,2394.766682515832,332.23331748416786,332.23331748416786
2015-09-20,1311,1156.0952628352588,154.90473716474116,154.90473716474116
2015-09-20,2829,2443.9462346806804,385.0537653193196,385.0537653193196
2015-09-20,963,863.8576193631495,99.14238063685048,99.14238063685048
2015-09-20,525,496.3278198318039,28.67218016819612,28.67218016819612
2015-09-20,918,674.0245685568315,243.97543144316853,243.97543144316853
2015-09-20,3180,2816.385098335793,363.6149016642071,363.6149016642071
2015-09-20,1196,1177.8883571707688,18.111642829231187,18.111642829231187
2015-09-20,398,367.95341384055297,30.04658615944703,30.04658615944703
2015-09-20,354,280.9094975710731,73.09050242892692,73.09050242892692
2015-09-20,4100,3882.7758809658276,217.22411903417242,217.22411903417242
2015-09-20,3401,2980.156914259149,420.84308574085117,420.84308574085117
2015-09-20,383,442.16330661327675,-59.163306613276745,59.163306613276745
2015-09-20,598,608.4012160602149,-10.401216060214892,10.401216060214892
2015-09-20,1465,1450.6434618570022,14.356538142997806,14.356538142997806
2015-09-20,2162,2377.420823983236,-215.420823983236,215.420823983236
2015-09-20,1425,1375.5003794237673,49.4996205762327,49.4996205762327
2015-09-20,194,237.37155510976746,-43.371555109767456,43.371555109767456
2015-09-20,1091,1127.3319174444237,-36.33191744442365,36.33191744442365
2015-09-21,235,252.25661476779385,-17.25661476779385,17.25661476779385
2015-09-21,572,668.5640694935104,-96.56406949351037,96.56406949351037
2015-09-21,1858,1575.929374538985,282.07062546101497,282.07062546101497
2015-09-21,281,362.72703265193314,-81.72703265193314,81.72703265193314
2015-09-21,1811,1934.1480636127308,-123.14806361273077,123.14806361273077
2015-09-21,1904,1849.9935984507006,54.006401549299426,54.006401549299426
2015-09-21,2210,2298.855465822818,-88.85546582281813,88.85546582281813
2015-09-21,489,483.7995723288268,5.200427671173202,5.200427671173202
2015-09-21,911,941.7557257636246,-30.755725763624582,30.755725763624582
2015-09-21,886,866.1501639419265,19.849836058073492,19.849836058073492
2015-09-21,872,945.2215399160897,-73.22153991608968,73.22153991608968
2015-09-21,453,512.09706365252,-59.09706365251998,59.09706365251998
2015-09-21,647,695.4858332133052,-48.48583321330523,48.48583321330523
2015-09-21,227,204.761445238865,22.238554761134992,22.238554761134992
2015-09-21,462,617.9828978874905,-155.98289788749048,155.98289788749048
2015-09-21,1931,2018.2084204525504,-87.2084204525504,87.2084204525504
2015-09-21,2853,2582.116551838951,270.8834481610488,270.8834481610488
2015-09-21,314,309.52817584449355,4.471824155506454,4.471824155506454
2015-09-21,323,243.19862829792024,79.80137170207976,79.80137170207976
2015-09-21,2177,2245.2884589149853,-68.28845891498531,68.28845891498531
2015-09-21,1692,1727.502969759634,-35.50296975963397,35.50296975963397
2015-09-21,1119,1022.9016721364336,96.0983278635664,96.0983278635664
2015-09-21,2566,2423.1747144151377,142.82528558486229,142.82528558486229
2015-09-21,808,962.0189760451424,-154.01897604514238,154.01897604514238
2015-09-21,4185,3782.0336244519845,402.96637554801555,402.96637554801555
2015-09-21,298,338.4256931379095,-40.42569313790949,40.42569313790949
2015-09-21,847,967.5573172126071,-120.55731721260713,120.55731721260713
2015-09-21,2457,2423.534663239808,33.4653367601918,33.4653367601918
2015-09-21,411,326.48082899657464,84.51917100342536,84.51917100342536
2015-09-21,346,358.77867403499715,-12.778674034997152,12.778674034997152
2015-09-22,496,462.48494181934433,33.51505818065567,33.51505818065567
2015-09-22,2131,1992.868443976065,138.131556023935,138.131556023935
2015-09-22,714,765.4363244619038,-51.43632446190384,51.43632446190384
2015-09-22,664,489.52548647554613,174.47451352445387,174.47451352445387
2015-09-22,400,328.77707694844156,71.22292305155844,71.22292305155844
2015-09-22,575,602.6943297572409,-27.694329757240894,27.694329757240894
2015-09-22,3762,3590.8753560668547,171.1246439331453,171.1246439331453
2015-09-22,774,862.7575095110458,-88.75750951104578,88.75750951104578
2015-09-22,745,829.3337916078332,-84.33379160783318,84.33379160783318
2015-09-22,337,299.596887669075,37.40311233092501,37.40311233092501
2015-09-22,827,855.7669559091025,-28.766955909102535,28.766955909102535
2015-09-22,271,244.6127533966724,26.38724660332761,26.38724660332761
2015-09-22,380,318.3438194134174,61.65618058658259,61.65618058658259
2015-09-22,1901,1810.1046970182288,90.89530298177124,90.89530298177124
2015-09-22,2206,2242.743861238916,-36.743861238916,36.743861238916
2015-09-22,895,940.1888462026735,-45.18884620267352,45.18884620267352
2015-09-22,2132,2108.645247858767,23.354752141232893,23.354752141232893
2015-09-22,1707,1583.8942505897217,123.10574941027835,123.10574941027835
2015-09-22,2028,2025.6503057182879,2.349694281712118,2.349694281712118
2015-09-22,621,525.148393970661,95.851606029339,95.851606029339
2015-09-22,879,763.0441121470211,115.95588785297889,115.95588785297889
2015-09-22,1600,1530.1774203129437,69.8225796870563,69.8225796870563
2015-09-22,1803,1822.517984082248,-19.51798408224795,19.51798408224795
2015-09-22,185,202.93324378195794,-17.93324378195794,17.93324378195794
2015-09-22,154,242.07725610295907,-88.07725610295907,88.07725610295907
2015-09-22,2540,2293.042897122577,246.95710287742304,246.95710287742304
2015-09-22,1634,1660.180719245302,-26.180719245302043,26.180719245302043
2015-09-22,306,371.4491597788077,-65.44915977880771,65.44915977880771
2015-09-22,477,481.31072299936517,-4.310722999365169,4.310722999365169
2015-09-22,374,294.96706372710383,79.03293627289617,79.03293627289617
2015-09-23,1614,1514.9046900928388,99.09530990716121,99.09530990716121
2015-09-23,361,325.30709664427377,35.69290335572623,35.69290335572623
2015-09-23,637,583.9823492724872,53.01765072751277,53.01765072751277
2015-09-23,2343,2281.8723738663903,61.12762613360974,61.12762613360974
2015-09-23,297,361.19409806387216,-64.19409806387216,64.19409806387216
2015-09-23,527,637.090734877934,-110.09073487793398,110.09073487793398
2015-09-23,2292,2034.776953670192,257.2230463298081,257.2230463298081
2015-09-23,249,249.34359261574562,-0.34359261574562083,0.34359261574562083
2015-09-23,1792,1837.8979473611032,-45.897947361103206,45.897947361103206
2015-09-23,2327,2166.4073273575664,160.59267264243363,160.59267264243363
2015-09-23,1725,1849.404985382946,-124.40498538294605,124.40498538294605
2015-09-23,2156,1960.0347033495202,195.9652966504798,195.9652966504798
2015-09-23,1938,2105.657961853412,-167.65796185341196,167.65796185341196
2015-09-23,303,205.89481909990332,97.10518090009668,97.10518090009668
2015-09-23,355,373.93746102604325,-18.937461026043252,18.937461026043252
2015-09-23,445,443.9500576771536,1.049942322846391,1.049942322846391
2015-09-23,861,777.6789758458683,83.32102415413169,83.32102415413169
2015-09-23,209,225.81550018528117,-16.815500185281167,16.815500185281167
2015-09-23,1703,1624.362278506967,78.63772149303304,78.63772149303304
2015-09-23,818,801.7059473763369,16.294052623663106,16.294052623663106
2015-09-23,1528,1406.9913410627614,121.00865893723858,121.00865893723858
2015-09-23,852,799.0988646702175,52.901135329782505,52.901135329782505
2015-09-23,311,319.61430923845194,-8.614309238451938,8.614309238451938
2015-09-23,3909,3342.9173110173906,566.0826889826094,566.0826889826094
2015-09-23,346,336.4803699324451,9.519630067554885,9.519630067554885
2015-09-23,742,854.4987840062889,-112.49878400628893,112.49878400628893
2015-09-23,504,573.9453925358126,-69.94539253581263,69.94539253581263
2015-09-23,963,754.2534234162418,208.74657658375816,208.74657658375816
2015-09-23,495,479.02450018510024,15.975499814899763,15.975499814899763
2015-09-23,895,865.4316659547677,29.56833404523229,29.56833404523229
2015-09-24,2201,2119.9082775451325,81.09172245486752,81.09172245486752
2015-09-24,417,355.06781466270087,61.93218533729913,61.93218533729913
2015-09-24,805,771.8524230057886,33.14757699421136,33.14757699421136
2015-09-24,806,792.3176461942218,13.682353805778234,13.682353805778234
2015-09-24,398,326.92436656790693,71.07563343209307,71.07563343209307
2015-09-24,1421,1528.6901234466998,-107.69012344669977,107.69012344669977
2015-09-24,2270,2238.6167636201703,31.38323637982967,31.38323637982967
2015-09-24,774,768.3156237295821,5.684376270417943,5.684376270417943
2015-09-24,251,313.31678265252066,-62.31678265252066,62.31678265252066
2015-09-24,363,321.03229549644783,41.96770450355217,41.96770450355217
2015-09-24,890,1019.7878206780433,-129.78782067804332,129.78782067804332
2015-09-24,1490,1396.9254838673628,93.0745161326372,93.0745161326372
2015-09-24,2071,2066.7145512934244,4.2854487065756075,4.2854487065756075
2015-09-24,2265,1978.9414419170466,286.05855808295337,286.05855808295337
2015-09-24,3431,3473.2535313176572,-42.253531317657234,42.253531317657234
2015-09-24,2460,2208.5119493865354,251.48805061346457,251.48805061346457
2015-09-24,596,593.0701669063332,2.9298330936668435,2.9298330936668435
2015-09-24,552,547.5927693281603,4.40723067183967,4.40723067183967
2015-09-24,790,763.2414647285513,26.75853527144875,26.75853527144875
2015-09-24,1882,1786.6110132074843,95.38898679251565,95.38898679251565
2015-09-24,861,843.2245568284412,17.775443171558777,17.775443171558777
2015-09-24,386,508.2382709759181,-122.23827097591811,122.23827097591811
2015-09-24,464,450.6178602152573,13.38213978474272,13.38213978474272
2015-09-24,255,220.78242095294513,34.21757904705487,34.21757904705487
2015-09-24,347,323.5290093708334,23.47099062916658,23.47099062916658
2015-09-24,211,245.38339803905913,-34.38339803905913,34.38339803905913
2015-09-24,1959,1802.5605208229435,156.43947917705646,156.43947917705646
2015-09-24,555,583.2341794509161,-28.234179450916145,28.234179450916145
2015-09-24,210,231.9973081713033,-21.997308171303303,21.997308171303303
2015-09-24,1586,1631.522570700421,-45.522570700421056,45.522570700421056
2015-09-25,1330,1118.6000520041064,211.39994799589363,211.39994799589363
2015-09-25,2842,2677.428384117175,164.57161588282497,164.57161588282497
2015-09-25,758,729.0389621124524,28.961037887547604,28.961037887547604
2015-09-25,873,876.7783867865636,-3.778386786563601,3.778386786563601
2015-09-25,2714,2450.6938317498057,263.30616825019433,263.30616825019433
2015-09-25,2397,2249.5364978720495,147.4635021279505,147.4635021279505
2015-09-25,429,448.16634344324166,-19.166343443241658,19.166343443241658
2015-09-25,283,271.0095953640859,11.990404635914103,11.990404635914103
2015-09-25,293,348.6997726045098,-55.6997726045098,55.6997726045098
2015-09-25,1059,933.9078949205942,125.09210507940577,125.09210507940577
2015-09-25,1731,1747.0274684692808,-16.027468469280848,16.027468469280848
2015-09-25,336,359.14747285803895,-23.147472858038952,23.147472858038952
2015-09-25,402,377.7384338626115,24.261566137388513,24.261566137388513
2015-09-25,614,539.1873303003244,74.81266969967555,74.81266969967555
2015-09-25,1011,1001.4726185213723,9.527381478627717,9.527381478627717
2015-09-25,1057,900.5167650413877,156.48323495861234,156.48323495861234
2015-09-25,741,765.6829758206388,-24.68297582063883,24.68297582063883
2015-09-25,3860,3738.5020994404003,121.49790055959966,121.49790055959966
2015-09-25,2395,1996.5355640793312,398.46443592066885,398.46443592066885
2015-09-25,1871,1641.1900362237566,229.80996377624342,229.80996377624342
2015-09-25,533,587.1430417278867,-54.143041727886725,54.143041727886725
2015-09-25,1745,1572.0785253572326,172.9214746427674,172.9214746427674
2015-09-25,2056,2209.7827189151626,-153.7827189151626,153.7827189151626
2015-09-25,887,858.9795570559507,28.02044294404925,28.02044294404925
2015-09-25,2277,2183.531016213502,93.46898378649803,93.46898378649803
2015-09-25,281,243.99445423541187,37.005545764588135,37.005545764588135
2015-09-25,300,285.8948472449343,14.105152755065717,14.105152755065717
2015-09-25,376,369.122693398749,6.877306601251007,6.877306601251007
2015-09-25,488,481.38694124490155,6.61305875509845,6.61305875509845
2015-09-25,2741,2625.6396501527765,115.36034984722346,115.36034984722346
2015-09-26,1916,1876.4192820467683,39.58071795323167,39.58071795323167
2015-09-26,3779,3415.466293270986,363.53370672901383,363.53370672901383
2015-09-26,2176,2261.8341105604827,-85.83411056048271,85.83411056048271
2015-09-26,957,915.5987925256311,41.4012074743689,41.4012074743689
2015-09-26,638,645.3555708343331,-7.355570834333093,7.355570834333093
2015-09-26,1199,1221.123871012887,-22.123871012887093,22.123871012887093
2015-09-26,4613,4623.560588370148,-10.560588370148253,10.560588370148253
2015-09-26,3628,3532.202875717453,95.79712428254697,95.79712428254697
2015-09-26,1326,1295.4099913693349,30.590008630665125,30.590008630665125
2015-09-26,521,539.4953745830408,-18.495374583040757,18.495374583040757
2015-09-26,406,414.61072636684565,-8.610726366845654,8.610726366845654
2015-09-26,229,257.0046249214419,-28.004624921441916,28.004624921441916
2015-09-26,1212,1150.2773449710344,61.72265502896562,61.72265502896562
2015-09-26,530,584.5417610856452,-54.54176108564525,54.54176108564525
2015-09-26,2937,2851.608266145775,85.3917338542251,85.3917338542251
2015-09-26,1495,1521.6450210630594,-26.645021063059403,26.645021063059403
2015-09-26,594,625.2671790268353,-31.267179026835265,31.267179026835265
2015-09-26,289,329.980835545835,-40.98083554583502,40.98083554583502
2015-09-26,2935,2893.3731182908928,41.62688170910724,41.62688170910724
2015-09-26,1053,1113.8588011965708,-60.85880119657077,60.85880119657077
2015-09-26,2985,2888.147304729677,96.85269527032278,96.85269527032278
2015-09-26,575,564.2601238868592,10.739876113140781,10.739876113140781
2015-09-26,929,1000.0738865303132,-71.07388653031319,71.07388653031319
2015-09-26,2198,2077.6147551265867,120.38524487341328,120.38524487341328
2015-09-26,340,305.480363541953,34.51963645804699,34.51963645804699
2015-09-26,504,418.472495824162,85.52750417583798,85.52750417583798
2015-09-26,1224,1182.2308048804734,41.76919511952656,41.76919511952656
2015-09-26,2543,2445.1516177553935,97.84838224460646,97.84838224460646
2015-09-26,376,437.9007196831996,-61.90071968319961,61.90071968319961
2015-09-26,2529,2711.946639312067,-182.94663931206696,182.94663931206696
2015-09-27,303,299.2941817643214,3.705818235678578,3.705818235678578
2015-09-27,1192,1189.0463752792382,2.953624720761809,2.953624720761809
2015-09-27,4811,5160.561057026825,-349.56105702682544,349.56105702682544
2015-09-27,378,431.36816112411765,-53.36816112411765,53.36816112411765
2015-09-27,2991,2800.2499551040883,190.75004489591174,190.75004489591174
2015-09-27,274,209.68535353983046,64.31464646016954,64.31464646016954
2015-09-27,499,527.9017582548244,-28.901758254824358,28.901758254824358
2015-09-27,963,899.6579327418565,63.342067258143516,63.342067258143516
2015-09-27,3611,3740.5927504736856,-129.59275047368556,129.59275047368556
2015-09-27,1659,1506.9257102548852,152.0742897451148,152.0742897451148
2015-09-27,2062,2000.357185519583,61.64281448041697,61.64281448041697
2015-09-27,821,944.0252213818053,-123.0252213818053,123.0252213818053
2015-09-27,500,431.2369116045537,68.76308839544629,68.76308839544629
2015-09-27,804,748.3048316111762,55.695168388823845,55.695168388823845
2015-09-27,1108,1122.2663029173673,-14.266302917367284,14.266302917367284
2015-09-27,2847,2712.6848920284565,134.3151079715435,134.3151079715435
2015-09-27,3885,3841.188840611359,43.811159388641045,43.811159388641045
2015-09-27,2415,2304.0681866592377,110.93181334076235,110.93181334076235
2015-09-27,438,367.5602261889005,70.43977381109949,70.43977381109949
2015-09-27,2636,2836.4119754877247,-200.4119754877247,200.4119754877247
2015-09-27,3009,3109.691248621551,-100.69124862155104,100.69124862155104
2015-09-27,405,420.9963059805288,-15.996305980528803,15.996305980528803
2015-09-27,1124,1157.0300981806874,-33.030098180687446,33.030098180687446
2015-09-27,243,291.5845042167571,-48.584504216757125,48.584504216757125
2015-09-27,2794,2547.307181509276,246.69281849072422,246.69281849072422
2015-09-27,1362,1353.8879505220198,8.112049477980236,8.112049477980236
2015-09-27,578,585.5557665120492,-7.5557665120492175,7.5557665120492175
2015-09-27,591,576.8997653319271,14.100234668072858,14.100234668072858
2015-09-27,1088,1194.3674389857763,-106.36743898577629,106.36743898577629
2015-09-27,2222,2333.799747562629,-111.79974756262891,111.79974756262891
2015-09-28,1767,1603.1673678136833,163.8326321863167,163.8326321863167
2015-09-28,2193,2305.8951789473695,-112.89517894736946,112.89517894736946
2015-09-28,603,682.0288873255797,-79.02888732557972,79.02888732557972
2015-09-28,194,237.09951555389154,-43.099515553891536,43.099515553891536
2015-09-28,831,856.2374184113656,-25.23741841136564,25.23741841136564
2015-09-28,494,551.187310610439,-57.187310610439,57.187310610439
2015-09-28,3810,3676.849065888315,133.15093411168482,133.15093411168482
2015-09-28,1425,1607.3400528820775,-182.34005288207754,182.34005288207754
2015-09-28,947,998.0931040814064,-51.09310408140641,51.09310408140641
2015-09-28,2065,1963.6035784734227,101.39642152657734,101.39642152657734
2015-09-28,313,364.4387493262248,-51.43874932622481,51.43874932622481
2015-09-28,1772,1646.006525411372,125.99347458862803,125.99347458862803
2015-09-28,376,320.2084432989797,55.79155670102028,55.79155670102028
2015-09-28,2305,2041.662796102561,263.33720389743894,263.33720389743894
2015-09-28,867,851.8288373360456,15.17116266395442,15.17116266395442
2015-09-28,452,346.54888150417935,105.45111849582065,105.45111849582065
2015-09-28,2623,2605.7699885693232,17.230011430676768,17.230011430676768
2015-09-28,2236,2506.085354263981,-270.0853542639811,270.0853542639811
2015-09-28,200,250.88210729023342,-50.88210729023342,50.88210729023342
2015-09-28,733,931.8629891086953,-198.86298910869527,198.86298910869527
2015-09-28,483,488.7407881964413,-5.740788196441315,5.740788196441315
2015-09-28,518,605.6853760291898,-87.6853760291898,87.6853760291898
2015-09-28,892,901.6542076483383,-9.654207648338343,9.654207648338343
2015-09-28,553,466.39366276160945,86.60633723839055,86.60633723839055
2015-09-28,234,330.54531695682795,-96.54531695682795,96.54531695682795
2015-09-28,439,318.2904332842811,120.70956671571889,120.70956671571889
2015-09-28,809,976.8857047116825,-167.88570471168248,167.88570471168248
2015-09-28,1959,1958.3902685598116,0.6097314401883978,0.6097314401883978
2015-09-28,172,214.8957081387346,-42.89570813873459,42.89570813873459
2015-09-28,1997,1994.297068973493,2.7029310265070308,2.7029310265070308
2015-09-29,202,202.1968198899973,-0.19681988999730038,0.19681988999730038
2015-09-29,395,438.8214609495267,-43.82146094952668,43.82146094952668
2015-09-29,379,466.7714042203815,-87.7714042203815,87.7714042203815
2015-09-29,299,328.46440462577095,-29.464404625770953,29.464404625770953
2015-09-29,663,867.4032501864148,-204.40325018641477,204.40325018641477
2015-09-29,767,842.759371265581,-75.75937126558097,75.75937126558097
2015-09-29,2086,2366.5693020053773,-280.56930200537727,280.56930200537727
2015-09-29,1983,2197.221415675846,-214.22141567584595,214.22141567584595
2015-09-29,876,1035.140790130389,-159.14079013038895,159.14079013038895
2015-09-29,937,775.040322279336,161.959677720664,161.959677720664
2015-09-29,573,619.4714448838605,-46.4714448838605,46.4714448838605
2015-09-29,1580,1625.1851846092688,-45.185184609268845,45.185184609268845
2015-09-29,812,917.5289775051793,-105.52897750517934,105.52897750517934
2015-09-29,1263,1518.4220830291072,-255.42208302910717,255.42208302910717
2015-09-29,257,236.22200215132753,20.77799784867247,20.77799784867247
2015-09-29,1805,2024.0234681479585,-219.0234681479585,219.0234681479585
2015-09-29,1785,1916.4383622810951,-131.43836228109512,131.43836228109512
2015-09-29,1539,1500.9098465805735,38.09015341942654,38.09015341942654
2015-09-29,290,314.85837326048954,-24.858373260489543,24.858373260489543
2015-09-29,1883,1828.6152627813624,54.38473721863761,54.38473721863761
2015-09-29,3119,3458.8090982184453,-339.80909821844534,339.80909821844534
2015-09-29,335,323.4727993577743,11.527200642225694,11.527200642225694
2015-09-29,1680,1801.965073670516,-121.96507367051595,121.96507367051595
2015-09-29,2204,2231.174897009925,-27.17489700992519,27.17489700992519
2015-09-29,562,601.3453325839306,-39.3453325839306,39.3453325839306
2015-09-29,390,364.2670774388047,25.732922561195323,25.732922561195323
2015-09-29,615,563.3719521965811,51.628047803418895,51.628047803418895
2015-09-29,782,787.3420033567081,-5.342003356708119,5.342003356708119
2015-09-29,228,202.29085357656982,25.709146423430184,25.709146423430184
2015-09-29,326,323.7271020800895,2.2728979199105197,2.2728979199105197
2015-09-30,1766,1826.6007156957792,-60.60071569577917,60.60071569577917
2015-09-30,456,428.0713726374586,27.92862736254142,27.92862736254142
2015-09-30,2270,2191.5972254617895,78.40277453821045,78.40277453821045
2015-09-30,370,356.6271260659861,13.37287393401391,13.37287393401391
2015-09-30,2193,2217.5340826081588,-24.53408260815877,24.53408260815877
2015-09-30,767,915.4584753521893,-148.45847535218934,148.45847535218934
2015-09-30,3146,3182.3933998700218,-36.39339987002177,36.39339987002177
2015-09-30,603,572.3804888160763,30.61951118392369,30.61951118392369
2015-09-30,407,325.4917690392472,81.50823096075283,81.50823096075283
2015-09-30,1823,1835.2633322558152,-12.263332255815158,12.263332255815158
2015-09-30,754,826.3710554077745,-72.37105540777452,72.37105540777452
2015-09-30,302,325.95052281258756,-23.950522812587565,23.950522812587565
2015-09-30,778,759.2871970468973,18.71280295310271,18.71280295310271
2015-09-30,1507,1580.576602590664,-73.57660259066392,73.57660259066392
2015-09-30,1451,1513.425720335791,-62.425720335791084,62.425720335791084
2015-09-30,685,540.68746759624,144.31253240375997,144.31253240375997
2015-09-30,215,255.4240740164895,-40.4240740164895,40.4240740164895
2015-09-30,263,233.47832161944942,29.521678380550583,29.521678380550583
2015-09-30,295,355.6982504143274,-60.69825041432739,60.69825041432739
2015-09-30,1877,2158.137444071866,-281.13744407186596,281.13744407186596
2015-09-30,630,570.49044438904,59.50955561095998,59.50955561095998
2015-09-30,379,309.5898420473163,69.41015795268368,69.41015795268368
2015-09-30,1757,1636.571867713859,120.42813228614091,120.42813228614091
2015-09-30,430,427.80695753302984,2.193042466970155,2.193042466970155
2015-09-30,1882,1912.327459490763,-30.327459490762976,30.327459490762976
2015-09-30,1032,903.0268459358638,128.97315406413622,128.97315406413622
2015-09-30,1491,1417.2241429781716,73.77585702182841,73.77585702182841
2015-09-30,812,748.8209429340873,63.17905706591273,63.17905706591273
2015-09-30,748,797.1999856898087,-49.19998568980873,49.19998568980873
2015-09-30,181,215.31639755601492,-34.31639755601492,34.31639755601492
2015-10-01,435,515.997230755436,-80.99723075543602,80.99723075543602
2015-10-01,879,900.9113865865199,-21.91138658651994,21.91138658651994
2015-10-01,1425,1593.2658924666785,-168.26589246667845,168.26589246667845
2015-10-01,355,360.42576349711845,-5.425763497118453,5.425763497118453
2015-10-01,2388,2363.632719874751,24.36728012524918,24.36728012524918
2015-10-01,565,581.1975444959255,-16.197544495925513,16.197544495925513
2015-10-01,436,393.7463563686585,42.253643631341504,42.253643631341504
2015-10-01,700,684.342315589549,15.657684410450997,15.657684410450997
2015-10-01,2497,2688.8261584536385,-191.82615845363853,191.82615845363853
2015-10-01,351,268.9786740494742,82.0213259505258,82.0213259505258
2015-10-01,481,366.5632456677679,114.43675433223211,114.43675433223211
2015-10-01,887,900.0827158828431,-13.082715882843104,13.082715882843104
2015-10-01,2592,2313.381612963399,278.6183870366008,278.6183870366008
2015-10-01,895,727.4492402221821,167.55075977781792,167.55075977781792
2015-10-01,3626,3667.1964547672274,-41.19645476722735,41.19645476722735
2015-10-01,725,631.7355637457594,93.26443625424065,93.26443625424065
2015-10-01,310,260.21122522262186,49.78877477737814,49.78877477737814
2015-10-01,1752,1310.5614488574645,441.4385511425355,441.4385511425355
2015-10-01,363,351.05684589045256,11.943154109547436,11.943154109547436
2015-10-01,1001,916.7578949408847,84.24210505911526,84.24210505911526
2015-10-01,1516,1715.5049214203357,-199.50492142033568,199.50492142033568
2015-10-01,2104,2243.9312738710787,-139.9312738710787,139.9312738710787
2015-10-01,2571,2370.223821045646,200.77617895435378,200.77617895435378
2015-10-01,1856,1817.4430403748215,38.55695962517848,38.55695962517848
2015-10-01,1117,1005.5802808257537,111.41971917424632,111.41971917424632
2015-10-01,1878,2068.0139676633507,-190.01396766335074,190.01396766335074
2015-10-01,776,909.7363636392929,-133.7363636392929,133.7363636392929
2015-10-01,2558,2588.1056985681166,-30.105698568116622,30.105698568116622
2015-10-01,291,283.30135616175875,7.698643838241253,7.698643838241253
2015-10-01,347,369.4640505167176,-22.464050516717577,22.464050516717577
2015-10-02,2941,2785.7136735681897,155.28632643181027,155.28632643181027
2015-10-02,3350,3235.744512416551,114.25548758344894,114.25548758344894
2015-10-02,3986,4303.172888304647,-317.17288830464713,317.17288830464713
2015-10-02,466,473.5093017236906,-7.509301723690612,7.509301723690612
2015-10-02,319,328.6010357930346,-9.601035793034612,9.601035793034612
2015-10-02,692,672.9399970581585,19.060002941841503,19.060002941841503
2015-10-02,555,445.7927725915202,109.20722740847981,109.20722740847981
2015-10-02,931,973.8292081661879,-42.82920816618787,42.82920816618787
2015-10-02,326,434.6526716921696,-108.65267169216958,108.65267169216958
2015-10-02,2438,2395.6229533485903,42.37704665140973,42.37704665140973
2015-10-02,1104,1136.3100704748545,-32.310070474854456,32.310070474854456
2015-10-02,693,703.4482194402741,-10.448219440274102,10.448219440274102
2015-10-02,382,415.4815802478313,-33.48158024783129,33.48158024783129
2015-10-02,1836,1913.8439324297926,-77.84393242979263,77.84393242979263
2015-10-02,517,527.3573130193653,-10.357313019365279,10.357313019365279
2015-10-02,350,377.32053166078975,-27.320531660789754,27.320531660789754
2015-10-02,2672,2521.9346448943647,150.06535510563526,150.06535510563526
2015-10-02,2613,2486.868863683174,126.13113631682609,126.13113631682609
2015-10-02,1588,1590.8408063184868,-2.840806318486784,2.840806318486784
2015-10-02,399,377.7152348889125,21.284765111087495,21.284765111087495
2015-10-02,1623,1777.8529469758619,-154.85294697586187,154.85294697586187
2015-10-02,860,849.8040824750922,10.195917524907827,10.195917524907827
2015-10-02,863,958.4518888456956,-95.45188884569563,95.45188884569563
2015-10-02,4108,3458.7554884301085,649.2445115698915,649.2445115698915
2015-10-02,963,1078.8205074301306,-115.82050743013065,115.82050743013065
2015-10-02,2141,2019.0809246523877,121.9190753476123,121.9190753476123
2015-10-02,1103,1144.1405267671018,-41.140526767101846,41.140526767101846
2015-10-02,2997,2824.632519473187,172.36748052681287,172.36748052681287
2015-10-02,1268,1130.010865028216,137.9891349717841,137.9891349717841
2015-10-02,292,334.2819375411032,-42.28193754110322,42.28193754110322
2015-10-03,277,312.5402394960328,-35.540239496032825,35.540239496032825
2015-10-03,1285,1232.6831072130633,52.316892786936705,52.316892786936705
2015-10-03,3318,3133.9723766615416,184.0276233384584,184.0276233384584
2015-10-03,445,462.1935635964087,-17.193563596408694,17.193563596408694
2015-10-03,5426,5102.014010055241,323.98598994475924,323.98598994475924
2015-10-03,725,728.6592232422264,-3.6592232422264033,3.6592232422264033
2015-10-03,1124,1169.46600256858,-45.46600256858005,45.46600256858005
2015-10-03,754,781.2604897263129,-27.260489726312926,27.260489726312926
2015-10-03,1504,1286.940176249209,217.0598237507911,217.0598237507911
2015-10-03,455,443.35875751847243,11.64124248152757,11.64124248152757
2015-10-03,990,1018.3663611472527,-28.366361147252746,28.366361147252746
2015-10-03,2815,2944.620649076386,-129.62064907638614,129.62064907638614
2015-10-03,387,349.98838093402736,37.01161906597264,37.01161906597264
2015-10-03,587,625.1978996238948,-38.19789962389484,38.19789962389484
2015-10-03,2494,2566.892490273704,-72.89249027370397,72.89249027370397
2015-10-03,1436,1375.6578601950825,60.34213980491745,60.34213980491745
2015-10-03,1657,1597.661044610962,59.33895538903789,59.33895538903789
2015-10-03,2032,1930.1256134770072,101.87438652299284,101.87438652299284
2015-10-03,464,603.8743099553519,-139.87430995535192,139.87430995535192
2015-10-03,2412,2276.2111337812075,135.78886621879246,135.78886621879246
2015-10-03,3772,3475.2120490566294,296.78795094337056,296.78795094337056
2015-10-03,1488,1575.9961181514084,-87.99611815140838,87.99611815140838
2015-10-03,4648,4108.458995901465,539.5410040985353,539.5410040985353
2015-10-03,562,453.37082714287214,108.62917285712786,108.62917285712786
2015-10-03,250,359.59381491006064,-109.59381491006064,109.59381491006064
2015-10-03,4204,4022.35621406435,181.64378593565016,181.64378593565016
2015-10-03,3959,3629.961151386093,329.0388486139068,329.0388486139068
2015-10-03,3426,3259.937473166651,166.06252683334878,166.06252683334878
2015-10-03,611,607.614463459862,3.3855365401379913,3.3855365401379913
2015-10-03,1180,1085.3045266890713,94.69547331092872,94.69547331092872
2015-10-04,2411,2151.261803325672,259.7381966743278,259.7381966743278
2015-10-04,1115,1123.8082362589976,-8.808236258997567,8.808236258997567
2015-10-04,5484,5170.023492208666,313.97650779133437,313.97650779133437
2015-10-04,3299,3218.5516968242696,80.44830317573042,80.44830317573042
2015-10-04,1212,1220.7876588467557,-8.787658846755676,8.787658846755676
2015-10-04,693,624.9570989859862,68.04290101401375,68.04290101401375
2015-10-04,2450,2474.233285556193,-24.233285556193096,24.233285556193096
2015-10-04,628,538.7186263482456,89.2813736517544,89.2813736517544
2015-10-04,445,400.5303218265916,44.4696781734084,44.4696781734084
2015-10-04,503,488.63440672773464,14.365593272265357,14.365593272265357
2015-10-04,1251,1201.6041445081642,49.395855491835846,49.395855491835846
2015-10-04,2115,1829.1575241640553,285.8424758359447,285.8424758359447
2015-10-04,1200,1125.6575446665904,74.34245533340959,74.34245533340959
2015-10-04,294,239.76518430903982,54.234815690960176,54.234815690960176
2015-10-04,3372,2924.898774799,447.10122520100003,447.10122520100003
2015-10-04,467,436.8737815677063,30.126218432293683,30.126218432293683
2015-10-04,1016,947.6217070438264,68.3782929561736,68.3782929561736
2015-10-04,3162,2724.44599798331,437.55400201669,437.55400201669
2015-10-04,779,774.5103753624378,4.489624637562201,4.489624637562201
2015-10-04,468,395.6394670286435,72.36053297135652,72.36053297135652
2015-10-04,3777,3801.6549402232076,-24.654940223207632,24.654940223207632
2015-10-04,316,293.6349269685937,22.365073031406325,22.365073031406325
2015-10-04,1576,1481.8928675359716,94.10713246402838,94.10713246402838
2015-10-04,4609,3687.674289976278,921.325710023722,921.325710023722
2015-10-04,4120,3519.185583659107,600.8144163408929,600.8144163408929
2015-10-04,1366,1322.4292195812347,43.57078041876525,43.57078041876525
2015-10-04,3025,2830.89910568208,194.10089431791994,194.10089431791994
2015-10-04,828,861.3531701991574,-33.353170199157375,33.353170199157375
2015-10-04,511,434.562182082026,76.43781791797397,76.43781791797397
2015-10-04,403,280.2480651150937,122.75193488490629,122.75193488490629
2015-10-05,1071,1124.6990562039655,-53.69905620396548,53.69905620396548
2015-10-05,1823,2061.699327568149,-238.69932756814887,238.69932756814887
2015-10-05,4174,3246.7202946747266,927.2797053252734,927.2797053252734
2015-10-05,798,891.2829644011543,-93.28296440115435,93.28296440115435
2015-10-05,1754,1815.1119099517664,-61.11190995176639,61.11190995176639
2015-10-05,2461,2943.9794133451505,-482.97941334515053,482.97941334515053
2015-10-05,2689,2992.8002850632956,-303.80028506329563,303.80028506329563
2015-10-05,373,358.23772461686696,14.762275383133044,14.762275383133044
2015-10-05,888,921.2782831813049,-33.278283181304914,33.278283181304914
2015-10-05,2921,2768.126928644304,152.87307135569608,152.87307135569608
2015-10-05,202,226.6653773223734,-24.665377322373388,24.665377322373388
2015-10-05,281,255.79316724113326,25.20683275886674,25.20683275886674
2015-10-05,370,399.36761620938637,-29.36761620938637,29.36761620938637
2015-10-05,635,628.4462886170767,6.553711382923325,6.553711382923325
2015-10-05,1016,964.6154067468282,51.38459325317183,51.38459325317183
2015-10-05,2300,2355.3753211344547,-55.37532113445468,55.37532113445468
2015-10-05,916,1138.6529051631273,-222.65290516312734,222.65290516312734
2015-10-05,682,711.8527233803519,-29.852723380351904,29.852723380351904
2015-10-05,290,337.483423753685,-47.483423753684974,47.483423753684974
2015-10-05,2158,2047.6410948941902,110.35890510580975,110.35890510580975
2015-10-05,554,502.3647169144042,51.6352830855958,51.6352830855958
2015-10-05,4838,4617.700659629811,220.29934037018938,220.29934037018938
2015-10-05,994,941.831475299261,52.168524700739,52.168524700739
2015-10-05,437,534.2311174579463,-97.23111745794631,97.23111745794631
2015-10-05,3339,3295.265911674665,43.73408832533505,43.73408832533505
2015-10-05,363,368.8159982853377,-5.815998285337685,5.815998285337685
2015-10-05,2975,2644.3407382876103,330.6592617123897,330.6592617123897
2015-10-05,585,560.0185422897232,24.9814577102768,24.9814577102768
2015-10-05,222,259.88420547206977,-37.884205472069766,37.884205472069766
2015-10-05,365,394.22996480827027,-29.229964808270267,29.229964808270267
2015-10-06,843,871.4642633472297,-28.46426334722969,28.46426334722969
2015-10-06,420,316.42713584935296,103.57286415064704,103.57286415064704
2015-10-06,955,830.5080062118501,124.4919937881499,124.4919937881499
2015-10-06,227,238.23153129711153,-11.23153129711153,11.23153129711153
2015-10-06,2084,2073.6564508431493,10.343549156850713,10.343549156850713
2015-10-06,2566,2470.490229936508,95.50977006349194,95.50977006349194
2015-10-06,481,445.0675770645008,35.932422935499176,35.932422935499176
2015-10-06,554,603.168217188011,-49.168217188011,49.168217188011
2015-10-06,2582,2352.319044520482,229.68095547951816,229.68095547951816
2015-10-06,4127,4316.29992229734,-189.29992229734034,189.29992229734034
2015-10-06,2072,1815.2821145030148,256.7178854969852,256.7178854969852
2015-10-06,237,240.70218555421613,-3.702185554216129,3.702185554216129
2015-10-06,4045,3609.1220892598367,435.8779107401633,435.8779107401633
2015-10-06,941,911.6523349897752,29.347665010224773,29.347665010224773
2015-10-06,2814,2694.5143580721606,119.48564192783942,119.48564192783942
2015-10-06,2260,2410.8183599285685,-150.8183599285685,150.8183599285685
2015-10-06,771,829.3694437560932,-58.36944375609323,58.36944375609323
2015-10-06,829,763.9624696707002,65.03753032929978,65.03753032929978
2015-10-06,532,550.7447865165431,-18.74478651654306,18.74478651654306
2015-10-06,247,351.82686231587235,-104.82686231587235,104.82686231587235
2015-10-06,198,210.22685767231508,-12.226857672315077,12.226857672315077
2015-10-06,389,312.59719541728776,76.40280458271224,76.40280458271224
2015-10-06,780,805.8041257652736,-25.804125765273625,25.804125765273625
2015-10-06,495,455.82558087087324,39.17441912912676,39.17441912912676
2015-10-06,1625,1791.864573786503,-166.8645737865029,166.8645737865029
2015-10-06,335,339.7012249184245,-4.7012249184244865,4.7012249184244865
2015-10-06,331,325.78793946962577,5.212060530374231,5.212060530374231
2015-10-06,2903,2554.3504557016718,348.64954429832824,348.64954429832824
2015-10-06,588,558.6622441605588,29.33775583944123,29.33775583944123
2015-10-06,1624,1504.115463286881,119.8845367131189,119.8845367131189
2015-10-07,2841,3504.9845848979858,-663.9845848979858,663.9845848979858
2015-10-07,457,453.56904554836336,3.4309544516366373,3.4309544516366373
2015-10-07,635,595.5201112319094,39.47988876809063,39.47988876809063
2015-10-07,711,781.7643779388508,-70.76437793885077,70.76437793885077
2015-10-07,528,458.29102312268384,69.70897687731616,69.70897687731616
2015-10-07,865,754.7384261959684,110.26157380403163,110.26157380403163
2015-10-07,2352,2425.9938869786884,-73.99388697868835,73.99388697868835
2015-10-07,420,310.5637600161237,109.4362399838763,109.4362399838763
2015-10-07,3894,4112.226830935462,-218.2268309354622,218.2268309354622
2015-10-07,546,585.7642650533817,-39.76426505338168,39.76426505338168
2015-10-07,2237,2486.0018886728244,-249.0018886728244,249.0018886728244
2015-10-07,2563,2624.0521889146275,-61.05218891462755,61.05218891462755
2015-10-07,786,775.990433312781,10.009566687219035,10.009566687219035
2015-10-07,1629,1506.9648960939296,122.03510390607039,122.03510390607039
2015-10-07,1588,1654.6787160783447,-66.67871607834468,66.67871607834468
2015-10-07,298,324.3361618442448,-26.336161844244828,26.336161844244828
2015-10-07,1931,2129.205980360545,-198.2059803605448,198.2059803605448
2015-10-07,291,378.5329462640529,-87.5329462640529,87.5329462640529
2015-10-07,888,813.0292023004573,74.97079769954269,74.97079769954269
2015-10-07,210,239.86300065566468,-29.863000655664678,29.863000655664678
2015-10-07,348,319.5764127833933,28.423587216606677,28.423587216606677
2015-10-07,2091,2275.0446528049847,-184.0446528049847,184.0446528049847
2015-10-07,1904,1876.2888917626199,27.71110823738013,27.71110823738013
2015-10-07,255,217.57182536510606,37.428174634893935,37.428174634893935
2015-10-07,737,789.8450796665092,-52.84507966650915,52.84507966650915
2015-10-07,904,1018.6247934301981,-114.62479343019811,114.62479343019811
2015-10-07,2635,2412.90022878097,222.09977121903012,222.09977121903012
2015-10-07,302,230.69906710965634,71.30093289034366,71.30093289034366
2015-10-07,363,333.9168634581202,29.08313654187981,29.08313654187981
2015-10-07,678,551.9935279808122,126.00647201918775,126.00647201918775
2015-10-08,335,325.7982276752528,9.201772324747196,9.201772324747196
2015-10-08,500,636.2964963688135,-136.29649636881345,136.29649636881345
2015-10-08,501,464.4226618770007,36.57733812299932,36.57733812299932
2015-10-08,914,787.8812853746002,126.11871462539978,126.11871462539978
2015-10-08,198,245.7474122434021,-47.747412243402096,47.747412243402096
2015-10-08,1040,1189.6567642005991,-149.65676420059913,149.65676420059913
2015-10-08,191,244.95002022015885,-53.95002022015885,53.95002022015885
2015-10-08,2640,2682.2255900122273,-42.22559001222726,42.22559001222726
2015-10-08,1645,1575.8218690310055,69.17813096899454,69.17813096899454
2015-10-08,364,361.5368103238159,2.463189676184072,2.463189676184072
2015-10-08,2245,2092.602969208843,152.3970307911568,152.3970307911568
2015-10-08,196,249.54358587041986,-53.54358587041986,53.54358587041986
2015-10-08,661,662.4090951386685,-1.4090951386684765,1.4090951386684765
2015-10-08,688,589.4714712654205,98.52852873457948,98.52852873457948
2015-10-08,328,336.8631822598248,-8.863182259824782,8.863182259824782
2015-10-08,3771,3950.6256202798822,-179.62562027988224,179.62562027988224
2015-10-08,2439,2366.589099095494,72.41090090450598,72.41090090450598
2015-10-08,1012,936.0458746659294,75.95412533407057,75.95412533407057
2015-10-08,2530,2382.209424621765,147.7905753782352,147.7905753782352
2015-10-08,2214,2338.439677704537,-124.43967770453719,124.43967770453719
2015-10-08,4076,3226.8520493259225,849.1479506740775,849.1479506740775
2015-10-08,1633,1832.42249831336,-199.42249831335994,199.42249831335994
2015-10-08,1737,1496.3491371062942,240.65086289370583,240.65086289370583
2015-10-08,2369,2277.2122005696137,91.78779943038626,91.78779943038626
2015-10-08,462,451.26463197826104,10.735368021738964,10.735368021738964
2015-10-08,855,823.0142218972023,31.985778102797667,31.985778102797667
2015-10-08,851,803.1875288218909,47.81247117810915,47.81247117810915
2015-10-08,437,312.5873717016174,124.41262829838257,124.41262829838257
2015-10-08,688,719.9934139858573,-31.993413985857273,31.993413985857273
2015-10-08,299,403.67898414160396,-104.67898414160396,104.67898414160396
2015-10-09,480,350.1303528705147,129.86964712948532,129.86964712948532
2015-10-09,934,980.7221993695472,-46.722199369547184,46.722199369547184
2015-10-09,654,577.44245481685,76.55754518314995,76.55754518314995
2015-10-09,474,494.34973208573155,-20.349732085731546,20.349732085731546
2015-10-09,1293,1321.6150026614885,-28.61500266148846,28.61500266148846
2015-10-09,2834,2645.091846014915,188.90815398508494,188.90815398508494
2015-10-09,266,281.6053120676176,-15.605312067617604,15.605312067617604
2015-10-09,1058,1005.4027489714769,52.59725102852315,52.59725102852315
2015-10-09,557,587.1503263124134,-30.150326312413426,30.150326312413426
2015-10-09,3664,3878.327127744798,-214.32712774479796,214.32712774479796
2015-10-09,2699,2558.0173150621877,140.98268493781234,140.98268493781234
2015-10-09,3194,2750.5161662922737,443.48383370772626,443.48383370772626
2015-10-09,1728,1649.3302915197467,78.66970848025335,78.66970848025335
2015-10-09,2045,1825.26614085453,219.73385914546998,219.73385914546998
2015-10-09,1783,1817.7156911023421,-34.715691102342134,34.715691102342134
2015-10-09,2827,2387.4237923895166,439.5762076104834,439.5762076104834
2015-10-09,2393,2512.7182181504686,-119.7182181504686,119.7182181504686
2015-10-09,333,248.1372097367054,84.86279026329461,84.86279026329461
2015-10-09,3257,3124.7659609168013,132.2340390831987,132.2340390831987
2015-10-09,433,394.06649481428235,38.93350518571765,38.93350518571765
2015-10-09,1072,923.6365089175863,148.3634910824137,148.3634910824137
2015-10-09,1121,1024.034224995077,96.96577500492299,96.96577500492299
2015-10-09,238,259.2421409717718,-21.24214097177179,21.24214097177179
2015-10-09,336,333.4008771276574,2.5991228723426048,2.5991228723426048
2015-10-09,390,407.6808743376979,-17.6808743376979,17.6808743376979
2015-10-09,919,812.0242716715545,106.97572832844548,106.97572832844548
2015-10-09,4375,4088.06126084602,286.9387391539799,286.9387391539799
2015-10-09,591,436.0762556419521,154.92374435804788,154.92374435804788
2015-10-09,768,776.8323942592361,-8.832394259236139,8.832394259236139
2015-10-09,879,782.006485556598,96.99351444340198,96.99351444340198
2015-10-10,524,461.736458047128,62.263541952872,62.263541952872
2015-10-10,531,588.46466127003,-57.46466127002998,57.46466127002998
2015-10-10,686,515.7939891804701,170.20601081952987,170.20601081952987
2015-10-10,268,300.2896070076553,-32.28960700765532,32.28960700765532
2015-10-10,521,635.3531473910245,-114.35314739102455,114.35314739102455
2015-10-10,381,457.898561477726,-76.89856147772599,76.89856147772599
2015-10-10,1173,1213.3894557612214,-40.38945576122137,40.38945576122137
2015-10-10,1343,1243.4101101442357,99.58988985576434,99.58988985576434
2015-10-10,1642,1575.720733051851,66.27926694814892,66.27926694814892
2015-10-10,1340,1288.6983147472577,51.301685252742345,51.301685252742345
2015-10-10,2197,2249.305132128394,-52.30513212839378,52.30513212839378
2015-10-10,4062,3876.1735486072303,185.82645139276974,185.82645139276974
2015-10-10,1029,1005.0498999551799,23.950100044820147,23.950100044820147
2015-10-10,2305,2337.999166013505,-32.999166013505146,32.999166013505146
2015-10-10,3106,3245.441075794077,-139.44107579407682,139.44107579407682
2015-10-10,3457,4208.6799003162605,-751.6799003162605,751.6799003162605
2015-10-10,696,682.7500957811014,13.249904218898564,13.249904218898564
2015-10-10,1163,1100.102656690608,62.897343309392,62.897343309392
2015-10-10,4874,5209.85756549678,-335.8575654967799,335.8575654967799
2015-10-10,3100,3422.476694224117,-322.4766942241172,322.4766942241172
2015-10-10,1030,975.8826337052678,54.117366294732165,54.117366294732165
2015-10-10,268,317.58624022185575,-49.586240221855746,49.586240221855746
2015-10-10,2751,3249.615841174642,-498.6158411746419,498.6158411746419
2015-10-10,663,585.484347364033,77.51565263596694,77.51565263596694
2015-10-10,3329,3472.8712473653263,-143.87124736532633,143.87124736532633
2015-10-10,2666,2840.9854804011206,-174.98548040112064,174.98548040112064
2015-10-10,230,269.369708379621,-39.36970837962099,39.36970837962099
2015-10-10,1682,1987.0448535512344,-305.0448535512344,305.0448535512344
2015-10-10,478,429.7014461701678,48.2985538298322,48.2985538298322
2015-10-10,1292,1357.4907028252205,-65.49070282522052,65.49070282522052
2015-10-11,337,270.5234848393976,66.47651516060239,66.47651516060239
2015-10-11,3071,3177.5078044340776,-106.50780443407757,106.50780443407757
2015-10-11,254,244.76706618219544,9.232933817804565,9.232933817804565
2015-10-11,412,510.3547985701678,-98.35479857016782,98.35479857016782
2015-10-11,3938,3558.6995258791057,379.30047412089425,379.30047412089425
2015-10-11,549,553.6075199181336,-4.607519918133562,4.607519918133562
2015-10-11,499,533.4301802913877,-34.43018029138773,34.43018029138773
2015-10-11,3021,3062.6357071162424,-41.63570711624243,41.63570711624243
2015-10-11,3244,3232.4481285298734,11.55187147012657,11.55187147012657
2015-10-11,1069,1164.012207114058,-95.0122071140579,95.0122071140579
2015-10-11,525,740.5505426538315,-215.55054265383149,215.55054265383149
2015-10-11,398,412.70757965768433,-14.707579657684335,14.707579657684335
2015-10-11,4090,4069.098078079503,20.90192192049699,20.90192192049699
2015-10-11,1221,1118.6821783061,102.31782169389999,102.31782169389999
2015-10-11,452,436.24990862250644,15.750091377493561,15.750091377493561
2015-10-11,1634,1476.0720501848994,157.92794981510065,157.92794981510065
2015-10-11,512,418.06064195939155,93.93935804060845,93.93935804060845
2015-10-11,4107,3844.4887245106975,262.51127548930253,262.51127548930253
2015-10-11,1271,1226.69658906776,44.30341093224001,44.30341093224001
2015-10-11,2823,2588.4204390556697,234.5795609443303,234.5795609443303
2015-10-11,829,864.2907988620095,-35.290798862009524,35.290798862009524
2015-10-11,3347,3418.942678617188,-71.942678617188,71.942678617188
2015-10-11,4042,5406.719634011271,-1364.7196340112714,1364.7196340112714
2015-10-11,1411,1294.0227401643292,116.9772598356708,116.9772598356708
2015-10-11,1114,1178.878128437671,-64.87812843767097,64.87812843767097
2015-10-11,956,933.3989290138488,22.60107098615117,22.60107098615117
2015-10-11,335,321.97022450310396,13.029775496896036,13.029775496896036
2015-10-11,1716,2450.711914612871,-734.7119146128712,734.7119146128712
2015-10-11,524,585.8952684815486,-61.895268481548555,61.895268481548555
2015-10-11,2003,1952.2275544106867,50.77244558931329,50.77244558931329
2015-10-12,608,512.2681827897115,95.73181721028845,95.73181721028845
2015-10-12,2354,1928.5197454543522,425.48025454564777,425.48025454564777
2015-10-12,265,206.08924740751564,58.91075259248436,58.91075259248436
2015-10-12,897,967.2859220479339,-70.28592204793392,70.28592204793392
2015-10-12,994,993.77157310822,0.22842689178003184,0.22842689178003184
2015-10-12,418,380.4529666857323,37.54703331426771,37.54703331426771
2015-10-12,589,582.2887911806533,6.711208819346666,6.711208819346666
2015-10-12,4224,3587.2210677589446,636.7789322410554,636.7789322410554
2015-10-12,2793,2749.4882452346374,43.51175476536264,43.51175476536264
2015-10-12,346,329.69063073509403,16.309369264905968,16.309369264905968
2015-10-12,564,456.67039643147064,107.32960356852936,107.32960356852936
2015-10-12,355,361.22284719064794,-6.22284719064794,6.22284719064794
2015-10-12,861,824.3587337369247,36.641266263075295,36.641266263075295
2015-10-12,239,248.4022631582499,-9.402263158249895,9.402263158249895
2015-10-12,526,504.46263275587944,21.53736724412056,21.53736724412056
2015-10-12,2385,2298.922237782888,86.0777622171122,86.0777622171122
2015-10-12,329,305.84891283128496,23.151087168715037,23.151087168715037
2015-10-12,2330,2609.935857762523,-279.935857762523,279.935857762523
2015-10-12,1133,1014.6348125388153,118.36518746118475,118.36518746118475
2015-10-12,318,386.37240056450884,-68.37240056450884,68.37240056450884
2015-10-12,843,877.8458180712778,-34.84581807127779,34.84581807127779
2015-10-12,3183,2877.906828305519,305.09317169448104,305.09317169448104
2015-10-12,887,865.3323102333728,21.667689766627177,21.667689766627177
2015-10-12,634,669.9470869288123,-35.94708692881227,35.94708692881227
2015-10-12,2021,1711.7982266505169,309.2017733494831,309.2017733494831
2015-10-12,4650,3702.3895777151483,947.6104222848517,947.6104222848517
2015-10-12,2842,2580.4790948215586,261.52090517844135,261.52090517844135
2015-10-12,312,255.37943938751,56.62056061249001,56.62056061249001
2015-10-12,2640,2588.7690181942125,51.23098180578745,51.23098180578745
2015-10-12,1700,1732.6399559923009,-32.639955992300884,32.639955992300884
2015-10-13,591,557.6137214663675,33.38627853363255,33.38627853363255
2015-10-13,2147,2345.9115795227563,-198.91157952275626,198.91157952275626
2015-10-13,769,786.400178881435,-17.400178881434954,17.400178881434954
2015-10-13,696,572.1439681071541,123.85603189284586,123.85603189284586
2015-10-13,824,856.0538855837312,-32.053885583731244,32.053885583731244
2015-10-13,482,450.55547886186787,31.44452113813213,31.44452113813213
2015-10-13,484,541.4334414850687,-57.43344148506867,57.43344148506867
2015-10-13,2090,2262.7071833107198,-172.70718331071976,172.70718331071976
2015-10-13,1983,1893.228847078713,89.77115292128701,89.77115292128701
2015-10-13,406,447.0560470817239,-41.056047081723875,41.056047081723875
2015-10-13,1492,1680.9127625354363,-188.9127625354363,188.9127625354363
2015-10-13,287,341.8091171922385,-54.80911719223849,54.80911719223849
2015-10-13,244,217.65911300945479,26.340886990545215,26.340886990545215
2015-10-13,2603,2730.322816892066,-127.32281689206593,127.32281689206593
2015-10-13,3851,3648.626623841558,202.37337615844217,202.37337615844217
2015-10-13,779,808.2825627531273,-29.28256275312731,29.28256275312731
2015-10-13,395,361.67679839032695,33.32320160967305,33.32320160967305
2015-10-13,311,342.5878152792903,-31.587815279290282,31.587815279290282
2015-10-13,280,257.2476856178438,22.752314382156214,22.752314382156214
2015-10-13,2225,2482.4381857198377,-257.43818571983775,257.43818571983775
2015-10-13,775,792.9423065875759,-17.9423065875759,17.9423065875759
2015-10-13,2436,2391.7087536498148,44.29124635018525,44.29124635018525
2015-10-13,851,788.6732671070179,62.326732892982136,62.326732892982136
2015-10-13,2977,3323.595564844026,-346.59556484402583,346.59556484402583
2015-10-13,892,900.2035174264782,-8.203517426478243,8.203517426478243
2015-10-13,374,324.1544853981855,49.8455146018145,49.8455146018145
2015-10-13,322,311.5298218746571,10.470178125342898,10.470178125342898
2015-10-13,1467,1557.670727495533,-90.6707274955329,90.6707274955329
2015-10-13,211,211.07639811686923,-0.07639811686922826,0.07639811686922826
2015-10-13,2437,2399.2817995911414,37.71820040885859,37.71820040885859
2015-10-14,701,783.3272245088751,-82.32722450887513,82.32722450887513
2015-10-14,1637,1870.2009102382788,-233.20091023827877,233.20091023827877
2015-10-14,1460,1444.5158608246454,15.484139175354585,15.484139175354585
2015-10-14,788,893.909997090232,-105.90999709023197,105.90999709023197
2015-10-14,362,318.5819343826755,43.41806561732449,43.41806561732449
2015-10-14,379,332.3020751262418,46.69792487375821,46.69792487375821
2015-10-14,577,807.9145208814273,-230.91452088142728,230.91452088142728
2015-10-14,426,332.8286102472591,93.17138975274088,93.17138975274088
2015-10-14,861,824.5926011334348,36.407398866565245,36.407398866565245
2015-10-14,449,433.68648401549814,15.313515984501862,15.313515984501862
2015-10-14,1541,2347.213704575715,-806.2137045757149,806.2137045757149
2015-10-14,403,371.55330050560633,31.44669949439367,31.44669949439367
2015-10-14,1572,1462.455502236927,109.54449776307297,109.54449776307297
2015-10-14,251,238.09719868280774,12.902801317192257,12.902801317192257
2015-10-14,3513,3387.5515759819377,125.44842401806227,125.44842401806227
2015-10-14,2330,2479.5667143160526,-149.56671431605264,149.56671431605264
2015-10-14,523,575.9631850567326,-52.96318505673264,52.96318505673264
2015-10-14,3650,3422.8433597668927,227.15664023310728,227.15664023310728
2015-10-14,573,569.0163897030837,3.983610296916254,3.983610296916254
2015-10-14,1984,2281.264292143287,-297.2642921432871,297.2642921432871
2015-10-14,727,715.9714083545086,11.02859164549136,11.02859164549136
2015-10-14,474,440.393034563306,33.606965436694,33.606965436694
2015-10-14,633,611.1086052905965,21.89139470940347,21.89139470940347
2015-10-14,2218,2095.259235124262,122.74076487573802,122.74076487573802
2015-10-14,2693,2509.79028168867,183.2097183113301,183.2097183113301
2015-10-14,719,729.7570241949395,-10.757024194939504,10.757024194939504
2015-10-14,212,234.45621733093896,-22.456217330938955,22.456217330938955
2015-10-14,274,350.43424903205994,-76.43424903205994,76.43424903205994
2015-10-14,210,231.9627142626894,-21.96271426268939,21.96271426268939
2015-10-14,2108,2377.926297525132,-269.9262975251322,269.9262975251322
2015-10-15,3797,3527.61015106871,269.3898489312901,269.3898489312901
2015-10-15,3473,3446.463685377547,26.53631462245312,26.53631462245312
2015-10-15,280,235.65057658614822,44.34942341385178,44.34942341385178
2015-10-15,1461,1511.9079073833518,-50.90790738335181,50.90790738335181
2015-10-15,1858,1802.0465846490079,55.953415350992145,55.953415350992145
2015-10-15,1507,1459.264143217473,47.73585678252698,47.73585678252698
2015-10-15,834,998.7466523778519,-164.7466523778519,164.7466523778519
2015-10-15,1012,873.987620946007,138.01237905399296,138.01237905399296
2015-10-15,775,808.647879109039,-33.64787910903897,33.64787910903897
2015-10-15,386,357.5297967418165,28.470203258183517,28.470203258183517
2015-10-15,2608,2018.0220949293748,589.9779050706252,589.9779050706252
2015-10-15,222,246.51168167120315,-24.51168167120315,24.51168167120315
2015-10-15,353,381.95116937737555,-28.95116937737555,28.95116937737555
2015-10-15,695,707.1034159353021,-12.10341593530211,12.10341593530211
2015-10-15,458,336.09046790624456,121.90953209375544,121.90953209375544
2015-10-15,383,354.5426492876442,28.457350712355776,28.457350712355776
2015-10-15,2699,2626.350326917501,72.6496730824988,72.6496730824988
2015-10-15,2214,2411.9901419293697,-197.99014192936966,197.99014192936966
2015-10-15,470,556.0519464001493,-86.05194640014929,86.05194640014929
2015-10-15,2361,2443.685831487792,-82.6858314877918,82.6858314877918
2015-10-15,432,453.23760701059854,-21.237607010598538,21.237607010598538
2015-10-15,253,235.62850101525328,17.371498984746722,17.371498984746722
2015-10-15,475,525.3898317524036,-50.38983175240355,50.38983175240355
2015-10-15,595,616.4274859532735,-21.427485953273504,21.427485953273504
2015-10-15,741,793.3703055055475,-52.37030550554755,52.37030550554755
2015-10-15,2114,2367.239692599288,-253.239692599288,253.239692599288
2015-10-15,629,659.3005470676095,-30.3005470676095,30.3005470676095
2015-10-15,2119,2382.2068240225585,-263.2068240225585,263.2068240225585
2015-10-15,349,386.27752279337255,-37.277522793372555,37.277522793372555
2015-10-15,800,829.2016494798653,-29.201649479865296,29.201649479865296
2015-10-16,3287,3185.0179733371738,101.98202666282623,101.98202666282623
2015-10-16,704,752.7872876288682,-48.78728762886817,48.78728762886817
2015-10-16,947,1026.5689068365857,-79.56890683658571,79.56890683658571
2015-10-16,1021,955.9086331409258,65.09136685907424,65.09136685907424
2015-10-16,446,470.7864520675513,-24.786452067551295,24.786452067551295
2015-10-16,402,482.6037509220416,-80.60375092204163,80.60375092204163
2015-10-16,1760,1947.2793302435073,-187.27933024350727,187.27933024350727
2015-10-16,609,576.472438636206,32.52756136379401,32.52756136379401
2015-10-16,940,962.5334465999666,-22.533446599966624,22.533446599966624
2015-10-16,567,619.51980834594,-52.519808345939964,52.519808345939964
2015-10-16,871,863.5338823807966,7.466117619203374,7.466117619203374
2015-10-16,1424,1590.0763818670962,-166.0763818670962,166.0763818670962
2015-10-16,2220,2321.3487254526954,-101.34872545269536,101.34872545269536
2015-10-16,1018,1123.5579243514562,-105.55792435145622,105.55792435145622
2015-10-16,2615,2919.267328487812,-304.26732848781194,304.26732848781194
2015-10-16,385,285.71951183961784,99.28048816038216,99.28048816038216
2015-10-16,2451,2342.0613907892853,108.93860921071473,108.93860921071473
2015-10-16,316,259.61023379152215,56.38976620847785,56.38976620847785
2015-10-16,343,354.1055641021261,-11.105564102126095,11.105564102126095
2015-10-16,740,815.4074997077827,-75.40749970778268,75.40749970778268
2015-10-16,1039,997.2868188649556,41.71318113504435,41.71318113504435
2015-10-16,2540,2492.13535682195,47.864643178049846,47.864643178049846
2015-10-16,3703,3859.7831718833263,-156.7831718833263,156.7831718833263
2015-10-16,418,442.55275306688003,-24.55275306688003,24.55275306688003
2015-10-16,1457,1662.4811072081725,-205.4811072081725,205.4811072081725
2015-10-16,2732,2485.2832057555506,246.71679424444937,246.71679424444937
2015-10-16,473,416.29644353144977,56.70355646855023,56.70355646855023
2015-10-16,358,382.90348914789297,-24.90348914789297,24.90348914789297
2015-10-16,2368,2375.3047141143984,-7.304714114398394,7.304714114398394
2015-10-16,268,289.56099709922677,-21.560997099226768,21.560997099226768
2015-10-17,1164,1139.3052930532806,24.694706946719407,24.694706946719407
2015-10-17,843,697.8720763185613,145.1279236814387,145.1279236814387
2015-10-17,2819,2994.565500187899,-175.56550018789903,175.56550018789903
2015-10-17,986,995.1229887583019,-9.122988758301858,9.122988758301858
2015-10-17,315,488.5464635815625,-173.54646358156248,173.54646358156248
2015-10-17,2075,2106.6511914508624,-31.65119145086237,31.65119145086237
2015-10-17,555,465.5751351315545,89.42486486844552,89.42486486844552
2015-10-17,993,1185.988936644886,-192.98893664488605,192.98893664488605
2015-10-17,4528,4532.570834948614,-4.570834948613992,4.570834948613992
2015-10-17,1946,1717.1369950750438,228.86300492495616,228.86300492495616
2015-10-17,3579,3484.6044707771835,94.39552922281655,94.39552922281655
2015-10-17,715,564.9506100666752,150.04938993332485,150.04938993332485
2015-10-17,3107,2977.6447897626404,129.35521023735964,129.35521023735964
2015-10-17,681,643.1065182125494,37.89348178745058,37.89348178745058
2015-10-17,2089,2279.0663212998156,-190.06632129981563,190.06632129981563
2015-10-17,656,605.6738132083075,50.32618679169252,50.32618679169252
2015-10-17,970,965.2108122903912,4.789187709608768,4.789187709608768
2015-10-17,503,472.498657607419,30.501342392581023,30.501342392581023
2015-10-17,2842,2757.132490795496,84.86750920450413,84.86750920450413
2015-10-17,1576,1502.8359082704542,73.16409172954582,73.16409172954582
2015-10-17,1259,1236.978867043815,22.021132956185056,22.021132956185056
2015-10-17,371,312.92551610863745,58.07448389136255,58.07448389136255
2015-10-17,3642,3508.586291699348,133.41370830065216,133.41370830065216
2015-10-17,289,256.18671248455837,32.81328751544163,32.81328751544163
2015-10-17,1211,1182.875803997528,28.12419600247199,28.12419600247199
2015-10-17,605,555.9179751398485,49.08202486015148,49.08202486015148
2015-10-17,2766,2640.7561074369128,125.24389256308723,125.24389256308723
2015-10-17,1169,1187.1017615378983,-18.101761537898255,18.101761537898255
2015-10-17,3274,3351.8800337881908,-77.88003378819076,77.88003378819076
2015-10-17,285,331.7291873718728,-46.7291873718728,46.7291873718728
2015-10-18,1170,1171.3426107285059,-1.3426107285058606,1.3426107285058606
2015-10-18,1133,1172.0376548427803,-39.037654842780285,39.037654842780285
2015-10-18,3117,2979.07173759087,137.92826240913018,137.92826240913018
2015-10-18,226,298.67355945607153,-72.67355945607153,72.67355945607153
2015-10-18,2328,1994.2452415361895,333.7547584638105,333.7547584638105
2015-10-18,3683,3645.0065654464797,37.993434553520274,37.993434553520274
2015-10-18,2000,2043.316444971001,-43.31644497100092,43.31644497100092
2015-10-18,1606,1511.2823395513003,94.71766044869969,94.71766044869969
2015-10-18,503,441.12057577301124,61.87942422698876,61.87942422698876
2015-10-18,797,869.4617380518342,-72.46173805183423,72.46173805183423
2015-10-18,2928,2840.5474096290372,87.45259037096275,87.45259037096275
2015-10-18,330,323.0882854956362,6.911714504363772,6.911714504363772
2015-10-18,3128,3238.005699794408,-110.00569979440797,110.00569979440797
2015-10-18,280,230.70213496746155,49.29786503253845,49.29786503253845
2015-10-18,843,727.8441169120032,115.15588308799681,115.15588308799681
2015-10-18,452,476.0372085601421,-24.03720856014212,24.03720856014212
2015-10-18,503,457.00436087072126,45.99563912927874,45.99563912927874
2015-10-18,395,374.38265676396963,20.617343236030365,20.617343236030365
2015-10-18,1178,1131.6610479584479,46.33895204155215,46.33895204155215
2015-10-18,4084,3940.3625220967315,143.63747790326852,143.63747790326852
2015-10-18,3073,3089.4064779673995,-16.406477967399496,16.406477967399496
2015-10-18,924,953.4978311780801,-29.497831178080105,29.497831178080105
2015-10-18,4866,4836.995987847015,29.004012152984615,29.004012152984615
2015-10-18,546,582.5771665910654,-36.57716659106541,36.57716659106541
2015-10-18,1001,1034.5399296097542,-33.539929609754154,33.539929609754154
2015-10-18,630,613.6571409524951,16.34285904750493,16.34285904750493
2015-10-18,606,538.124721612771,67.87527838722895,67.87527838722895
2015-10-18,2432,2380.44918213151,51.55081786848996,51.55081786848996
2015-10-18,1500,1255.7335768023813,244.26642319761868,244.26642319761868
2015-10-18,2702,2819.767228443545,-117.76722844354481,117.76722844354481
2015-10-19,966,1108.4323234277417,-142.43232342774172,142.43232342774172
2015-10-19,379,334.9953411159584,44.00465888404159,44.00465888404159
2015-10-19,405,336.04283470583755,68.95716529416245,68.95716529416245
2015-10-19,831,1056.2382285399815,-225.2382285399815,225.2382285399815
2015-10-19,2477,2282.8863375590836,194.1136624409164,194.1136624409164
2015-10-19,818,921.5561988684319,-103.55619886843192,103.55619886843192
2015-10-19,2358,2664.480537889649,-306.480537889649,306.480537889649
2015-10-19,561,651.8861478664244,-90.88614786642438,90.88614786642438
2015-10-19,232,219.31059212158712,12.68940787841288,12.68940787841288
2015-10-19,304,259.2745634393743,44.725436560625724,44.725436560625724
2015-10-19,885,865.2495182386067,19.750481761393303,19.750481761393303
2015-10-19,2575,2817.193973885806,-242.19397388580592,242.19397388580592
2015-10-19,2172,2352.632138599182,-180.63213859918187,180.63213859918187
2015-10-19,233,235.22013649148198,-2.2201364914819806,2.2201364914819806
2015-10-19,2059,2215.62364289588,-156.62364289588004,156.62364289588004
2015-10-19,3738,4026.951552005236,-288.95155200523595,288.95155200523595
2015-10-19,388,354.9609663551799,33.03903364482011,33.03903364482011
2015-10-19,1689,1716.2311110363387,-27.23111103633869,27.23111103633869
2015-10-19,719,871.5667552604657,-152.5667552604657,152.5667552604657
2015-10-19,2098,1968.6606220880062,129.33937791199378,129.33937791199378
2015-10-19,289,394.7431874818051,-105.74318748180508,105.74318748180508
2015-10-19,312,347.8106468717023,-35.81064687170232,35.81064687170232
2015-10-19,2349,2167.596093191441,181.403906808559,181.403906808559
2015-10-19,1663,1634.2714128636148,28.72858713638516,28.72858713638516
2015-10-19,553,483.4107965295426,69.58920347045739,69.58920347045739
2015-10-19,529,496.64188880821877,32.358111191781234,32.358111191781234
2015-10-19,856,829.9063664014107,26.09363359858935,26.09363359858935
2015-10-19,595,558.7196598300475,36.280340169952524,36.280340169952524
2015-10-19,542,592.4394299049892,-50.4394299049892,50.4394299049892
2015-10-19,1727,1840.5296602996734,-113.52966029967342,113.52966029967342
2015-10-20,796,733.557755172234,62.44224482776599,62.44224482776599
2015-10-20,225,260.96172931477463,-35.96172931477463,35.96172931477463
2015-10-20,217,199.36165298141646,17.638347018583545,17.638347018583545
2015-10-20,2180,2121.12844787151,58.87155212848984,58.87155212848984
2015-10-20,1614,1476.5235425277788,137.47645747222123,137.47645747222123
2015-10-20,508,454.97523367300414,53.02476632699586,53.02476632699586
2015-10-20,2108,2025.713020156052,82.28697984394807,82.28697984394807
2015-10-20,2126,2180.6403658357185,-54.64036583571851,54.64036583571851
2015-10-20,387,329.679550190177,57.320449809823,57.320449809823
2015-10-20,3462,3450.0441412636437,11.955858736356276,11.955858736356276
2015-10-20,782,760.1444642893819,21.855535710618142,21.855535710618142
2015-10-20,306,348.2436704693156,-42.24367046931559,42.24367046931559
2015-10-20,721,799.7604603646142,-78.76046036461423,78.76046036461423
2015-10-20,492,472.4944033675409,19.505596632459117,19.505596632459117
2015-10-20,570,530.2947183229953,39.70528167700468,39.70528167700468
2015-10-20,658,570.9725870331771,87.02741296682291,87.02741296682291
2015-10-20,1491,1626.1815582768297,-135.18155827682972,135.18155827682972
2015-10-20,241,219.07306082491334,21.92693917508666,21.92693917508666
2015-10-20,678,750.7390893011748,-72.73908930117477,72.73908930117477
2015-10-20,1482,1514.0135493018165,-32.01354930181651,32.01354930181651
2015-10-20,2334,2387.240916098145,-53.240916098145135,53.240916098145135
2015-10-20,822,795.6606137952677,26.33938620473225,26.33938620473225
2015-10-20,338,331.71935851360206,6.28064148639794,6.28064148639794
2015-10-20,2323,2305.8974068360076,17.102593163992424,17.102593163992424
2015-10-20,389,317.1931050934869,71.8068949065131,71.8068949065131
2015-10-20,2075,1963.5589703312082,111.44102966879177,111.44102966879177
2015-10-20,353,361.8762329855165,-8.87623298551648,8.87623298551648
2015-10-20,577,567.3793067160015,9.620693283998548,9.620693283998548
2015-10-20,1958,1847.668706546455,110.33129345354496,110.33129345354496
2015-10-20,891,888.3059546169271,2.6940453830728757,2.6940453830728757
2015-10-21,462,455.68914877735864,6.310851222641361,6.310851222641361
2015-10-21,785,718.9619824051501,66.03801759484986,66.03801759484986
2015-10-21,219,230.70761779681214,-11.707617796812144,11.707617796812144
2015-10-21,559,606.669909924149,-47.66990992414901,47.66990992414901
2015-10-21,324,348.95555455958953,-24.95555455958953,24.95555455958953
2015-10-21,732,788.0485478579798,-56.04854785797977,56.04854785797977
2015-10-21,1352,1491.6160372053587,-139.61603720535868,139.61603720535868
2015-10-21,1368,1459.6702306195116,-91.67023061951159,91.67023061951159
2015-10-21,2111,1900.3272654280352,210.67273457196484,210.67273457196484
2015-10-21,827,750.5167476292825,76.48325237071754,76.48325237071754
2015-10-21,431,360.86802360372195,70.13197639627805,70.13197639627805
2015-10-21,1566,1550.339774971426,15.660225028573905,15.660225028573905
2015-10-21,307,359.6868362705101,-52.68683627051013,52.68683627051013
2015-10-21,1985,1877.5242499131589,107.47575008684112,107.47575008684112
2015-10-21,450,344.5092013737121,105.49079862628793,105.49079862628793
2015-10-21,2271,2220.166952997795,50.83304700220515,50.83304700220515
2015-10-21,1998,1929.9609934313887,68.03900656861128,68.03900656861128
2015-10-21,2260,2317.796308218514,-57.796308218513786,57.796308218513786
2015-10-21,746,781.134077767604,-35.134077767604026,35.134077767604026
2015-10-21,550,537.0752937529411,12.924706247058907,12.924706247058907
2015-10-21,620,542.3301393887965,77.66986061120349,77.66986061120349
2015-10-21,233,230.39918030700355,2.6008196929964527,2.6008196929964527
2015-10-21,402,325.6148347202313,76.38516527976873,76.38516527976873
2015-10-21,619,486.13461771074856,132.86538228925144,132.86538228925144
2015-10-21,774,720.9643473489813,53.03565265101872,53.03565265101872
2015-10-21,3268,3376.47841438445,-108.47841438444993,108.47841438444993
2015-10-21,2097,2115.744015688903,-18.74401568890289,18.74401568890289
2015-10-21,827,837.130949327953,-10.130949327952976,10.130949327952976
2015-10-21,2019,2026.5099666122644,-7.509966612264407,7.509966612264407
2015-10-21,249,230.8421161042236,18.157883895776394,18.157883895776394
2015-10-22,517,581.6710842584027,-64.67108425840274,64.67108425840274
2015-10-22,838,797.2129049650953,40.78709503490472,40.78709503490472
2015-10-22,413,443.0477950893122,-30.047795089312217,30.047795089312217
2015-10-22,1637,1575.2328569175095,61.76714308249052,61.76714308249052
2015-10-22,290,360.35710703713096,-70.35710703713096,70.35710703713096
2015-10-22,623,518.052825094075,104.94717490592495,104.94717490592495
2015-10-22,766,777.8292191713443,-11.829219171344334,11.829219171344334
2015-10-22,364,389.000446865032,-25.000446865032018,25.000446865032018
2015-10-22,324,221.15926143093654,102.84073856906346,102.84073856906346
2015-10-22,415,365.58888941017284,49.41111058982716,49.41111058982716
2015-10-22,248,238.87901088276985,9.120989117230152,9.120989117230152
2015-10-22,2020,2194.7623649401676,-174.76236494016757,174.76236494016757
2015-10-22,442,468.80423901053797,-26.80423901053797,26.80423901053797
2015-10-22,2149,2071.185024689845,77.8149753101552,77.8149753101552
2015-10-22,3480,3164.2795817168176,315.7204182831824,315.7204182831824
2015-10-22,643,578.0215071123673,64.97849288763268,64.97849288763268
2015-10-22,1383,1439.0048759076303,-56.00487590763032,56.00487590763032
2015-10-22,776,721.7470454380039,54.25295456199615,54.25295456199615
2015-10-22,1377,1385.7550553452534,-8.755055345253368,8.755055345253368
2015-10-22,799,868.7567558453163,-69.75675584531632,69.75675584531632
2015-10-22,1805,1957.7862963125704,-152.78629631257036,152.78629631257036
2015-10-22,2094,2141.872078835658,-47.87207883565816,47.87207883565816
2015-10-22,360,359.025765537721,0.9742344622790142,0.9742344622790142
2015-10-22,314,229.72602622303492,84.27397377696508,84.27397377696508
2015-10-22,2649,2258.728356702824,390.27164329717607,390.27164329717607
2015-10-22,2084,1955.844566788261,128.1554332117389,128.1554332117389
2015-10-22,773,810.6819474064349,-37.681947406434915,37.681947406434915
2015-10-22,332,337.3511737246233,-5.351173724623322,5.351173724623322
2015-10-22,749,773.0317069037022,-24.03170690370223,24.03170690370223
2015-10-22,2106,1983.3651124394305,122.6348875605695,122.6348875605695
2015-10-23,1517,1610.3360850973966,-93.33608509739656,93.33608509739656
2015-10-23,1101,960.7104713713202,140.28952862867982,140.28952862867982
2015-10-23,2622,2624.4031276446713,-2.403127644671258,2.403127644671258
2015-10-23,460,467.1100474092411,-7.110047409241076,7.110047409241076
2015-10-23,324,281.0680286982426,42.931971301757414,42.931971301757414
2015-10-23,2704,2323.6767015190103,380.3232984809897,380.3232984809897
2015-10-23,2277,2820.989272007475,-543.9892720074749,543.9892720074749
2015-10-23,2421,2172.584518260474,248.41548173952606,248.41548173952606
2015-10-23,612,742.544343902171,-130.54434390217102,130.54434390217102
2015-10-23,2690,2309.504652164162,380.49534783583795,380.49534783583795
2015-10-23,885,931.702898733735,-46.70289873373497,46.70289873373497
2015-10-23,448,461.4429191017038,-13.442919101703808,13.442919101703808
2015-10-23,849,869.7266322472061,-20.726632247206112,20.726632247206112
2015-10-23,473,426.038893219089,46.961106780910995,46.961106780910995
2015-10-23,236,294.668091609661,-58.66809160966102,58.66809160966102
2015-10-23,417,329.44801644809394,87.55198355190606,87.55198355190606
2015-10-23,954,930.4821773693888,23.51782263061125,23.51782263061125
2015-10-23,1045,1084.161167174903,-39.161167174903085,39.161167174903085
2015-10-23,291,288.63799067106424,2.3620093289357555,2.3620093289357555
2015-10-23,1889,1711.6663161765664,177.3336838234336,177.3336838234336
2015-10-23,3403,3608.910715427204,-205.9107154272042,205.9107154272042
2015-10-23,1475,1540.120083049626,-65.12008304962592,65.12008304962592
2015-10-23,569,546.4443986272789,22.55560137272107,22.55560137272107
2015-10-23,997,1010.1914099651791,-13.191409965179105,13.191409965179105
2015-10-23,600,615.6103192286799,-15.610319228679941,15.610319228679941
2015-10-23,485,369.2161671630626,115.78383283693739,115.78383283693739
2015-10-23,458,422.5706687725732,35.429331227426815,35.429331227426815
2015-10-23,2307,2179.965222209633,127.03477779036712,127.03477779036712
2015-10-23,786,690.9987537311421,95.00124626885793,95.00124626885793
2015-10-23,2726,2482.794683975736,243.205316024264,243.205316024264
2015-10-24,1211,1148.2173751112236,62.782624888776354,62.782624888776354
2015-10-24,914,1170.228317702592,-256.228317702592,256.228317702592
2015-10-24,2687,2696.976388565944,-9.976388565944035,9.976388565944035
2015-10-24,940,1076.4139327154642,-136.41393271546417,136.41393271546417
2015-10-24,382,242.19815116430522,139.80184883569478,139.80184883569478
2015-10-24,517,506.88223247214376,10.117767527856245,10.117767527856245
2015-10-24,445,454.31018261341603,-9.310182613416032,9.310182613416032
2015-10-24,2816,2846.146614318962,-30.146614318961838,30.146614318961838
2015-10-24,698,729.0227580541095,-31.022758054109545,31.022758054109545
2015-10-24,632,627.2314575173,4.768542482700013,4.768542482700013
2015-10-24,1786,1923.0610613437495,-137.06106134374954,137.06106134374954
2015-10-24,1776,1824.2174729015064,-48.217472901506426,48.217472901506426
2015-10-24,4075,4363.185511651142,-288.1855116511424,288.1855116511424
2015-10-24,424,454.9902204163332,-30.990220416333216,30.990220416333216
2015-10-24,3439,3488.1806868712856,-49.180686871285616,49.180686871285616
2015-10-24,546,588.1494226462489,-42.14942264624892,42.14942264624892
2015-10-24,1280,1175.1143454685086,104.88565453149135,104.88565453149135
2015-10-24,2502,2784.608654919057,-282.6086549190568,282.6086549190568
2015-10-24,2922,2706.6662730110534,215.33372698894664,215.33372698894664
2015-10-24,317,315.2136686725984,1.7863313274016264,1.7863313274016264
2015-10-24,3173,2906.7760913224765,266.22390867752347,266.22390867752347
2015-10-24,3268,3498.8977296855255,-230.89772968552552,230.89772968552552
2015-10-24,1086,971.0093441322913,114.99065586770871,114.99065586770871
2015-10-24,1488,1524.5232151577586,-36.523215157758614,36.523215157758614
2015-10-24,956,925.5789925446476,30.421007455352424,30.421007455352424
2015-10-24,1144,1204.9281686100148,-60.928168610014836,60.928168610014836
2015-10-24,616,605.6595571850222,10.340442814977791,10.340442814977791
2015-10-24,315,326.56263362689594,-11.562633626895945,11.562633626895945
2015-10-24,631,588.6403242182116,42.35967578178838,42.35967578178838
2015-10-24,2020,2126.695553174796,-106.6955531747958,106.6955531747958
2015-10-25,726,510.8431550294956,215.15684497050438,215.15684497050438
2015-10-25,3518,3479.8046562096547,38.195343790345305,38.195343790345305
2015-10-25,384,276.7117030756199,107.28829692438012,107.28829692438012
2015-10-25,2462,2842.250489321602,-380.2504893216019,380.2504893216019
2015-10-25,873,825.3589951666529,47.6410048333471,47.6410048333471
2015-10-25,3072,2705.90640177196,366.0935982280398,366.0935982280398
2015-10-25,3952,3576.382368358475,375.6176316415249,375.6176316415249
2015-10-25,360,439.5472721677721,-79.54727216777212,79.54727216777212
2015-10-25,910,1090.2611539453203,-180.2611539453203,180.2611539453203
2015-10-25,442,467.9868978309793,-25.986897830979274,25.986897830979274
2015-10-25,2647,2699.0117704487857,-52.01177044878568,52.01177044878568
2015-10-25,2913,2834.428184093048,78.571815906952,78.571815906952
2015-10-25,927,931.2953025503554,-4.295302550355359,4.295302550355359
2015-10-25,977,1036.5139820206778,-59.51398202067776,59.51398202067776
2015-10-25,1027,1043.4267793987692,-16.426779398769213,16.426779398769213
2015-10-25,2161,1996.664159048079,164.335840951921,164.335840951921
2015-10-25,306,315.54800914728844,-9.54800914728844,9.54800914728844
2015-10-25,1337,1298.5115595134462,38.48844048655383,38.48844048655383
2015-10-25,575,562.5566586436317,12.44334135636825,12.44334135636825
2015-10-25,369,381.84743454063545,-12.847434540635447,12.847434540635447
2015-10-25,2333,2523.961439728294,-190.96143972829395,190.96143972829395
2015-10-25,724,574.2121880853783,149.78781191462167,149.78781191462167
2015-10-25,296,261.1186648353748,34.88133516462523,34.88133516462523
2015-10-25,4927,4448.566844067411,478.4331559325892,478.4331559325892
2015-10-25,542,475.5471486647351,66.45285133526488,66.45285133526488
2015-10-25,809,689.1115441712313,119.88845582876866,119.88845582876866
2015-10-25,2062,2254.9908072858193,-192.9908072858193,192.9908072858193
2015-10-25,2012,1833.8769936060676,178.12300639393243,178.12300639393243
2015-10-25,1522,1512.709357771498,9.290642228502065,9.290642228502065
2015-10-25,1014,1078.7846763276677,-64.78467632766774,64.78467632766774
2015-10-26,462,335.93594664766977,126.06405335233023,126.06405335233023
2015-10-26,2518,2486.2463385681313,31.75366143186875,31.75366143186875
2015-10-26,1645,1657.7913135215224,-12.791313521522397,12.791313521522397
2015-10-26,1992,2008.4286573139018,-16.428657313901795,16.428657313901795
2015-10-26,2098,1942.037146846111,155.962853153889,155.962853153889
2015-10-26,2442,2208.712919416449,233.28708058355096,233.28708058355096
2015-10-26,334,362.8566262090374,-28.856626209037415,28.856626209037415
2015-10-26,930,995.8095097178727,-65.80950971787274,65.80950971787274
2015-10-26,505,527.497329676554,-22.497329676554045,22.497329676554045
2015-10-26,316,419.59901242884905,-103.59901242884905,103.59901242884905
2015-10-26,1049,829.5162980393941,219.4837019606059,219.4837019606059
2015-10-26,2328,2125.349080583615,202.65091941638502,202.65091941638502
2015-10-26,1377,1585.5659713252523,-208.56597132525235,208.56597132525235
2015-10-26,298,247.39620507953381,50.603794920466186,50.603794920466186
2015-10-26,928,942.2951459561848,-14.295145956184797,14.295145956184797
2015-10-26,811,739.7383999264687,71.26160007353133,71.26160007353133
2015-10-26,315,236.90645423914256,78.09354576085744,78.09354576085744
2015-10-26,346,360.10659709177605,-14.106597091776052,14.106597091776052
2015-10-26,2169,2343.607550657709,-174.607550657709,174.607550657709
2015-10-26,554,569.7713292295381,-15.771329229538082,15.771329229538082
2015-10-26,936,825.0220264103891,110.97797358961088,110.97797358961088
2015-10-26,3715,3685.48057593563,29.519424064370014,29.519424064370014
2015-10-26,1553,1585.8976635924025,-32.89766359240252,32.89766359240252
2015-10-26,420,356.9731165438703,63.026883456129724,63.026883456129724
2015-10-26,938,814.3461464821231,123.65385351787688,123.65385351787688
2015-10-26,469,519.5767547211362,-50.57675472113624,50.57675472113624
2015-10-26,2251,2038.5073347620691,212.49266523793085,212.49266523793085
2015-10-26,620,612.0212363127725,7.978763687227456,7.978763687227456
2015-10-26,486,576.949513738524,-90.94951373852405,90.94951373852405
2015-10-26,287,266.09680310779726,20.903196892202743,20.903196892202743
2015-10-27,594,594.2441824550649,-0.24418245506490166,0.24418245506490166
2015-10-27,1869,1934.2098288480922,-65.20982884809223,65.20982884809223
2015-10-27,772,852.5809772785392,-80.5809772785392,80.5809772785392
2015-10-27,381,332.98193283769587,48.018067162304135,48.018067162304135
2015-10-27,712,762.9118826144211,-50.911882614421074,50.911882614421074
2015-10-27,1467,1439.5907182943693,27.409281705630747,27.409281705630747
2015-10-27,2061,2074.1145040074134,-13.114504007413416,13.114504007413416
2015-10-27,1931,1954.865214039767,-23.865214039766897,23.865214039766897
2015-10-27,771,825.8915453614867,-54.89154536148669,54.89154536148669
2015-10-27,1982,1977.3606952661796,4.639304733820381,4.639304733820381
2015-10-27,545,541.1784337877816,3.8215662122183858,3.8215662122183858
2015-10-27,302,241.88738102347793,60.11261897652207,60.11261897652207
2015-10-27,486,340.0474975102297,145.95250248977032,145.95250248977032
2015-10-27,3270,3283.6531726470694,-13.653172647069368,13.653172647069368
2015-10-27,738,505.8023747952684,232.1976252047316,232.1976252047316
2015-10-27,824,742.2569238471011,81.74307615289888,81.74307615289888
2015-10-27,1527,1352.3047734369786,174.69522656302138,174.69522656302138
2015-10-27,317,316.3116754041236,0.688324595876395,0.688324595876395
2015-10-27,502,438.66090963791595,63.33909036208405,63.33909036208405
2015-10-27,379,338.4033992329698,40.596600767030225,40.596600767030225
2015-10-27,482,352.5227390206573,129.4772609793427,129.4772609793427
2015-10-27,1889,1768.7108470693204,120.28915293067962,120.28915293067962
2015-10-27,229,235.3495124898486,-6.349512489848593,6.349512489848593
2015-10-27,2320,2177.977896915468,142.02210308453186,142.02210308453186
2015-10-27,401,406.85909854728794,-5.859098547287942,5.859098547287942
2015-10-27,2384,2254.5961643492783,129.4038356507217,129.4038356507217
2015-10-27,686,726.0639405680097,-40.063940568009684,40.063940568009684
2015-10-27,768,789.9252622832996,-21.925262283299617,21.925262283299617
2015-10-27,1510,1450.322350287611,59.677649712388984,59.677649712388984
2015-10-27,220,246.6892869318647,-26.6892869318647,26.6892869318647
2015-10-28,354,347.07141933860936,6.92858066139064,6.92858066139064
2015-10-28,2253,2161.0992993561294,91.90070064387055,91.90070064387055
2015-10-28,393,355.16284158183345,37.83715841816655,37.83715841816655
2015-10-28,440,550.9850837971674,-110.98508379716736,110.98508379716736
2015-10-28,461,479.55546941728113,-18.55546941728113,18.55546941728113
2015-10-28,2107,2091.615179588145,15.38482041185489,15.38482041185489
2015-10-28,823,706.6384601978305,116.36153980216955,116.36153980216955
2015-10-28,1390,1379.4782348825415,10.521765117458472,10.521765117458472
2015-10-28,837,755.0186752279252,81.9813247720748,81.9813247720748
2015-10-28,225,236.04305804088355,-11.043058040883551,11.043058040883551
2015-10-28,1966,1947.627340566464,18.372659433536,18.372659433536
2015-10-28,349,373.44570189089694,-24.44570189089694,24.44570189089694
2015-10-28,1851,1944.1349633932878,-93.13496339328776,93.13496339328776
2015-10-28,714,702.0751411091496,11.924858890850373,11.924858890850373
2015-10-28,1786,1790.60639419379,-4.606394193790038,4.606394193790038
2015-10-28,769,726.0455139887214,42.95448601127862,42.95448601127862
2015-10-28,275,245.63230691360073,29.36769308639927,29.36769308639927
2015-10-28,871,700.7451541670222,170.25484583297782,170.25484583297782
2015-10-28,424,363.45968445198906,60.54031554801094,60.54031554801094
2015-10-28,530,562.5485232545202,-32.548523254520205,32.548523254520205
2015-10-28,527,604.3948818247512,-77.39488182475122,77.39488182475122
2015-10-28,1693,1793.677158704122,-100.6771587041219,100.6771587041219
2015-10-28,1584,1400.7015496603801,183.29845033961988,183.29845033961988
2015-10-28,322,365.55835064219303,-43.558350642193034,43.558350642193034
2015-10-28,1538,1413.948413580691,124.05158641930893,124.05158641930893
2015-10-28,701,755.4608366292351,-54.46083662923513,54.46083662923513
2015-10-28,493,424.0799590247377,68.92004097526228,68.92004097526228
2015-10-28,3268,3090.4568720562593,177.54312794374073,177.54312794374073
2015-10-28,221,232.07759869445775,-11.077598694457748,11.077598694457748
2015-10-28,2102,2271.514625218864,-169.51462521886378,169.51462521886378
2015-10-29,389,363.21261127450487,25.787388725495134,25.787388725495134
2015-10-29,989,1018.5812398949932,-29.581239894993246,29.581239894993246
2015-10-29,2391,2208.484333995743,182.51566600425713,182.51566600425713
2015-10-29,1375,1401.9560461738909,-26.956046173890854,26.956046173890854
2015-10-29,323,244.66478007200652,78.33521992799348,78.33521992799348
2015-10-29,449,418.41946409787636,30.580535902123643,30.580535902123643
2015-10-29,526,611.2139473494043,-85.2139473494043,85.2139473494043
2015-10-29,361,362.4925204436466,-1.4925204436465833,1.4925204436465833
2015-10-29,2081,1985.690480404121,95.30951959587901,95.30951959587901
2015-10-29,2247,2080.16562160558,166.83437839442013,166.83437839442013
2015-10-29,878,875.6783227956583,2.321677204341654,2.321677204341654
2015-10-29,1921,1736.2528819806334,184.74711801936655,184.74711801936655
2015-10-29,812,758.6216298614256,53.37837013857438,53.37837013857438
2015-10-29,347,338.7629136771822,8.237086322817788,8.237086322817788
2015-10-29,643,560.9943938783725,82.00560612162747,82.00560612162747
2015-10-29,1959,1973.4926168632348,-14.492616863234844,14.492616863234844
2015-10-29,1422,1340.3016766567298,81.6983233432702,81.6983233432702
2015-10-29,2123,2066.0446804226854,56.95531957731464,56.95531957731464
2015-10-29,1541,1571.9378683253778,-30.93786832537785,30.93786832537785
2015-10-29,3431,3033.7451924244433,397.2548075755567,397.2548075755567
2015-10-29,269,263.2856599322041,5.714340067795888,5.714340067795888
2015-10-29,481,360.36855991589226,120.63144008410774,120.63144008410774
2015-10-29,807,756.7927617434132,50.207238256586834,50.207238256586834
2015-10-29,779,794.2083679546898,-15.208367954689834,15.208367954689834
2015-10-29,2065,1944.8290211675246,120.17097883247538,120.17097883247538
2015-10-29,554,533.8892755885842,20.110724411415845,20.110724411415845
2015-10-29,315,262.7721562409822,52.22784375901779,52.22784375901779
2015-10-29,450,478.45162029680296,-28.451620296802957,28.451620296802957
2015-10-29,492,344.3048373617855,147.69516263821453,147.69516263821453
2015-10-29,812,685.5349958338679,126.46500416613208,126.46500416613208
2015-10-30,2847,2648.7850926113124,198.2149073886876,198.2149073886876
2015-10-30,2087,2273.4566083873256,-186.45660838732556,186.45660838732556
2015-10-30,1025,971.2348388678266,53.765161132173375,53.765161132173375
2015-10-30,421,375.0055262582485,45.994473741751506,45.994473741751506
2015-10-30,499,485.1258342798496,13.874165720150415,13.874165720150415
2015-10-30,994,1041.3692133798477,-47.36921337984768,47.36921337984768
2015-10-30,2893,2761.1903848922975,131.80961510770248,131.80961510770248
2015-10-30,613,668.4999208785512,-55.499920878551166,55.499920878551166
2015-10-30,3482,3550.3556222029533,-68.35562220295333,68.35562220295333
2015-10-30,437,462.15055673138767,-25.150556731387667,25.150556731387667
2015-10-30,1667,1851.1559105519468,-184.15591055194682,184.15591055194682
2015-10-30,1559,1613.1892599788746,-54.18925997887459,54.18925997887459
2015-10-30,605,617.3990674709951,-12.399067470995078,12.399067470995078
2015-10-30,498,515.2022590613088,-17.202259061308837,17.202259061308837
2015-10-30,302,324.7113424297846,-22.711342429784622,22.711342429784622
2015-10-30,417,358.3334682475808,58.66653175241919,58.66653175241919
2015-10-30,2367,2513.038649210403,-146.03864921040304,146.03864921040304
2015-10-30,1039,1024.5970805120262,14.402919487973804,14.402919487973804
2015-10-30,486,501.53404070335336,-15.534040703353355,15.534040703353355
2015-10-30,903,883.2770851677866,19.722914832213405,19.722914832213405
2015-10-30,1079,1008.7033587254217,70.29664127457829,70.29664127457829
2015-10-30,2798,2531.493527657572,266.50647234242797,266.50647234242797
2015-10-30,1630,1272.342026512199,357.657973487801,357.657973487801
2015-10-30,1629,1531.7213935615416,97.27860643845838,97.27860643845838
2015-10-30,1014,747.8784195638949,266.1215804361051,266.1215804361051
2015-10-30,484,454.70556076878927,29.29443923121073,29.29443923121073
2015-10-30,2815,2727.0340884814977,87.96591151850225,87.96591151850225
2015-10-30,902,803.557347775944,98.44265222405602,98.44265222405602
2015-10-30,2586,2464.2289490090707,121.77105099092933,121.77105099092933
2015-10-30,436,451.69536908833044,-15.695369088330438,15.695369088330438
2015-10-31,894,1072.681028971283,-178.681028971283,178.681028971283
2015-10-31,245,343.2765609782648,-98.2765609782648,98.2765609782648
2015-10-31,451,509.7306978322488,-58.73069783224878,58.73069783224878
2015-10-31,2742,3214.10851977517,-472.10851977516995,472.10851977516995
2015-10-31,1018,1065.06083452237,-47.06083452236999,47.06083452236999
2015-10-31,634,485.27378530768533,148.72621469231467,148.72621469231467
2015-10-31,865,1032.6542437221292,-167.6542437221292,167.6542437221292
2015-10-31,3185,3567.828232306171,-382.8282323061708,382.8282323061708
2015-10-31,1919,2017.4683645486828,-98.46836454868276,98.46836454868276
2015-10-31,2860,3112.2528696605777,-252.25286966057774,252.25286966057774
2015-10-31,1507,1502.05952891701,4.940471082989916,4.940471082989916
2015-10-31,780,742.3179580243184,37.682041975681614,37.682041975681614
2015-10-31,820,1195.0868121064298,-375.08681210642976,375.08681210642976
2015-10-31,310,355.080191002163,-45.08019100216302,45.08019100216302
2015-10-31,354,359.95156295051896,-5.951562950518962,5.951562950518962
2015-10-31,2066,2564.1829287302867,-498.1829287302867,498.1829287302867
2015-10-31,3903,4261.018202991542,-358.01820299154224,358.01820299154224
2015-10-31,509,588.6685630487111,-79.66856304871112,79.66856304871112
2015-10-31,2087,2845.21642546929,-758.2164254692898,758.2164254692898
2015-10-31,1817,1842.15223099771,-25.15223099770992,25.15223099770992
2015-10-31,737,673.1994296264829,63.800570373517075,63.800570373517075
2015-10-31,3552,3500.654379642798,51.345620357201824,51.345620357201824
2015-10-31,1915,1859.5359095888216,55.464090411178404,55.464090411178404
2015-10-31,545,605.4197456078775,-60.41974560787753,60.41974560787753
2015-10-31,1261,1440.018297266246,-179.018297266246,179.018297266246
2015-10-31,1292,1317.5577526089264,-25.55775260892642,25.55775260892642
2015-10-31,552,612.3000541952963,-60.3000541952963,60.3000541952963
2015-10-31,2634,2743.52395483496,-109.52395483496002,109.52395483496002
2015-10-31,280,495.9972759805773,-215.99727598057729,215.99727598057729
2015-10-31,1009,1116.2345513794166,-107.23455137941664,107.23455137941664
2015-11-01,2527,3185.3391421207557,-658.3391421207557,658.3391421207557
2015-11-01,3307,3958.3499829906173,-651.3499829906173,651.3499829906173
2015-11-01,338,346.4419711724645,-8.441971172464491,8.441971172464491
2015-11-01,2172,2327.290266502828,-155.29026650282822,155.29026650282822
2015-11-01,2903,2881.641955257942,21.358044742058155,21.358044742058155
2015-11-01,383,454.63358128849313,-71.63358128849313,71.63358128849313
2015-11-01,379,415.42142082695335,-36.42142082695335,36.42142082695335
2015-11-01,1068,989.5126995194362,78.48730048056382,78.48730048056382
2015-11-01,634,698.3035644720899,-64.30356447208987,64.30356447208987
2015-11-01,938,887.7302518559288,50.26974814407117,50.26974814407117
2015-11-01,4710,4794.893199262444,-84.89319926244389,84.89319926244389
2015-11-01,3797,3836.1325880741724,-39.13258807417242,39.13258807417242
2015-11-01,1319,1382.360871378881,-63.36087137888103,63.36087137888103
2015-11-01,291,319.0363368677534,-28.03633686775339,28.03633686775339
2015-11-01,608,605.8083990361164,2.191600963883616,2.191600963883616
2015-11-01,484,483.68319592692654,0.31680407307345604,0.31680407307345604
2015-11-01,1135,1188.7637033725105,-53.76370337251046,53.76370337251046
2015-11-01,1266,1072.8676897153134,193.13231028468658,193.13231028468658
2015-11-01,2477,2322.1955748039936,154.80442519600638,154.80442519600638
2015-11-01,1536,1619.8368944644185,-83.83689446441849,83.83689446441849
2015-11-01,2571,2762.1914095629827,-191.1914095629827,191.1914095629827
2015-11-01,1194,1134.5078150058255,59.49218499417452,59.49218499417452
2015-11-01,388,312.52968292020574,75.47031707979426,75.47031707979426
2015-11-01,1759,2086.742853647026,-327.7428536470261,327.7428536470261
2015-11-01,592,617.3417250758714,-25.34172507587141,25.34172507587141
2015-11-01,433,514.5644943230808,-81.5644943230808,81.5644943230808
2015-11-01,2763,2692.7635228857516,70.23647711424837,70.23647711424837
2015-11-01,2934,2927.0074072763327,6.992592723667258,6.992592723667258
2015-11-01,1265,1131.455419875988,133.5445801240121,133.5445801240121
2015-11-01,823,850.2782846622393,-27.278284662239344,27.278284662239344
2015-11-02,1004,1055.3615031822128,-51.3615031822128,51.3615031822128
2015-11-02,917,991.95462874103,-74.95462874102998,74.95462874102998
2015-11-02,811,1057.2552765529354,-246.25527655293536,246.25527655293536
2015-11-02,979,1012.9993058633928,-33.999305863392806,33.999305863392806
2015-11-02,2136,2505.6191880711144,-369.6191880711144,369.6191880711144
2015-11-02,1708,1787.458284834408,-79.458284834408,79.458284834408
2015-11-02,436,405.97070363111544,30.02929636888456,30.02929636888456
2015-11-02,950,1015.0311259039303,-65.03112590393027,65.03112590393027
2015-11-02,2206,2555.738806950766,-349.73880695076605,349.73880695076605
2015-11-02,496,658.9025379961555,-162.9025379961555,162.9025379961555
2015-11-02,263,298.33029934188886,-35.33029934188886,35.33029934188886
2015-11-02,260,310.22593746002167,-50.22593746002167,50.22593746002167
2015-11-02,733,766.6291193473984,-33.62911934739839,33.62911934739839
2015-11-02,947,943.2880733080079,3.711926691992062,3.711926691992062
2015-11-02,3296,3402.5290167425615,-106.52901674256145,106.52901674256145
2015-11-02,2153,2314.1277711470925,-161.12777114709252,161.12777114709252
2015-11-02,1572,1574.3061288334331,-2.3061288334331493,2.3061288334331493
2015-11-02,352,386.1668366077111,-34.166836607711105,34.166836607711105
2015-11-02,614,635.0092185083853,-21.00921850838529,21.00921850838529
2015-11-02,352,366.2063721484952,-14.206372148495177,14.206372148495177
2015-11-02,273,314.3573483084726,-41.35734830847258,41.35734830847258
2015-11-02,595,533.2551605290033,61.74483947099668,61.74483947099668
2015-11-02,388,354.7382358558682,33.2617641441318,33.2617641441318
2015-11-02,2574,3009.971376217728,-435.971376217728,435.971376217728
2015-11-02,382,372.112497508649,9.887502491350972,9.887502491350972
2015-11-02,1531,1836.8131810128905,-305.8131810128905,305.8131810128905
2015-11-02,2546,3003.5347975759823,-457.53479757598234,457.53479757598234
2015-11-02,1930,2601.3197077799264,-671.3197077799264,671.3197077799264
2015-11-02,483,560.510354038927,-77.51035403892695,77.51035403892695
2015-11-02,3570,4271.315842971385,-701.3158429713849,701.3158429713849
2015-11-03,1493,1630.9549432295037,-137.95494322950367,137.95494322950367
2015-11-03,480,520.5126750975096,-40.5126750975096,40.5126750975096
2015-11-03,679,658.945669794719,20.054330205280962,20.054330205280962
2015-11-03,284,395.65483025148785,-111.65483025148785,111.65483025148785
2015-11-03,1192,950.304506715984,241.69549328401604,241.69549328401604
2015-11-03,2247,2375.881298761524,-128.8812987615238,128.8812987615238
2015-11-03,1714,1815.542157963217,-101.54215796321705,101.54215796321705
2015-11-03,2775,2994.2392699037964,-219.2392699037964,219.2392699037964
2015-11-03,2597,2792.6398334300015,-195.63983343000154,195.63983343000154
2015-11-03,271,389.38869481858364,-118.38869481858364,118.38869481858364
2015-11-03,914,904.2048396441514,9.795160355848566,9.795160355848566
2015-11-03,1220,973.177383332551,246.82261666744898,246.82261666744898
2015-11-03,475,549.0009742924268,-74.0009742924268,74.0009742924268
2015-11-03,2147,2461.619691482083,-314.619691482083,314.619691482083
2015-11-03,672,642.0897137425698,29.910286257430243,29.910286257430243
2015-11-03,763,889.1855474147285,-126.18554741472849,126.18554741472849
2015-11-03,804,726.0476924000094,77.9523075999906,77.9523075999906
2015-11-03,3445,3671.1161156409535,-226.11611564095347,226.11611564095347
2015-11-03,436,374.0979824350722,61.9020175649278,61.9020175649278
2015-11-03,1717,1613.9456066949078,103.05439330509216,103.05439330509216
2015-11-03,3624,3857.945424751012,-233.94542475101207,233.94542475101207
2015-11-03,279,288.987283587029,-9.987283587029026,9.987283587029026
2015-11-03,1031,924.9925961999746,106.00740380002537,106.00740380002537
2015-11-03,397,409.25794182026203,-12.257941820262033,12.257941820262033
2015-11-03,286,289.1297869093519,-3.1297869093518784,3.1297869093518784
2015-11-03,2089,2330.3609128662524,-241.36091286625242,241.36091286625242
2015-11-03,616,425.42827462066344,190.57172537933656,190.57172537933656
2015-11-03,294,272.4364073947821,21.563592605217877,21.563592605217877
2015-11-03,862,862.8337486622509,-0.833748662250855,0.833748662250855
2015-11-03,2194,2351.6484748345906,-157.64847483459062,157.64847483459062
2015-11-04,3393,3528.5786630690186,-135.5786630690186,135.5786630690186
2015-11-04,2272,2480.7302237206613,-208.73022372066134,208.73022372066134
2015-11-04,1436,1646.2679480519157,-210.2679480519157,210.2679480519157
2015-11-04,298,354.88869779517654,-56.88869779517654,56.88869779517654
2015-11-04,550,610.4677446200953,-60.467744620095345,60.467744620095345
2015-11-04,475,366.97662316614435,108.02337683385565,108.02337683385565
2015-11-04,596,641.2553961684919,-45.25539616849187,45.25539616849187
2015-11-04,1959,1968.582605278334,-9.582605278334086,9.582605278334086
2015-11-04,953,862.2403964498061,90.7596035501939,90.7596035501939
2015-11-04,890,788.3177430167551,101.68225698324488,101.68225698324488
2015-11-04,217,269.5119810253878,-52.5119810253878,52.5119810253878
2015-11-04,969,913.0737698747066,55.92623012529339,55.92623012529339
2015-11-04,373,356.05763020944863,16.942369790551368,16.942369790551368
2015-11-04,1422,1529.1619532806808,-107.16195328068079,107.16195328068079
2015-11-04,852,733.1622191952349,118.83778080476509,118.83778080476509
2015-11-04,231,250.79902003744928,-19.79902003744928,19.79902003744928
2015-11-04,2435,2812.720778760912,-377.7207787609118,377.7207787609118
2015-11-04,573,518.7719162178236,54.22808378217644,54.22808378217644
2015-11-04,250,265.7847511028673,-15.78475110286729,15.78475110286729
2015-11-04,1724,2009.0625153628464,-285.0625153628464,285.0625153628464
2015-11-04,777,854.7570978217688,-77.75709782176875,77.75709782176875
2015-11-04,1954,2234.8282815367097,-280.8282815367097,280.8282815367097
2015-11-04,852,788.5331100008293,63.46688999917069,63.46688999917069
2015-11-04,1309,1403.4132358208585,-94.41323582085852,94.41323582085852
2015-11-04,556,552.6332408524833,3.3667591475167455,3.3667591475167455
2015-11-04,334,312.39525595547696,21.604744044523045,21.604744044523045
2015-11-04,345,431.91824636760566,-86.91824636760566,86.91824636760566
2015-11-04,1889,2243.138784087478,-354.13878408747814,354.13878408747814
2015-11-04,1771,2080.5202701698063,-309.5202701698063,309.5202701698063
2015-11-04,447,465.3058055098641,-18.305805509864115,18.305805509864115
2015-11-05,426,374.4795218827267,51.520478117273285,51.520478117273285
2015-11-05,3157,3598.1898657010006,-441.1898657010006,441.1898657010006
2015-11-05,1913,2273.281182745047,-360.28118274504686,360.28118274504686
2015-11-05,705,606.8136386427257,98.18636135727434,98.18636135727434
2015-11-05,3269,3194.969807649492,74.03019235050806,74.03019235050806
2015-11-05,417,330.8860713739707,86.11392862602929,86.11392862602929
2015-11-05,351,326.3041957020874,24.695804297912616,24.695804297912616
2015-11-05,2482,2325.551491475604,156.44850852439595,156.44850852439595
2015-11-05,318,258.81925447630084,59.18074552369916,59.18074552369916
2015-11-05,2099,2127.928984345022,-28.928984345021945,28.928984345021945
2015-11-05,415,444.26642341527173,-29.26642341527173,29.26642341527173
2015-11-05,577,583.8082807900684,-6.808280790068352,6.808280790068352
2015-11-05,538,552.474767279453,-14.474767279452976,14.474767279452976
2015-11-05,1437,1409.0809443944042,27.91905560559576,27.91905560559576
2015-11-05,276,272.92287220568454,3.0771277943154587,3.0771277943154587
2015-11-05,782,904.4600887159139,-122.46008871591391,122.46008871591391
2015-11-05,1617,1485.5915965389056,131.4084034610944,131.4084034610944
2015-11-05,2185,2477.9880910498746,-292.9880910498746,292.9880910498746
2015-11-05,435,375.3161869847889,59.683813015211115,59.683813015211115
2015-11-05,932,778.3100567220936,153.68994327790642,153.68994327790642
2015-11-05,812,773.3998580480218,38.60014195197823,38.60014195197823
2015-11-05,2104,2160.5146027010983,-56.51460270109828,56.51460270109828
2015-11-05,2068,2331.1739208978465,-263.17392089784653,263.17392089784653
2015-11-05,805,843.1597758558444,-38.15977585584437,38.15977585584437
2015-11-05,786,754.4812075760001,31.518792423999912,31.518792423999912
2015-11-05,444,409.2336899887504,34.76631001124957,34.76631001124957
2015-11-05,264,264.29387067260046,-0.2938706726004625,0.2938706726004625
2015-11-05,544,489.8865477234499,54.113452276550106,54.113452276550106
2015-11-05,1511,1573.2954175421175,-62.29541754211755,62.29541754211755
2015-11-05,1006,947.1700874938184,58.829912506181586,58.829912506181586
2015-11-06,1160,1241.2253037678918,-81.22530376789177,81.22530376789177
2015-11-06,1551,1560.5697396758821,-9.569739675882147,9.569739675882147
2015-11-06,3657,3453.314376407318,203.68562359268208,203.68562359268208
2015-11-06,496,431.85123699848066,64.14876300151934,64.14876300151934
2015-11-06,2506,2664.558600611603,-158.5586006116032,158.5586006116032
2015-11-06,360,403.82084829912446,-43.820848299124464,43.820848299124464
2015-11-06,2396,2531.8681724595926,-135.86817245959264,135.86817245959264
2015-11-06,2305,2697.190592813186,-392.19059281318596,392.19059281318596
2015-11-06,940,919.30211087847,20.69788912153001,20.69788912153001
2015-11-06,648,575.3099375631704,72.69006243682963,72.69006243682963
2015-11-06,918,892.2038067943257,25.796193205674285,25.796193205674285
2015-11-06,1051,1045.5431487951155,5.456851204884515,5.456851204884515
2015-11-06,446,470.91317112873844,-24.91317112873844,24.91317112873844
2015-11-06,2863,2829.10614690975,33.893853090250104,33.893853090250104
2015-11-06,3390,3678.749252712786,-288.7492527127861,288.7492527127861
2015-11-06,1100,988.4808102961626,111.51918970383736,111.51918970383736
2015-11-06,776,785.9729774083717,-9.972977408371662,9.972977408371662
2015-11-06,2696,2955.1205922273184,-259.1205922273184,259.1205922273184
2015-11-06,1659,1715.487345087137,-56.4873450871371,56.4873450871371
2015-11-06,432,440.3064972299041,-8.306497229904096,8.306497229904096
2015-11-06,445,464.97691595927745,-19.97691595927745,19.97691595927745
2015-11-06,653,597.8865394041087,55.1134605958913,55.1134605958913
2015-11-06,385,458.0446797436752,-73.0446797436752,73.0446797436752
2015-11-06,329,292.0217248296841,36.9782751703159,36.9782751703159
2015-11-06,885,771.1192624308615,113.88073756913855,113.88073756913855
2015-11-06,331,316.9860444009679,14.013955599032101,14.013955599032101
2015-11-06,245,314.80434162617854,-69.80434162617854,69.80434162617854
2015-11-06,1000,954.744268832857,45.25573116714304,45.25573116714304
2015-11-06,1734,1827.336908776299,-93.33690877629897,93.33690877629897
2015-11-06,2264,2380.5860066670716,-116.58600666707162,116.58600666707162
2015-11-07,2982,2990.2840753051055,-8.284075305105489,8.284075305105489
2015-11-07,1074,1072.6652498941337,1.3347501058663056,1.3347501058663056
2015-11-07,265,324.54622427387477,-59.54622427387477,59.54622427387477
2015-11-07,1057,967.1749981395593,89.8250018604407,89.8250018604407
2015-11-07,3108,3098.9711635661783,9.028836433821652,9.028836433821652
2015-11-07,569,723.8687734648847,-154.86877346488473,154.86877346488473
2015-11-07,444,492.2722229765935,-48.272222976593525,48.272222976593525
2015-11-07,1216,1112.5090897445064,103.49091025549365,103.49091025549365
2015-11-07,372,317.2018662469902,54.79813375300978,54.79813375300978
2015-11-07,1644,1532.9488402542963,111.05115974570367,111.05115974570367
2015-11-07,538,539.0587026311066,-1.0587026311065983,1.0587026311065983
2015-11-07,3402,3233.631040096002,168.36895990399807,168.36895990399807
2015-11-07,475,505.4605512374668,-30.460551237466802,30.460551237466802
2015-11-07,1211,1136.7466768418333,74.25332315816672,74.25332315816672
2015-11-07,2064,2162.015710135626,-98.0157101356258,98.0157101356258
2015-11-07,1325,1227.5454570976217,97.45454290237831,97.45454290237831
2015-11-07,529,612.8200052156235,-83.8200052156235,83.8200052156235
2015-11-07,3130,3715.5309836992037,-585.5309836992037,585.5309836992037
2015-11-07,1092,982.7159481542877,109.28405184571227,109.28405184571227
2015-11-07,2083,2065.7194625702145,17.280537429785454,17.280537429785454
2015-11-07,648,594.6378957356989,53.36210426430114,53.36210426430114
2015-11-07,1740,1800.1670915183522,-60.16709151835221,60.16709151835221
2015-11-07,421,399.43844382213445,21.561556177865555,21.561556177865555
2015-11-07,293,304.1574692550834,-11.157469255083413,11.157469255083413
2015-11-07,2693,2571.7179444113153,121.28205558868467,121.28205558868467
2015-11-07,4282,4346.069221542753,-64.06922154275344,64.06922154275344
2015-11-07,1326,1216.1004467408784,109.8995532591216,109.8995532591216
2015-11-07,665,663.0414033090439,1.958596690956142,1.958596690956142
2015-11-07,3424,3597.4572883209044,-173.45728832090435,173.45728832090435
2015-11-07,3269,2846.4121358711277,422.5878641288723,422.5878641288723
2015-11-08,3720,3831.5425149942434,-111.54251499424345,111.54251499424345
2015-11-08,367,314.2792962382158,52.72070376178419,52.72070376178419
2015-11-08,3349,3702.2579466432485,-353.2579466432485,353.2579466432485
2015-11-08,1485,1565.4993815226712,-80.49938152267123,80.49938152267123
2015-11-08,468,455.10998574635727,12.890014253642732,12.890014253642732
2015-11-08,2872,3017.044147504324,-145.04414750432397,145.04414750432397
2015-11-08,1285,1275.0827870891508,9.91721291084923,9.91721291084923
2015-11-08,445,330.7071190842006,114.2928809157994,114.2928809157994
2015-11-08,888,1004.4726695333289,-116.47266953332894,116.47266953332894
2015-11-08,4053,3696.2586887443463,356.7413112556537,356.7413112556537
2015-11-08,440,475.97982220395386,-35.97982220395386,35.97982220395386
2015-11-08,2613,2807.9640979070814,-194.9640979070814,194.9640979070814
2015-11-08,2826,2991.436990507031,-165.43699050703117,165.43699050703117
2015-11-08,443,407.31162133471196,35.68837866528804,35.68837866528804
2015-11-08,1369,1162.7825295297891,206.21747047021086,206.21747047021086
2015-11-08,3260,3186.538995156994,73.46100484300587,73.46100484300587
2015-11-08,403,408.84218529609655,-5.842185296096545,5.842185296096545
2015-11-08,1190,1086.9847898368184,103.01521016318156,103.01521016318156
2015-11-08,594,625.8945276580798,-31.894527658079824,31.894527658079824
2015-11-08,299,277.3309946230078,21.669005376992175,21.669005376992175
2015-11-08,1739,1862.312721578863,-123.31272157886292,123.31272157886292
2015-11-08,554,560.3673264038007,-6.367326403800689,6.367326403800689
2015-11-08,2150,2072.241705742562,77.75829425743814,77.75829425743814
2015-11-08,5148,4592.5861458632235,555.4138541367765,555.4138541367765
2015-11-08,919,695.9648445466481,223.03515545335188,223.03515545335188
2015-11-08,556,549.7478845764834,6.252115423516557,6.252115423516557
2015-11-08,2054,2422.441091728945,-368.44109172894514,368.44109172894514
2015-11-08,1030,1098.1209961120335,-68.12099611203348,68.12099611203348
2015-11-08,822,903.5393616888385,-81.53936168883854,81.53936168883854
2015-11-08,1070,1132.0180885574598,-62.018088557459805,62.018088557459805
2015-11-09,1847,1885.3147141003267,-38.31471410032668,38.31471410032668
2015-11-09,325,274.3762417918573,50.6237582081427,50.6237582081427
2015-11-09,243,267.03363280167343,-24.033632801673434,24.033632801673434
2015-11-09,579,568.6451303007241,10.354869699275923,10.354869699275923
2015-11-09,828,1015.9134606983758,-187.91346069837584,187.91346069837584
2015-11-09,2898,2612.057467144022,285.9425328559778,285.9425328559778
2015-11-09,621,666.6877664710472,-45.68776647104721,45.68776647104721
2015-11-09,463,521.1370238540803,-58.137023854080326,58.137023854080326
2015-11-09,3658,3553.146316874087,104.853683125913,104.853683125913
2015-11-09,340,408.5519665733262,-68.55196657332618,68.55196657332618
2015-11-09,2101,2318.757643915534,-217.75764391553412,217.75764391553412
2015-11-09,258,293.4833129001538,-35.483312900153805,35.483312900153805
2015-11-09,858,902.820900315719,-44.82090031571897,44.82090031571897
2015-11-09,2537,2752.921756016087,-215.92175601608687,215.92175601608687
2015-11-09,639,566.2803345244054,72.71966547559464,72.71966547559464
2015-11-09,2054,2358.229895474663,-304.22989547466295,304.22989547466295
2015-11-09,802,873.2472195581917,-71.24721955819166,71.24721955819166
2015-11-09,310,367.9794169482665,-57.979416948266476,57.979416948266476
2015-11-09,282,360.03386616594867,-78.03386616594867,78.03386616594867
2015-11-09,840,970.4044843903864,-130.40448439038641,130.40448439038641
2015-11-09,3774,4282.467272931492,-508.4672729314916,508.4672729314916
2015-11-09,401,478.2326558227602,-77.2326558227602,77.2326558227602
2015-11-09,2549,2451.6994253367916,97.30057466320841,97.30057466320841
2015-11-09,1527,1536.9059581286024,-9.905958128602379,9.905958128602379
2015-11-09,772,960.887223569715,-188.88722356971505,188.88722356971505
2015-11-09,1435,1828.6596529215842,-393.6596529215842,393.6596529215842
2015-11-09,2433,2429.1168696226678,3.883130377332236,3.883130377332236
2015-11-09,939,897.6811320092448,41.318867990755166,41.318867990755166
2015-11-09,314,355.24681752652606,-41.24681752652606,41.24681752652606
2015-11-09,288,341.30616600478055,-53.30616600478055,53.30616600478055
2015-11-10,852,946.3028292253194,-94.30282922531944,94.30282922531944
2015-11-10,2173,2367.869450456381,-194.86945045638095,194.86945045638095
2015-11-10,1521,1460.737855717637,60.2621442823629,60.2621442823629
2015-11-10,440,310.17223591177554,129.82776408822446,129.82776408822446
2015-11-10,528,659.6225295805715,-131.6225295805715,131.6225295805715
2015-11-10,532,600.9613230006943,-68.96132300069428,68.96132300069428
2015-11-10,802,757.6991951980102,44.300804801989784,44.300804801989784
2015-11-10,856,795.9981838626167,60.001816137383344,60.001816137383344
2015-11-10,344,351.7846125294222,-7.784612529422191,7.784612529422191
2015-11-10,332,404.6375912635329,-72.6375912635329,72.6375912635329
2015-11-10,2517,2536.7226485021943,-19.72264850219426,19.72264850219426
2015-11-10,380,347.892534060806,32.107465939194014,32.107465939194014
2015-11-10,447,393.4499260273377,53.55007397266229,53.55007397266229
2015-11-10,233,229.4930257371979,3.506974262802089,3.506974262802089
2015-11-10,522,457.066803929492,64.93319607050802,64.93319607050802
2015-11-10,576,583.3714145215796,-7.371414521579595,7.371414521579595
2015-11-10,270,267.2844855175417,2.715514482458275,2.715514482458275
2015-11-10,1377,1727.3614310690461,-350.36143106904615,350.36143106904615
2015-11-10,752,877.7857643180392,-125.78576431803924,125.78576431803924
2015-11-10,2169,2082.7115949470954,86.28840505290464,86.28840505290464
2015-11-10,269,262.23248267183453,6.767517328165468,6.767517328165468
2015-11-10,763,737.9409583529854,25.059041647014624,25.059041647014624
2015-11-10,2600,2825.7274139130327,-225.7274139130327,225.7274139130327
2015-11-10,344,335.68529978272744,8.31470021727256,8.31470021727256
2015-11-10,1974,2136.5289896056347,-162.5289896056347,162.5289896056347
2015-11-10,1815,1967.0812495251005,-152.08124952510047,152.08124952510047
2015-11-10,2180,2199.2178754606193,-19.217875460619325,19.217875460619325
2015-11-10,1472,1446.5140017647475,25.48599823525251,25.48599823525251
2015-11-10,3445,3609.9155483790673,-164.91554837906733,164.91554837906733
2015-11-10,889,847.7897844393555,41.21021556064454,41.21021556064454
2015-11-11,666,517.6388977971968,148.36110220280318,148.36110220280318
2015-11-11,804,786.767209806015,17.23279019398501,17.23279019398501
2015-11-11,2149,2245.7046399430574,-96.70463994305737,96.70463994305737
2015-11-11,540,572.0374976907292,-32.0374976907292,32.0374976907292
2015-11-11,1391,1486.5829326123658,-95.58293261236577,95.58293261236577
2015-11-11,838,802.8211449360685,35.17885506393145,35.17885506393145
2015-11-11,1627,1461.9548097957775,165.04519020422254,165.04519020422254
2015-11-11,420,450.9005736554915,-30.900573655491485,30.900573655491485
2015-11-11,204,256.71115102192095,-52.711151021920955,52.711151021920955
2015-11-11,2393,2409.6837352569873,-16.683735256987347,16.683735256987347
2015-11-11,341,395.30586410795723,-54.305864107957234,54.305864107957234
2015-11-11,380,254.60091320472566,125.39908679527434,125.39908679527434
2015-11-11,588,528.7894102729379,59.21058972706214,59.21058972706214
2015-11-11,965,785.882114225493,179.11788577450704,179.11788577450704
2015-11-11,445,352.5254280824353,92.47457191756467,92.47457191756467
2015-11-11,471,482.2179827771078,-11.217982777107807,11.217982777107807
2015-11-11,2259,2418.0462462596283,-159.04624625962833,159.04624625962833
2015-11-11,737,740.629615994206,-3.629615994206006,3.629615994206006
2015-11-11,718,761.9669808808374,-43.966980880837355,43.966980880837355
2015-11-11,2057,2024.5540115452827,32.44598845471728,32.44598845471728
2015-11-11,190,230.4632062738679,-40.46320627386791,40.46320627386791
2015-11-11,3142,3266.3982841293746,-124.39828412937459,124.39828412937459
2015-11-11,1927,1981.4100074385647,-54.41000743856466,54.41000743856466
2015-11-11,331,359.51469013345474,-28.514690133454735,28.514690133454735
2015-11-11,1977,2193.9281250766417,-216.92812507664166,216.92812507664166
2015-11-11,1232,1392.339398179372,-160.33939817937198,160.33939817937198
2015-11-11,310,338.9994714617156,-28.999471461715586,28.999471461715586
2015-11-11,367,334.7966616227117,32.203338377288276,32.203338377288276
2015-11-11,3130,3370.004332291075,-240.00433229107512,240.00433229107512
2015-11-11,739,788.3907358196116,-49.390735819611564,49.390735819611564
2015-11-12,184,261.3707255756781,-77.37072557567808,77.37072557567808
2015-11-12,745,813.760651550419,-68.76065155041897,68.76065155041897
2015-11-12,493,587.8964973517366,-94.89649735173657,94.89649735173657
2015-11-12,799,789.8446089448889,9.155391055111068,9.155391055111068
2015-11-12,317,388.5969838463607,-71.59698384636067,71.59698384636067
2015-11-12,690,734.8108878340832,-44.810887834083246,44.810887834083246
2015-11-12,230,254.54398048075814,-24.543980480758137,24.543980480758137
2015-11-12,312,359.02967865090966,-47.02967865090966,47.02967865090966
2015-11-12,773,815.6595794336976,-42.65957943369756,42.65957943369756
2015-11-12,2604,2546.1361986500874,57.86380134991259,57.86380134991259
2015-11-12,1198,1450.4384371294677,-252.43843712946773,252.43843712946773
2015-11-12,632,554.5634923795707,77.43650762042932,77.43650762042932
2015-11-12,1973,2299.7833958274205,-326.78339582742046,326.78339582742046
2015-11-12,483,402.8797088780377,80.12029112196228,80.12029112196228
2015-11-12,1925,2219.09987993835,-294.0998799383501,294.0998799383501
2015-11-12,1593,1605.1344814851498,-12.134481485149763,12.134481485149763
2015-11-12,458,476.5298296494607,-18.52982964946068,18.52982964946068
2015-11-12,1332,1359.0011906739385,-27.00119067393848,27.00119067393848
2015-11-12,403,415.2980923777758,-12.298092377775788,12.298092377775788
2015-11-12,235,284.80300973556825,-49.80300973556825,49.80300973556825
2015-11-12,401,409.5940391052395,-8.594039105239517,8.594039105239517
2015-11-12,3953,3361.192178484827,591.8078215151731,591.8078215151731
2015-11-12,855,859.1439560264968,-4.143956026496767,4.143956026496767
2015-11-12,299,339.1070573148678,-40.1070573148678,40.1070573148678
2015-11-12,2246,2157.1167025889627,88.88329741103735,88.88329741103735
2015-11-12,528,552.8931708306576,-24.893170830657596,24.893170830657596
2015-11-12,3047,3262.6793846995943,-215.67938469959427,215.67938469959427
2015-11-12,2008,2241.474512416208,-233.4745124162082,233.4745124162082
2015-11-12,1862,2440.9862761787435,-578.9862761787435,578.9862761787435
2015-11-12,664,784.100547976123,-120.10054797612304,120.10054797612304
2015-11-13,2529,2412.744921296828,116.25507870317188,116.25507870317188
2015-11-13,2470,2595.9247443427766,-125.92474434277665,125.92474434277665
2015-11-13,481,441.7906504805883,39.20934951941172,39.20934951941172
2015-11-13,3020,3406.3184612787554,-386.3184612787554,386.3184612787554
2015-11-13,1075,1067.5709197451527,7.429080254847349,7.429080254847349
2015-11-13,2297,2323.425949460208,-26.425949460207903,26.425949460207903
2015-11-13,399,440.24886428473934,-41.24886428473934,41.24886428473934
2015-11-13,1676,1693.5701000053791,-17.570100005379118,17.570100005379118
2015-11-13,1402,1450.7652640847366,-48.7652640847366,48.7652640847366
2015-11-13,276,414.7027907275129,-138.70279072751288,138.70279072751288
2015-11-13,457,410.4576989308046,46.54230106919539,46.54230106919539
2015-11-13,609,612.3333016377663,-3.33330163776634,3.33330163776634
2015-11-13,2324,2355.491091230877,-31.49109123087692,31.49109123087692
2015-11-13,982,993.7773496394756,-11.777349639475574,11.777349639475574
2015-11-13,331,337.5413949650834,-6.541394965083384,6.541394965083384
2015-11-13,2349,2705.184664139093,-356.184664139093,356.184664139093
2015-11-13,302,398.46075870915564,-96.46075870915564,96.46075870915564
2015-11-13,377,443.8369467416339,-66.83694674163388,66.83694674163388
2015-11-13,825,953.2238936523752,-128.22389365237518,128.22389365237518
2015-11-13,2258,2561.572205373688,-303.5722053736881,303.5722053736881
2015-11-13,2947,3404.548735558077,-457.54873555807717,457.54873555807717
2015-11-13,583,569.4506440789971,13.54935592100287,13.54935592100287
2015-11-13,774,799.952446655593,-25.952446655593008,25.952446655593008
2015-11-13,811,899.2212181745826,-88.22121817458265,88.22121817458265
2015-11-13,500,291.730708312293,208.26929168770698,208.26929168770698
2015-11-13,796,726.5972800506725,69.40271994932755,69.40271994932755
2015-11-13,868,948.1647997058066,-80.16479970580656,80.16479970580656
2015-11-13,260,300.2917792587873,-40.2917792587873,40.2917792587873
2015-11-13,765,874.4682475566003,-109.46824755660032,109.46824755660032
2015-11-13,1452,1504.5665426071398,-52.56654260713981,52.56654260713981
2015-11-14,4099,4002.097126280589,96.90287371941122,96.90287371941122
2015-11-14,3926,3700.8014850828654,225.19851491713462,225.19851491713462
2015-11-14,3428,3081.924811235026,346.075188764974,346.075188764974
2015-11-14,3568,3013.7385748474167,554.2614251525833,554.2614251525833
2015-11-14,3408,3325.2952719877135,82.70472801228652,82.70472801228652
2015-11-14,582,680.2408526587574,-98.24085265875738,98.24085265875738
2015-11-14,526,395.0990631388277,130.90093686117228,130.90093686117228
2015-11-14,1165,961.7178710025074,203.28212899749258,203.28212899749258
2015-11-14,1568,1747.2411868637935,-179.24118686379347,179.24118686379347
2015-11-14,1026,1085.4371831709643,-59.43718317096432,59.43718317096432
2015-11-14,1176,1149.8675895501829,26.132410449817144,26.132410449817144
2015-11-14,642,594.2998643898909,47.7001356101091,47.7001356101091
2015-11-14,2734,2872.0739524691744,-138.0739524691744,138.0739524691744
2015-11-14,1560,1558.1534333173915,1.8465666826084544,1.8465666826084544
2015-11-14,388,462.05259150974774,-74.05259150974774,74.05259150974774
2015-11-14,1165,1147.8133294807435,17.186670519256495,17.186670519256495
2015-11-14,549,528.2990200322702,20.700979967729836,20.700979967729836
2015-11-14,275,390.284102726371,-115.28410272637097,115.28410272637097
2015-11-14,594,572.7073911940041,21.292608805995883,21.292608805995883
2015-11-14,2579,2673.6234605879963,-94.6234605879963,94.6234605879963
2015-11-14,708,712.4220517300085,-4.422051730008548,4.422051730008548
2015-11-14,1997,2086.092324525778,-89.09232452577817,89.09232452577817
2015-11-14,395,325.4779047707169,69.52209522928308,69.52209522928308
2015-11-14,216,289.9710603888549,-73.97106038885488,73.97106038885488
2015-11-14,3207,3310.0233472725245,-103.02334727252446,103.02334727252446
2015-11-14,1137,1092.8874452070902,44.112554792909805,44.112554792909805
2015-11-14,1227,977.3579441276054,249.64205587239462,249.64205587239462
2015-11-14,1099,1064.1657677904047,34.83423220959526,34.83423220959526
2015-11-14,1978,1927.3669779640707,50.63302203592934,50.63302203592934
2015-11-14,420,512.7396167506126,-92.73961675061264,92.73961675061264
2015-11-15,1215,1139.7575037421582,75.24249625784182,75.24249625784182
2015-11-15,1433,1505.7187589785253,-72.71875897852533,72.71875897852533
2015-11-15,356,368.456986953421,-12.456986953420994,12.456986953420994
2015-11-15,1433,1291.9837653708769,141.01623462912312,141.01623462912312
2015-11-15,600,560.4900725756161,39.50992742438393,39.50992742438393
2015-11-15,396,475.9706211145594,-79.97062111455938,79.97062111455938
2015-11-15,3213,2969.3181910780067,243.68180892199325,243.68180892199325
2015-11-15,1246,1131.775939007651,114.224060992349,114.224060992349
2015-11-15,3676,3483.052594611111,192.9474053888889,192.9474053888889
2015-11-15,2523,2259.0009311922736,263.9990688077264,263.9990688077264
2015-11-15,4618,4323.566972530191,294.4330274698086,294.4330274698086
2015-11-15,2034,2223.697791447426,-189.69779144742597,189.69779144742597
2015-11-15,3069,2790.93586923306,278.0641307669398,278.0641307669398
2015-11-15,1859,1747.7418950480185,111.25810495198152,111.25810495198152
2015-11-15,392,425.3820972525675,-33.38209725256752,33.38209725256752
2015-11-15,3543,3585.434391726504,-42.434391726504145,42.434391726504145
2015-11-15,875,977.5304483058785,-102.53044830587851,102.53044830587851
2015-11-15,825,934.1612617100681,-109.16126171006806,109.16126171006806
2015-11-15,642,818.4257210554251,-176.42572105542513,176.42572105542513
2015-11-15,951,1050.6144607887245,-99.6144607887245,99.6144607887245
2015-11-15,708,588.801009656322,119.19899034367802,119.19899034367802
2015-11-15,256,254.79868096094094,1.201319039059058,1.201319039059058
2015-11-15,1094,1147.1065532371974,-53.10655323719743,53.10655323719743
2015-11-15,315,310.6189025573611,4.381097442638918,4.381097442638918
2015-11-15,3004,3029.5641204902463,-25.564120490246296,25.564120490246296
2015-11-15,4575,3943.355929110778,631.6440708892219,631.6440708892219
2015-11-15,3364,3434.9216476093925,-70.9216476093925,70.9216476093925
2015-11-15,546,559.0850373547543,-13.085037354754263,13.085037354754263
2015-11-15,449,459.2462408219283,-10.246240821928325,10.246240821928325
2015-11-15,545,408.89381719087197,136.10618280912803,136.10618280912803
2015-11-16,264,270.158818660255,-6.158818660255008,6.158818660255008
2015-11-16,1404,1533.6505385872113,-129.65053858721126,129.65053858721126
2015-11-16,3533,3549.8655882651715,-16.865588265171482,16.865588265171482
2015-11-16,542,597.8840707562954,-55.88407075629539,55.88407075629539
2015-11-16,858,957.6352889789391,-99.63528897893912,99.63528897893912
2015-11-16,458,389.0746611887089,68.92533881129111,68.92533881129111
2015-11-16,546,461.05974218512574,84.94025781487426,84.94025781487426
2015-11-16,465,545.7238094261776,-80.72380942617758,80.72380942617758
2015-11-16,1945,2116.881540351722,-171.88154035172192,171.88154035172192
2015-11-16,2269,2516.5658255667527,-247.56582556675266,247.56582556675266
2015-11-16,855,831.6971961581429,23.3028038418571,23.3028038418571
2015-11-16,349,361.2729566822454,-12.272956682245422,12.272956682245422
2015-11-16,1554,1571.8792846837082,-17.879284683708192,17.879284683708192
2015-11-16,394,346.6553126728363,47.34468732716368,47.34468732716368
2015-11-16,304,338.93177009725986,-34.93177009725986,34.93177009725986
2015-11-16,2469,2438.0179050159704,30.982094984029573,30.982094984029573
2015-11-16,2134,2311.5719162075493,-177.5719162075493,177.5719162075493
2015-11-16,466,325.65187603527926,140.34812396472074,140.34812396472074
2015-11-16,858,844.4867305375313,13.513269462468656,13.513269462468656
2015-11-16,2439,2398.79294971645,40.20705028354996,40.20705028354996
2015-11-16,2255,2315.089900618188,-60.08990061818804,60.08990061818804
2015-11-16,242,237.66163308065816,4.338366919341837,4.338366919341837
2015-11-16,3013,2851.221540433802,161.77845956619785,161.77845956619785
2015-11-16,657,522.0802502691639,134.9197497308361,134.9197497308361
2015-11-16,1774,1751.4486500737796,22.551349926220382,22.551349926220382
2015-11-16,789,782.0999333099451,6.900066690054928,6.900066690054928
2015-11-16,308,286.27431079944967,21.725689200550335,21.725689200550335
2015-11-16,994,901.3799769447656,92.62002305523436,92.62002305523436
2015-11-16,923,933.8238904393971,-10.823890439397132,10.823890439397132
2015-11-16,674,620.1483872081434,53.85161279185661,53.85161279185661
2015-11-17,567,408.52525619113857,158.47474380886143,158.47474380886143
2015-11-17,1751,2035.337998006862,-284.3379980068621,284.3379980068621
2015-11-17,652,894.4859912830372,-242.48599128303715,242.48599128303715
2015-11-17,641,734.3870034327706,-93.3870034327706,93.3870034327706
2015-11-17,2070,2205.680579052112,-135.68057905211208,135.68057905211208
2015-11-17,1385,1488.2008305437464,-103.2008305437464,103.2008305437464
2015-11-17,1720,2150.338553349258,-430.33855334925784,430.33855334925784
2015-11-17,269,273.1197018447958,-4.119701844795827,4.119701844795827
2015-11-17,205,231.0913947942506,-26.09139479425059,26.09139479425059
2015-11-17,2256,2691.0021554201453,-435.0021554201453,435.0021554201453
2015-11-17,275,377.5895139547047,-102.58951395470473,102.58951395470473
2015-11-17,327,320.9656197191269,6.034380280873108,6.034380280873108
2015-11-17,1723,2273.3468160455936,-550.3468160455936,550.3468160455936
2015-11-17,428,474.526905441611,-46.52690544161101,46.52690544161101
2015-11-17,557,574.8703045272936,-17.87030452729357,17.87030452729357
2015-11-17,571,474.81372924725343,96.18627075274657,96.18627075274657
2015-11-17,594,785.351113744829,-191.35111374482904,191.35111374482904
2015-11-17,221,258.5649014078951,-37.56490140789509,37.56490140789509
2015-11-17,603,845.8174532090387,-242.81745320903872,242.81745320903872
2015-11-17,862,898.3931597887913,-36.39315978879131,36.39315978879131
2015-11-17,1513,1987.2822524853132,-474.28225248531317,474.28225248531317
2015-11-17,340,355.12648539940875,-15.12648539940875,15.12648539940875
2015-11-17,1347,1447.4106995523973,-100.41069955239732,100.41069955239732
2015-11-17,231,340.90164596490047,-109.90164596490047,109.90164596490047
2015-11-17,494,641.8463125851194,-147.84631258511945,147.84631258511945
2015-11-17,717,802.9187609321084,-85.9187609321084,85.9187609321084
2015-11-17,3075,3362.0721595269724,-287.0721595269724,287.0721595269724
2015-11-17,527,577.5199129573356,-50.51991295733558,50.51991295733558
2015-11-17,1331,1440.7755318022635,-109.77553180226346,109.77553180226346
2015-11-17,1922,2199.199963354241,-277.19996335424094,277.19996335424094
2015-11-18,762,727.8295943718958,34.17040562810416,34.17040562810416
2015-11-18,775,787.1976791810093,-12.197679181009335,12.197679181009335
2015-11-18,342,354.18936874796964,-12.189368747969638,12.189368747969638
2015-11-18,379,405.1269970827575,-26.126997082757498,26.126997082757498
2015-11-18,2146,1893.8253053467306,252.1746946532694,252.1746946532694
2015-11-18,1299,1309.300275517542,-10.300275517542104,10.300275517542104
2015-11-18,2147,1918.5940564876814,228.40594351231857,228.40594351231857
2015-11-18,790,723.5945761664723,66.40542383352772,66.40542383352772
2015-11-18,316,335.29215422299774,-19.292154222997738,19.292154222997738
2015-11-18,617,548.6716269403605,68.32837305963949,68.32837305963949
2015-11-18,2988,3036.5369505389517,-48.536950538951714,48.536950538951714
2015-11-18,255,224.9958815279531,30.004118472046912,30.004118472046912
2015-11-18,1239,1284.0160817608278,-45.016081760827774,45.016081760827774
2015-11-18,386,327.7142539281423,58.285746071857716,58.285746071857716
2015-11-18,580,565.8986501923212,14.101349807678844,14.101349807678844
2015-11-18,544,522.7479574740004,21.252042525999627,21.252042525999627
2015-11-18,909,741.385050230407,167.61494976959295,167.61494976959295
2015-11-18,343,282.1513500459386,60.848649954061386,60.848649954061386
2015-11-18,2042,1840.700777835408,201.29922216459204,201.29922216459204
2015-11-18,1788,2181.5366108883554,-393.5366108883554,393.5366108883554
2015-11-18,404,418.8908759517142,-14.890875951714179,14.890875951714179
2015-11-18,2402,2268.9315914736508,133.06840852634923,133.06840852634923
2015-11-18,2144,2122.557786921213,21.442213078787063,21.442213078787063
2015-11-18,1593,1538.9928611052026,54.007138894797436,54.007138894797436
2015-11-18,241,229.71013100361114,11.289868996388861,11.289868996388861
2015-11-18,2061,1901.9280336155032,159.07196638449682,159.07196638449682
2015-11-18,790,807.6457472519077,-17.645747251907665,17.645747251907665
2015-11-18,602,544.5864689129443,57.41353108705573,57.41353108705573
2015-11-18,897,720.6017076197513,176.39829238024868,176.39829238024868
2015-11-18,379,380.68969808572365,-1.6896980857236485,1.6896980857236485
2015-11-19,622,490.40838525497503,131.59161474502497,131.59161474502497
2015-11-19,964,810.0172417146244,153.98275828537555,153.98275828537555
2015-11-19,841,806.7094321324777,34.29056786752233,34.29056786752233
2015-11-19,2881,3103.039824595724,-222.03982459572399,222.03982459572399
2015-11-19,347,396.2974905395618,-49.29749053956181,49.29749053956181
2015-11-19,1396,1286.857446771451,109.1425532285491,109.1425532285491
2015-11-19,618,601.2728062735891,16.72719372641086,16.72719372641086
2015-11-19,2222,1979.1995643317225,242.8004356682775,242.8004356682775
2015-11-19,1937,2004.9780756530067,-67.97807565300673,67.97807565300673
2015-11-19,407,356.09020566687434,50.90979433312566,50.90979433312566
2015-11-19,580,547.6781502687687,32.32184973123128,32.32184973123128
2015-11-19,1902,2071.642524189013,-169.64252418901287,169.64252418901287
2015-11-19,255,235.3345785955294,19.665421404470607,19.665421404470607
2015-11-19,1203,1303.8352876455237,-100.83528764552375,100.83528764552375
2015-11-19,867,786.969688899521,80.03031110047903,80.03031110047903
2015-11-19,2127,2019.2506158994986,107.7493841005014,107.7493841005014
2015-11-19,342,251.55114599221855,90.44885400778145,90.44885400778145
2015-11-19,845,804.2237750795406,40.77622492045941,40.77622492045941
2015-11-19,432,550.5893373046009,-118.58933730460092,118.58933730460092
2015-11-19,422,355.12116906747286,66.87883093252714,66.87883093252714
2015-11-19,786,738.5880420413116,47.41195795868839,47.41195795868839
2015-11-19,397,389.59952508260733,7.400474917392671,7.400474917392671
2015-11-19,386,327.1299885588245,58.87001144117551,58.87001144117551
2015-11-19,1951,2106.6338722650166,-155.63387226501663,155.63387226501663
2015-11-19,2170,2002.1967974164868,167.8032025835132,167.8032025835132
2015-11-19,1614,1525.792505629732,88.20749437026802,88.20749437026802
2015-11-19,2354,2384.987714852636,-30.987714852636145,30.987714852636145
2015-11-19,332,294.6742908642195,37.32570913578053,37.32570913578053
2015-11-19,748,719.009732295719,28.990267704280996,28.990267704280996
2015-11-19,417,397.87292847895736,19.127071521042637,19.127071521042637
2015-11-20,614,614.7332009911164,-0.733200991116405,0.733200991116405
2015-11-20,358,450.47296247862766,-92.47296247862766,92.47296247862766
2015-11-20,639,448.2343759585322,190.7656240414678,190.7656240414678
2015-11-20,914,947.9668321856158,-33.96683218561577,33.96683218561577
2015-11-20,2095,2346.3246923854163,-251.32469238541626,251.32469238541626
2015-11-20,589,579.4025761072467,9.59742389275334,9.59742389275334
2015-11-20,3230,3114.1610853166935,115.83891468330648,115.83891468330648
2015-11-20,3295,2373.4849470755958,921.5150529244042,921.5150529244042
2015-11-20,2704,2249.0430348529567,454.9569651470433,454.9569651470433
2015-11-20,954,991.8760880060496,-37.8760880060496,37.8760880060496
2015-11-20,907,864.7870575976804,42.21294240231964,42.21294240231964
2015-11-20,422,277.78716699075676,144.21283300924324,144.21283300924324
2015-11-20,2097,2189.2366338308047,-92.23663383080475,92.23663383080475
2015-11-20,1516,1459.967024342319,56.032975657680936,56.032975657680936
2015-11-20,288,359.1893076857399,-71.18930768573989,71.18930768573989
2015-11-20,424,447.4044647790646,-23.404464779064597,23.404464779064597
2015-11-20,447,435.49343197671897,11.506568023281034,11.506568023281034
2015-11-20,2346,2317.7266138674686,28.273386132531414,28.273386132531414
2015-11-20,862,909.9218824131524,-47.92188241315239,47.92188241315239
2015-11-20,3172,2496.8619624472244,675.1380375527756,675.1380375527756
2015-11-20,1591,1691.5962386965227,-100.59623869652273,100.59623869652273
2015-11-20,1325,1434.7887812391925,-109.78878123919253,109.78878123919253
2015-11-20,2516,2317.5067168385863,198.49328316141373,198.49328316141373
2015-11-20,835,713.3452922790484,121.65470772095159,121.65470772095159
2015-11-20,326,296.79431073445517,29.205689265544834,29.205689265544834
2015-11-20,385,394.59672347521524,-9.596723475215242,9.596723475215242
2015-11-20,379,395.15237365976776,-16.15237365976776,16.15237365976776
2015-11-20,905,816.6978447792676,88.3021552207324,88.3021552207324
2015-11-20,942,752.3820049517883,189.6179950482117,189.6179950482117
2015-11-20,1280,1039.9832377359774,240.01676226402265,240.01676226402265
2015-11-21,2708,2550.6286467042514,157.37135329574858,157.37135329574858
2015-11-21,666,644.1209859085312,21.879014091468775,21.879014091468775
2015-11-21,3206,3158.569086874427,47.43091312557317,47.43091312557317
2015-11-21,1514,1467.3636587499504,46.636341250049554,46.636341250049554
2015-11-21,348,331.2815975721372,16.718402427862827,16.718402427862827
2015-11-21,2159,1961.1469812324665,197.8530187675335,197.8530187675335
2015-11-21,289,324.5432076294326,-35.54320762943257,35.54320762943257
2015-11-21,346,457.9560361436962,-111.95603614369622,111.95603614369622
2015-11-21,2668,3269.4659106652557,-601.4659106652557,601.4659106652557
2015-11-21,543,568.9251201986148,-25.925120198614763,25.925120198614763
2015-11-21,1115,1072.7729082344167,42.22709176558328,42.22709176558328
2015-11-21,780,1121.5564272298277,-341.5564272298277,341.5564272298277
2015-11-21,1243,1177.9252629485177,65.07473705148232,65.07473705148232
2015-11-21,1222,1111.4227788816997,110.57722111830026,110.57722111830026
2015-11-21,504,477.9743091669216,26.025690833078386,26.025690833078386
2015-11-21,703,640.7455470677177,62.254452932282334,62.254452932282334
2015-11-21,1071,1057.16792003138,13.832079968620064,13.832079968620064
2015-11-21,3730,3996.1705404215313,-266.1705404215313,266.1705404215313
2015-11-21,3633,3066.8291100935444,566.1708899064556,566.1708899064556
2015-11-21,1763,1718.8698156550615,44.13018434493847,44.13018434493847
2015-11-21,386,623.3406548387516,-237.34065483875156,237.34065483875156
2015-11-21,2319,2472.551490648343,-153.55149064834313,153.55149064834313
2015-11-21,1876,1763.8286241725511,112.17137582744886,112.17137582744886
2015-11-21,755,1049.0340729202096,-294.0340729202096,294.0340729202096
2015-11-21,611,565.1089541980576,45.89104580194237,45.89104580194237
2015-11-21,2366,3276.3483800678973,-910.3483800678973,910.3483800678973
2015-11-21,2612,2862.8590653575698,-250.85906535756976,250.85906535756976
2015-11-21,201,302.322698932949,-101.32269893294898,101.32269893294898
2015-11-21,444,463.3548866789353,-19.354886678935316,19.354886678935316
2015-11-21,1012,1219.1409006010242,-207.1409006010242,207.1409006010242
2015-11-22,677,653.1190158221273,23.880984177872733,23.880984177872733
2015-11-22,2652,2559.151386375714,92.84861362428592,92.84861362428592
2015-11-22,923,822.4916761212774,100.50832387872265,100.50832387872265
2015-11-22,1469,1440.1691829908934,28.830817009106568,28.830817009106568
2015-11-22,544,441.4939680957264,102.50603190427358,102.50603190427358
2015-11-22,555,559.5769715561997,-4.576971556199737,4.576971556199737
2015-11-22,861,829.1889465601237,31.811053439876332,31.811053439876332
2015-11-22,2242,2212.456702084041,29.5432979159591,29.5432979159591
2015-11-22,301,320.00930604176125,-19.00930604176125,19.00930604176125
2015-11-22,1613,1758.2900847136036,-145.29008471360362,145.29008471360362
2015-11-22,513,465.83711130693683,47.16288869306317,47.16288869306317
2015-11-22,2757,2666.707510832791,90.29248916720917,90.29248916720917
2015-11-22,3294,3369.0623915048777,-75.06239150487772,75.06239150487772
2015-11-22,2071,1924.5674084986722,146.4325915013278,146.4325915013278
2015-11-22,2969,2626.96682485731,342.0331751426902,342.0331751426902
2015-11-22,4560,4331.836203354612,228.16379664538817,228.16379664538817
2015-11-22,2472,2419.689229602283,52.31077039771708,52.31077039771708
2015-11-22,1436,1274.6867473969778,161.3132526030222,161.3132526030222
2015-11-22,1039,1086.3486734115238,-47.348673411523805,47.348673411523805
2015-11-22,3501,3477.606731905209,23.393268094790983,23.393268094790983
2015-11-22,745,720.0707409714736,24.929259028526417,24.929259028526417
2015-11-22,1085,1138.9535804183415,-53.95358041834152,53.95358041834152
2015-11-22,475,370.88249781391573,104.11750218608427,104.11750218608427
2015-11-22,395,356.34480921937325,38.655190780626754,38.655190780626754
2015-11-22,468,450.8826427904766,17.11735720952339,17.11735720952339
2015-11-22,2579,2836.867158253109,-257.8671582531092,257.8671582531092
2015-11-22,936,966.669174651205,-30.669174651205026,30.669174651205026
2015-11-22,250,253.8018523551226,-3.8018523551226053,3.8018523551226053
2015-11-22,449,589.7464767309503,-140.74647673095035,140.74647673095035
2015-11-22,1094,1065.0675365039767,28.932463496023274,28.932463496023274
2015-11-23,823,913.6813664975699,-90.68136649756991,90.68136649756991
2015-11-23,2207,2208.0537799826843,-1.0537799826843184,1.0537799826843184
2015-11-23,2085,2059.66308556555,25.336914434450136,25.336914434450136
2015-11-23,270,299.967923542821,-29.967923542820984,29.967923542820984
2015-11-23,913,939.9030313597228,-26.90303135972283,26.90303135972283
2015-11-23,1078,936.5328731516735,141.46712684832653,141.46712684832653
2015-11-23,637,636.0346299965362,0.9653700034638177,0.9653700034638177
2015-11-23,1746,1706.191979924731,39.80802007526904,39.80802007526904
2015-11-23,1611,1496.3160089664366,114.68399103356342,114.68399103356342
2015-11-23,484,457.22309163896097,26.776908361039034,26.776908361039034
2015-11-23,750,793.4858076777691,-43.48580767776912,43.48580767776912
2015-11-23,667,582.1748460435942,84.82515395640576,84.82515395640576
2015-11-23,908,873.4891642816292,34.5108357183708,34.5108357183708
2015-11-23,2896,2334.89975910714,561.1002408928598,561.1002408928598
2015-11-23,3343,3540.447688141151,-197.44768814115105,197.44768814115105
2015-11-23,356,347.57424268118723,8.42575731881277,8.42575731881277
2015-11-23,2248,2287.0168592297096,-39.01685922970955,39.01685922970955
2015-11-23,633,502.5098199442266,130.4901800557734,130.4901800557734
2015-11-23,2133,2089.8932528968935,43.1067471031065,43.1067471031065
2015-11-23,2331,2375.09152769372,-44.091527693719854,44.091527693719854
2015-11-23,866,943.6557603055286,-77.65576030552859,77.65576030552859
2015-11-23,415,425.3254527471335,-10.325452747133511,10.325452747133511
2015-11-23,224,246.60956486193902,-22.60956486193902,22.60956486193902
2015-11-23,243,273.0075698276818,-30.007569827681777,30.007569827681777
2015-11-23,367,351.10427819205603,15.895721807943971,15.895721807943971
2015-11-23,642,582.528935407659,59.47106459234101,59.47106459234101
2015-11-23,2122,2107.0717575052295,14.92824249477053,14.92824249477053
2015-11-23,1473,1441.8743736262509,31.125626373749128,31.125626373749128
2015-11-23,273,336.1679510505369,-63.167951050536885,63.167951050536885
2015-11-23,396,395.0965537659855,0.9034462340144955,0.9034462340144955
2015-11-24,606,537.4182310263076,68.58176897369242,68.58176897369242
2015-11-24,875,732.2643890544574,142.7356109455426,142.7356109455426
2015-11-24,836,660.9828409765082,175.01715902349179,175.01715902349179
2015-11-24,1309,1395.3447499380861,-86.34474993808612,86.34474993808612
2015-11-24,1467,1394.3051722428133,72.69482775718666,72.69482775718666
2015-11-24,393,343.72660871872233,49.27339128127767,49.27339128127767
2015-11-24,416,304.8112479713552,111.18875202864479,111.18875202864479
2015-11-24,256,210.8336363271697,45.1663636728303,45.1663636728303
2015-11-24,808,699.3292869139548,108.67071308604523,108.67071308604523
2015-11-24,2368,2129.0197573933315,238.98024260666853,238.98024260666853
2015-11-24,2125,1891.535101694477,233.4648983055231,233.4648983055231
2015-11-24,2084,1986.1238956893155,97.87610431068447,97.87610431068447
2015-11-24,658,573.0055142975982,84.99448570240179,84.99448570240179
2015-11-24,469,414.20047490248976,54.79952509751024,54.79952509751024
2015-11-24,2301,2198.326254530776,102.67374546922383,102.67374546922383
2015-11-24,494,420.02803274556794,73.97196725443206,73.97196725443206
2015-11-24,749,740.6273239172157,8.372676082784324,8.372676082784324
2015-11-24,351,341.3241441146508,9.675855885349222,9.675855885349222
2015-11-24,827,839.2272515225068,-12.227251522506776,12.227251522506776
2015-11-24,2176,2028.422955001485,147.57704499851502,147.57704499851502
2015-11-24,473,503.6953104469699,-30.695310446969927,30.695310446969927
2015-11-24,685,562.2067451177325,122.79325488226755,122.79325488226755
2015-11-24,3249,3151.985156836871,97.01484316312917,97.01484316312917
2015-11-24,262,233.91180210223354,28.088197897766463,28.088197897766463
2015-11-24,744,734.5494432871621,9.450556712837852,9.450556712837852
2015-11-24,324,271.84316156078773,52.156838439212265,52.156838439212265
2015-11-24,2642,2449.5261375670325,192.4738624329675,192.4738624329675
2015-11-24,1718,1485.005691362844,232.9943086371561,232.9943086371561
2015-11-24,2258,2027.690182799862,230.309817200138,230.309817200138
2015-11-24,299,365.7731905825185,-66.77319058251851,66.77319058251851
2015-11-25,461,337.2352548566533,123.76474514334672,123.76474514334672
2015-11-25,444,402.4462157659607,41.55378423403931,41.55378423403931
2015-11-25,760,596.7805416052437,163.21945839475632,163.21945839475632
2015-11-25,939,742.1231583701033,196.87684162989672,196.87684162989672
2015-11-25,2768,2265.1281255547906,502.8718744452094,502.8718744452094
2015-11-25,863,796.7870612028997,66.21293879710026,66.21293879710026
2015-11-25,3101,2432.995323184741,668.0046768152588,668.0046768152588
2015-11-25,2091,1666.145807599512,424.85419240048805,424.85419240048805
2015-11-25,802,823.7462409385629,-21.74624093856289,21.74624093856289
2015-11-25,2522,2132.849299358438,389.1507006415618,389.1507006415618
2015-11-25,884,749.5811557953707,134.4188442046293,134.4188442046293
2015-11-25,511,336.453374570514,174.54662542948603,174.54662542948603
2015-11-25,474,495.8659576057558,-21.865957605755796,21.865957605755796
2015-11-25,846,579.8361169578419,266.1638830421581,266.1638830421581
2015-11-25,1333,1354.8848108577442,-21.88481085774424,21.88481085774424
2015-11-25,2641,2154.653010899276,486.34698910072393,486.34698910072393
2015-11-25,309,312.7661696623953,-3.7661696623953276,3.7661696623953276
2015-11-25,220,239.31585936594863,-19.315859365948626,19.315859365948626
2015-11-25,373,364.1216955603805,8.878304439619512,8.878304439619512
2015-11-25,3014,2099.531876232444,914.4681237675559,914.4681237675559
2015-11-25,682,582.0414599704548,99.95854002954525,99.95854002954525
2015-11-25,3836,2794.147490036983,1041.852509963017,1041.852509963017
2015-11-25,295,245.10508145204895,49.89491854795105,49.89491854795105
2015-11-25,955,779.6976948913552,175.30230510864476,175.30230510864476
2015-11-25,2699,2247.1867583100775,451.8132416899225,451.8132416899225
2015-11-25,2705,1951.3517551920495,753.6482448079505,753.6482448079505
2015-11-25,1672,1370.545179358227,301.45482064177304,301.45482064177304
2015-11-25,525,442.48966351159066,82.51033648840934,82.51033648840934
2015-11-25,981,858.9862999106596,122.01370008934043,122.01370008934043
2015-11-25,418,344.95981536761855,73.04018463238145,73.04018463238145
2015-11-26,535,540.9807710305101,-5.980771030510141,5.980771030510141
2015-11-26,1668,1947.8901294952634,-279.8901294952634,279.8901294952634
2015-11-26,627,746.9062376173191,-119.9062376173191,119.9062376173191
2015-11-26,201,331.9734364074638,-130.9734364074638,130.9734364074638
2015-11-26,428,828.6858283278482,-400.6858283278482,400.6858283278482
2015-11-26,1021,1302.0755414071596,-281.07554140715956,281.07554140715956
2015-11-26,1772,1548.2145009966398,223.7854990033602,223.7854990033602
2015-11-26,80,213.27474114165938,-133.27474114165938,133.27474114165938
2015-11-26,185,338.76948058081746,-153.76948058081746,153.76948058081746
2015-11-26,263,385.5070777876933,-122.50707778769328,122.50707778769328
2015-11-26,1293,2126.9960737907354,-833.9960737907354,833.9960737907354
2015-11-26,187,388.62494072864394,-201.62494072864394,201.62494072864394
2015-11-26,190,312.515803941242,-122.51580394124198,122.51580394124198
2015-11-26,420,703.8852803898894,-283.88528038988943,283.88528038988943
2015-11-26,1525,2099.8469706152305,-574.8469706152305,574.8469706152305
2015-11-26,893,1193.5796721176725,-300.57967211767254,300.57967211767254
2015-11-26,466,757.7705654427308,-291.7705654427308,291.7705654427308
2015-11-26,1214,1911.9944635674378,-697.9944635674378,697.9944635674378
2015-11-26,160,441.07614196673563,-281.07614196673563,281.07614196673563
2015-11-26,770,708.2680482423677,61.73195175763226,61.73195175763226
2015-11-26,234,519.6483743760325,-285.6483743760325,285.6483743760325
2015-11-26,123,330.9495577406743,-207.94955774067432,207.94955774067432
2015-11-26,125,222.66230420798993,-97.66230420798993,97.66230420798993
2015-11-26,2138,2037.469129640823,100.53087035917702,100.53087035917702
2015-11-26,2547,2857.8041114735774,-310.80411147357745,310.80411147357745
2015-11-26,539,757.4158900470771,-218.41589004707714,218.41589004707714
2015-11-26,1580,2149.5561169870784,-569.5561169870784,569.5561169870784
2015-11-26,2031,2070.923002154483,-39.92300215448313,39.92300215448313
2015-11-26,146,242.33357297913486,-96.33357297913486,96.33357297913486
2015-11-26,270,557.9810629596188,-287.98106295961884,287.98106295961884
2015-11-27,652,879.1903362073139,-227.19033620731386,227.19033620731386
2015-11-27,1642,2181.5681300848737,-539.5681300848737,539.5681300848737
2015-11-27,283,425.6831002813198,-142.6831002813198,142.6831002813198
2015-11-27,273,364.50152426628165,-91.50152426628165,91.50152426628165
2015-11-27,283,319.984176552873,-36.98417655287301,36.98417655287301
2015-11-27,1529,1955.1125105311332,-426.11251053113324,426.11251053113324
2015-11-27,301,405.302321028908,-104.30232102890801,104.30232102890801
2015-11-27,1848,2322.2879763462884,-474.28797634628836,474.28797634628836
2015-11-27,1285,1599.9211245831916,-314.9211245831916,314.9211245831916
2015-11-27,302,451.2052191999052,-149.20521919990517,149.20521919990517
2015-11-27,316,378.7598428503683,-62.75984285036827,62.75984285036827
2015-11-27,772,833.4799486609994,-61.47994866099941,61.47994866099941
2015-11-27,954,892.375616813157,61.62438318684303,61.62438318684303
2015-11-27,836,1161.1424790265357,-325.14247902653574,325.14247902653574
2015-11-27,616,773.7486319735739,-157.74863197357388,157.74863197357388
2015-11-27,304,354.72481962032293,-50.72481962032293,50.72481962032293
2015-11-27,726,790.9414839708882,-64.94148397088816,64.94148397088816
2015-11-27,310,312.1307746964734,-2.130774696473395,2.130774696473395
2015-11-27,606,826.4148341644476,-220.4148341644476,220.4148341644476
2015-11-27,2340,2682.236429953858,-342.2364299538581,342.2364299538581
2015-11-27,2134,2127.1386382541546,6.861361745845443,6.861361745845443
2015-11-27,909,1332.5512094358003,-423.5512094358003,423.5512094358003
2015-11-27,1845,2122.7194993334515,-277.7194993334515,277.7194993334515
2015-11-27,821,870.028430140192,-49.02843014019197,49.02843014019197
2015-11-27,1510,1922.9896147414372,-412.9896147414372,412.9896147414372
2015-11-27,1805,2054.719199441973,-249.71919944197316,249.71919944197316
2015-11-27,412,540.0956661191311,-128.09566611913112,128.09566611913112
2015-11-27,402,570.7163706796835,-168.71637067968345,168.71637067968345
2015-11-27,1220,1257.418557876553,-37.418557876552995,37.418557876552995
2015-11-27,345,335.70971711319436,9.290282886805642,9.290282886805642
2015-11-28,880,937.1789739387118,-57.178973938711806,57.178973938711806
2015-11-28,978,1040.5615624780278,-62.56156247802778,62.56156247802778
2015-11-28,846,959.2073705419094,-113.20737054190943,113.20737054190943
2015-11-28,486,454.84508992388345,31.15491007611655,31.15491007611655
2015-11-28,2476,2843.6321516545395,-367.6321516545395,367.6321516545395
2015-11-28,1204,1397.754876588807,-193.75487658880706,193.75487658880706
2015-11-28,2388,2215.635127490628,172.36487250937216,172.36487250937216
2015-11-28,629,607.8545298831723,21.14547011682771,21.14547011682771
2015-11-28,499,678.3347982524436,-179.33479825244365,179.33479825244365
2015-11-28,802,815.0762786229334,-13.076278622933387,13.076278622933387
2015-11-28,1122,1568.7008617744916,-446.7008617744916,446.7008617744916
2015-11-28,1426,1642.6431898482622,-216.64318984826218,216.64318984826218
2015-11-28,1578,1618.1268831466305,-40.12688314663046,40.12688314663046
2015-11-28,1994,1861.4268481397978,132.5731518602022,132.5731518602022
2015-11-28,764,801.9178077603696,-37.917807760369556,37.917807760369556
2015-11-28,434,449.82243497455187,-15.822434974551868,15.822434974551868
2015-11-28,478,446.71833453314616,31.281665466853838,31.281665466853838
2015-11-28,371,359.94834554257886,11.051654457421137,11.051654457421137
2015-11-28,292,311.55217371102253,-19.552173711022533,19.552173711022533
2015-11-28,2139,2104.188631469882,34.811368530118216,34.811368530118216
2015-11-28,881,957.483650985494,-76.48365098549402,76.48365098549402
2015-11-28,2205,2336.370993475925,-131.37099347592493,131.37099347592493
2015-11-28,487,513.5335871184308,-26.533587118430773,26.533587118430773
2015-11-28,2295,2203.965413249669,91.03458675033107,91.03458675033107
2015-11-28,2998,3074.285892810068,-76.28589281006816,76.28589281006816
2015-11-28,1787,2015.8867261292187,-228.8867261292187,228.8867261292187
2015-11-28,223,314.68336344798877,-91.68336344798877,91.68336344798877
2015-11-28,955,1004.949876516585,-49.94987651658505,49.94987651658505
2015-11-28,230,224.48777161466165,5.5122283853383465,5.5122283853383465
2015-11-28,365,409.7316577638614,-44.73165776386139,44.73165776386139
2015-11-29,488,504.4134557391971,-16.413455739197104,16.413455739197104
2015-11-29,410,426.62954674843576,-16.629546748435757,16.629546748435757
2015-11-29,2234,2298.80845441323,-64.80845441322981,64.80845441322981
2015-11-29,2847,2675.139222413249,171.86077758675083,171.86077758675083
2015-11-29,866,1038.552943675549,-172.55294367554893,172.55294367554893
2015-11-29,1760,1818.6788642053264,-58.67886420532636,58.67886420532636
2015-11-29,1173,1132.0024752059026,40.997524794097444,40.997524794097444
2015-11-29,1520,1454.3740177917448,65.62598220825521,65.62598220825521
2015-11-29,1027,1020.844775475419,6.1552245245809445,6.1552245245809445
2015-11-29,412,477.8659205375272,-65.86592053752719,65.86592053752719
2015-11-29,565,614.1087441819227,-49.1087441819227,49.1087441819227
2015-11-29,833,837.4507223398258,-4.450722339825802,4.450722339825802
2015-11-29,3555,3549.1330162123727,5.866983787627305,5.866983787627305
2015-11-29,221,261.6053881874212,-40.60538818742123,40.60538818742123
2015-11-29,757,809.4072449484776,-52.40724494847757,52.40724494847757
2015-11-29,828,1012.100891434202,-184.10089143420203,184.10089143420203
2015-11-29,1851,1759.1680059636376,91.8319940363624,91.8319940363624
2015-11-29,470,404.61736381820776,65.38263618179224,65.38263618179224
2015-11-29,265,218.90604737845646,46.09395262154354,46.09395262154354
2015-11-29,2703,2443.896738901392,259.1032610986081,259.1032610986081
2015-11-29,952,916.0231567041593,35.976843295840695,35.976843295840695
2015-11-29,354,332.0458525263348,21.954147473665216,21.954147473665216
2015-11-29,1223,1323.740272033764,-100.74027203376409,100.74027203376409
2015-11-29,2274,2192.5914758474596,81.4085241525404,81.4085241525404
2015-11-29,346,353.7233073121742,-7.7233073121741995,7.7233073121741995
2015-11-29,429,415.0044061667309,13.995593833269083,13.995593833269083
2015-11-29,585,644.1061669955096,-59.106166995509625,59.106166995509625
2015-11-29,2247,2277.4755987754297,-30.475598775429717,30.475598775429717
2015-11-29,2587,2649.7057284036855,-62.7057284036855,62.7057284036855
2015-11-29,2000,2202.2109148426694,-202.21091484266935,202.21091484266935
2015-11-30,1515,1391.0843965663128,123.91560343368724,123.91560343368724
2015-11-30,1414,1262.4526177235596,151.54738227644043,151.54738227644043
2015-11-30,372,355.2386100705151,16.761389929484892,16.761389929484892
2015-11-30,1894,1782.9140145482222,111.08598545177779,111.08598545177779
2015-11-30,2020,1810.8495521521365,209.15044784786346,209.15044784786346
2015-11-30,250,289.0532978115013,-39.053297811501295,39.053297811501295
2015-11-30,2185,1717.6839989709613,467.3160010290387,467.3160010290387
2015-11-30,841,761.2203219641837,79.77967803581635,79.77967803581635
2015-11-30,395,351.5063240019421,43.49367599805788,43.49367599805788
2015-11-30,2245,2178.3117297767926,66.68827022320738,66.68827022320738
2015-11-30,2064,1884.09680303876,179.90319696123993,179.90319696123993
2015-11-30,759,876.1082758436337,-117.10827584363369,117.10827584363369
2015-11-30,1936,1731.9272833363677,204.07271666363226,204.07271666363226
2015-11-30,3053,2937.8625970689404,115.13740293105957,115.13740293105957
2015-11-30,929,810.4255839314606,118.57441606853945,118.57441606853945
2015-11-30,314,350.6991165025214,-36.699116502521406,36.699116502521406
2015-11-30,453,458.11026541051825,-5.110265410518252,5.110265410518252
2015-11-30,583,595.7538212584162,-12.753821258416224,12.753821258416224
2015-11-30,671,506.0845809635396,164.91541903646038,164.91541903646038
2015-11-30,487,538.2390600320726,-51.23906003207264,51.23906003207264
2015-11-30,810,840.0986898182324,-30.0986898182324,30.0986898182324
2015-11-30,366,243.0511611724048,122.94883882759521,122.94883882759521
2015-11-30,579,633.3040476233024,-54.30404762330238,54.30404762330238
2015-11-30,220,224.37407558406284,-4.374075584062837,4.374075584062837
2015-11-30,864,873.2886586636126,-9.288658663612637,9.288658663612637
2015-11-30,890,932.6527529839805,-42.65275298398046,42.65275298398046
2015-11-30,1889,1807.2954341369066,81.70456586309342,81.70456586309342
2015-11-30,1297,1378.8635855270481,-81.86358552704814,81.86358552704814
2015-11-30,412,404.9185836318387,7.081416368161285,7.081416368161285
2015-11-30,309,322.02681870700394,-13.02681870700394,13.02681870700394
2015-12-01,704,574.7842224775288,129.21577752247117,129.21577752247117
2015-12-01,383,329.69132618038515,53.30867381961485,53.30867381961485
2015-12-01,656,637.8020607983652,18.197939201634767,18.197939201634767
2015-12-01,241,326.4879225787959,-85.48792257879592,85.48792257879592
2015-12-01,2297,2440.0116333306305,-143.0116333306305,143.0116333306305
2015-12-01,436,332.94265429152347,103.05734570847653,103.05734570847653
2015-12-01,900,850.1388413103256,49.861158689674426,49.861158689674426
2015-12-01,2414,2561.4494301103086,-147.44943011030864,147.44943011030864
2015-12-01,2108,2100.3339156994166,7.666084300583407,7.666084300583407
2015-12-01,898,874.9366332162618,23.06336678373816,23.06336678373816
2015-12-01,470,383.5210054153256,86.47899458467441,86.47899458467441
2015-12-01,1013,920.3916878567898,92.60831214321024,92.60831214321024
2015-12-01,2154,2222.15114641212,-68.15114641211994,68.15114641211994
2015-12-01,3174,3428.3723534672886,-254.37235346728858,254.37235346728858
2015-12-01,1303,1507.5317038532305,-204.5317038532305,204.5317038532305
2015-12-01,280,275.2945136182553,4.70548638174472,4.70548638174472
2015-12-01,675,665.1988787565568,9.801121243443163,9.801121243443163
2015-12-01,493,484.47979518086834,8.520204819131663,8.520204819131663
2015-12-01,1454,1535.1186317301372,-81.11863173013717,81.11863173013717
2015-12-01,447,525.7101072216601,-78.71010722166011,78.71010722166011
2015-12-01,1917,2239.43959237491,-322.4395923749098,322.4395923749098
2015-12-01,1613,1690.2226438713437,-77.22264387134373,77.22264387134373
2015-12-01,878,937.4650579647744,-59.46505796477436,59.46505796477436
2015-12-01,1351,977.8374292260972,373.16257077390276,373.16257077390276
2015-12-01,795,831.457396327455,-36.457396327454944,36.457396327454944
2015-12-01,323,387.82097187407817,-64.82097187407817,64.82097187407817
2015-12-01,800,750.1159617844381,49.88403821556187,49.88403821556187
2015-12-01,253,311.5607177807761,-58.56071778077609,58.56071778077609
2015-12-01,2083,2278.388587982262,-195.38858798226192,195.38858798226192
2015-12-01,2305,2132.018871151691,172.9811288483088,172.9811288483088
2015-12-02,906,941.7104239333717,-35.71042393337166,35.71042393337166
2015-12-02,3062,3382.6433900771235,-320.6433900771235,320.6433900771235
2015-12-02,3623,3087.665975841142,535.334024158858,535.334024158858
2015-12-02,806,930.728644168364,-124.72864416836399,124.72864416836399
2015-12-02,2044,2085.2780194212805,-41.27801942128053,41.27801942128053
2015-12-02,550,650.3789067071118,-100.37890670711181,100.37890670711181
2015-12-02,1991,2029.124748220528,-38.12474822052809,38.12474822052809
2015-12-02,315,407.8906088626267,-92.89060886262672,92.89060886262672
2015-12-02,969,1064.6188645260904,-95.61886452609042,95.61886452609042
2015-12-02,472,416.85951235090323,55.14048764909677,55.14048764909677
2015-12-02,414,465.4627980711856,-51.4627980711856,51.4627980711856
2015-12-02,1907,2052.3116700434903,-145.31167004349027,145.31167004349027
2015-12-02,1446,1612.874557117231,-166.874557117231,166.874557117231
2015-12-02,841,850.4078793446405,-9.407879344640492,9.407879344640492
2015-12-02,188,289.4923812610421,-101.49238126104211,101.49238126104211
2015-12-02,707,910.4973206036436,-203.49732060364363,203.49732060364363
2015-12-02,509,589.1589064251792,-80.15890642517923,80.15890642517923
2015-12-02,2478,2385.302051453784,92.69794854621614,92.69794854621614
2015-12-02,831,950.9603217424586,-119.96032174245863,119.96032174245863
2015-12-02,1300,1378.3411654283304,-78.34116542833044,78.34116542833044
2015-12-02,258,307.391652962546,-49.391652962546004,49.391652962546004
2015-12-02,356,390.00331381789806,-34.00331381789806,34.00331381789806
2015-12-02,272,278.4714307581734,-6.471430758173426,6.471430758173426
2015-12-02,304,407.6351008463128,-103.63510084631281,103.63510084631281
2015-12-02,614,769.7486324731359,-155.7486324731359,155.7486324731359
2015-12-02,1524,1424.07945246507,99.92054753492994,99.92054753492994
2015-12-02,607,689.5113704190915,-82.51137041909146,82.51137041909146
2015-12-02,2323,2299.387894186426,23.61210581357409,23.61210581357409
2015-12-02,396,372.9136758384539,23.086324161546088,23.086324161546088
2015-12-02,1719,1999.4673113978965,-280.46731139789654,280.46731139789654
2015-12-03,927,699.2808962871013,227.7191037128987,227.7191037128987
2015-12-03,1352,903.685468321575,448.31453167842506,448.31453167842506
2015-12-03,971,843.443968464817,127.55603153518302,127.55603153518302
2015-12-03,2244,2067.966536176682,176.03346382331802,176.03346382331802
2015-12-03,859,811.7088791107935,47.29112088920647,47.29112088920647
2015-12-03,1604,1712.989357463578,-108.98935746357802,108.98935746357802
2015-12-03,455,385.42625436336056,69.57374563663944,69.57374563663944
2015-12-03,843,884.5210398050014,-41.52103980500135,41.52103980500135
2015-12-03,464,390.3974556747896,73.60254432521037,73.60254432521037
2015-12-03,1880,2183.4331220069785,-303.43312200697846,303.43312200697846
2015-12-03,2055,2173.422685814109,-118.42268581410917,118.42268581410917
2015-12-03,647,506.74122350179783,140.25877649820217,140.25877649820217
2015-12-03,421,348.18433964836083,72.81566035163917,72.81566035163917
2015-12-03,469,405.8560933432287,63.14390665677132,63.14390665677132
2015-12-03,3946,3198.862168492847,747.1378315071529,747.1378315071529
2015-12-03,311,261.3643288131753,49.63567118682471,49.63567118682471
2015-12-03,373,293.526779891,79.47322010900001,79.47322010900001
2015-12-03,913,801.2032420548348,111.79675794516515,111.79675794516515
2015-12-03,593,543.0543535932336,49.9456464067664,49.9456464067664
2015-12-03,498,434.38567758979167,63.61432241020833,63.61432241020833
2015-12-03,806,580.1988165339131,225.80118346608685,225.80118346608685
2015-12-03,1329,1368.7840564691169,-39.78405646911688,39.78405646911688
2015-12-03,2185,2385.7424298686296,-200.74242986862964,200.74242986862964
2015-12-03,2484,2172.6148939520235,311.3851060479765,311.3851060479765
2015-12-03,1501,1519.2469713969797,-18.24697139697969,18.24697139697969
2015-12-03,1000,840.842490694961,159.15750930503896,159.15750930503896
2015-12-03,280,259.6812065302558,20.318793469744207,20.318793469744207
2015-12-03,436,401.78582304224426,34.21417695775574,34.21417695775574
2015-12-03,2788,2856.804395029665,-68.8043950296651,68.8043950296651
2015-12-03,3395,3166.695975952016,228.30402404798406,228.30402404798406
2015-12-04,1924,2132.424830128468,-208.42483012846787,208.42483012846787
2015-12-04,2489,2499.4733219972045,-10.473321997204494,10.473321997204494
2015-12-04,261,328.7345628113317,-67.73456281133173,67.73456281133173
2015-12-04,501,469.8162553501677,31.183744649832306,31.183744649832306
2015-12-04,554,416.78172087183617,137.21827912816383,137.21827912816383
2015-12-04,1327,990.539400950229,336.46059904977096,336.46059904977096
2015-12-04,847,906.5866841762278,-59.58668417622778,59.58668417622778
2015-12-04,319,296.7469638753827,22.253036124617324,22.253036124617324
2015-12-04,1209,1160.6801848956156,48.31981510438436,48.31981510438436
2015-12-04,980,919.3309123479011,60.66908765209894,60.66908765209894
2015-12-04,463,390.99254067942024,72.00745932057976,72.00745932057976
2015-12-04,1057,839.6486475533196,217.35135244668038,217.35135244668038
2015-12-04,1695,1432.1801531550623,262.81984684493773,262.81984684493773
2015-12-04,1599,1554.4620335501866,44.53796644981344,44.53796644981344
2015-12-04,984,872.4564614470142,111.54353855298575,111.54353855298575
2015-12-04,2926,2427.973305256666,498.0266947433338,498.0266947433338
2015-12-04,906,805.9707639690555,100.0292360309445,100.0292360309445
2015-12-04,549,444.957553035141,104.04244696485898,104.04244696485898
2015-12-04,399,406.7334110470188,-7.733411047018819,7.733411047018819
2015-12-04,907,764.1617640219807,142.83823597801927,142.83823597801927
2015-12-04,331,321.755442463724,9.244557536275977,9.244557536275977
2015-12-04,1506,1360.8423240555708,145.15767594442923,145.15767594442923
2015-12-04,321,381.4383248400955,-60.438324840095504,60.438324840095504
2015-12-04,2503,2647.391636403039,-144.39163640303877,144.39163640303877
2015-12-04,710,584.9663113351152,125.03368866488483,125.03368866488483
2015-12-04,3344,3387.6081880895995,-43.60818808959948,43.60818808959948
2015-12-04,2778,3282.8256287326208,-504.82562873262077,504.82562873262077
2015-12-04,2434,2285.849197042996,148.1508029570041,148.1508029570041
2015-12-04,538,581.5082933166877,-43.50829331668774,43.50829331668774
2015-12-04,1826,2135.8219418103263,-309.8219418103263,309.8219418103263
2015-12-05,956,691.6641530065663,264.33584699343373,264.33584699343373
2015-12-05,471,401.690468029355,69.30953197064503,69.30953197064503
2015-12-05,648,518.7269947564088,129.27300524359123,129.27300524359123
2015-12-05,1493,1618.0932974339535,-125.09329743395347,125.09329743395347
2015-12-05,309,275.26871248235557,33.73128751764443,33.73128751764443
2015-12-05,378,308.53367436761624,69.46632563238376,69.46632563238376
2015-12-05,3697,3612.705761251113,84.29423874888698,84.29423874888698
2015-12-05,730,648.551638105251,81.44836189474904,81.44836189474904
2015-12-05,2077,1946.4421219929177,130.5578780070823,130.5578780070823
2015-12-05,1296,1182.2467410650518,113.75325893494824,113.75325893494824
2015-12-05,520,549.4910615360242,-29.491061536024176,29.491061536024176
2015-12-05,443,504.58027046738476,-61.580270467384764,61.580270467384764
2015-12-05,1305,1190.7043009077863,114.29569909221368,114.29569909221368
2015-12-05,3498,3147.7844225870135,350.2155774129865,350.2155774129865
2015-12-05,1055,952.0540645674961,102.94593543250392,102.94593543250392
2015-12-05,3590,3034.2303292046895,555.7696707953105,555.7696707953105
2015-12-05,540,569.1223048047236,-29.122304804723626,29.122304804723626
2015-12-05,2400,2508.3670734260495,-108.3670734260495,108.3670734260495
2015-12-05,1951,1996.887834238499,-45.887834238498954,45.887834238498954
2015-12-05,1027,1099.422005666062,-72.42200566606198,72.42200566606198
2015-12-05,992,1027.6103953449174,-35.61039534491738,35.61039534491738
2015-12-05,374,356.5178314233691,17.482168576630897,17.482168576630897
2015-12-05,1585,1507.878116510493,77.1218834895069,77.1218834895069
2015-12-05,3251,3283.6684761126758,-32.66847611267576,32.66847611267576
2015-12-05,3930,4127.04958299995,-197.04958299994996,197.04958299994996
2015-12-05,978,914.8562956604403,63.14370433955969,63.14370433955969
2015-12-05,3423,3077.01252536691,345.9874746330902,345.9874746330902
2015-12-05,2508,2724.856130023852,-216.85613002385207,216.85613002385207
2015-12-05,1162,1130.6407152913723,31.359284708627683,31.359284708627683
2015-12-05,438,465.8101322426638,-27.810132242663826,27.810132242663826
2015-12-06,3340,3033.143385000493,306.8566149995072,306.8566149995072
2015-12-06,4244,3834.530325984856,409.46967401514394,409.46967401514394
2015-12-06,3564,3400.58725412536,163.41274587464022,163.41274587464022
2015-12-06,422,408.4631493013028,13.536850698697208,13.536850698697208
2015-12-06,702,627.9868821647848,74.01311783521521,74.01311783521521
2015-12-06,4562,4442.025328563272,119.97467143672839,119.97467143672839
2015-12-06,3213,3308.469527738542,-95.46952773854218,95.46952773854218
2015-12-06,670,766.6896556939971,-96.68965569399711,96.68965569399711
2015-12-06,278,312.18649663136813,-34.18649663136813,34.18649663136813
2015-12-06,1690,1634.3132253419712,55.68677465802875,55.68677465802875
2015-12-06,987,1078.794839567741,-91.79483956774106,91.79483956774106
2015-12-06,2921,2795.448283113447,125.5517168865531,125.5517168865531
2015-12-06,1061,975.4843634380853,85.51563656191468,85.51563656191468
2015-12-06,438,378.3681508200912,59.631849179908784,59.631849179908784
2015-12-06,592,508.79049874305275,83.20950125694725,83.20950125694725
2015-12-06,1213,1235.7849543560294,-22.784954356029402,22.784954356029402
2015-12-06,887,854.4185839196045,32.581416080395456,32.581416080395456
2015-12-06,392,463.0749236264762,-71.07492362647622,71.07492362647622
2015-12-06,1156,1111.721237077568,44.27876292243195,44.27876292243195
2015-12-06,2102,2109.0686763859944,-7.068676385994422,7.068676385994422
2015-12-06,1540,1481.1840546939072,58.81594530609277,58.81594530609277
2015-12-06,2588,2648.1481955537,-60.148195553700134,60.148195553700134
2015-12-06,1254,1112.4272422731585,141.57275772684147,141.57275772684147
2015-12-06,950,892.6657085445883,57.334291455411744,57.334291455411744
2015-12-06,473,456.49902853403046,16.500971465969542,16.500971465969542
2015-12-06,677,488.9560891438903,188.04391085610968,188.04391085610968
2015-12-06,275,265.09232932841013,9.90767067158987,9.90767067158987
2015-12-06,3437,3643.286945549661,-206.28694554966114,206.28694554966114
2015-12-06,2235,2219.80090292426,15.199097075740156,15.199097075740156
2015-12-06,552,529.5036128089588,22.496387191041208,22.496387191041208
2015-12-07,268,297.4790594364791,-29.479059436479076,29.479059436479076
2015-12-07,423,366.31174801847726,56.68825198152274,56.68825198152274
2015-12-07,608,645.9130257229377,-37.91302572293773,37.91302572293773
2015-12-07,490,587.2141342888415,-97.21413428884148,97.21413428884148
2015-12-07,238,272.526911715803,-34.52691171580301,34.52691171580301
2015-12-07,804,836.540210314431,-32.540210314430965,32.540210314430965
2015-12-07,2351,2375.8542878653857,-24.854287865385686,24.854287865385686
2015-12-07,2640,2619.8755926439107,20.12440735608925,20.12440735608925
2015-12-07,456,446.778397003973,9.221602996027002,9.221602996027002
2015-12-07,837,990.7811651209277,-153.78116512092765,153.78116512092765
2015-12-07,393,376.08959686124825,16.910403138751747,16.910403138751747
2015-12-07,3415,3744.415569772253,-329.4155697722531,329.4155697722531
2015-12-07,890,921.2437807544462,-31.24378075444622,31.24378075444622
2015-12-07,1643,1490.7844920485054,152.2155079514946,152.2155079514946
2015-12-07,1651,1741.1592421493597,-90.15924214935967,90.15924214935967
2015-12-07,937,899.7085635718549,37.29143642814506,37.29143642814506
2015-12-07,790,859.2585893132751,-69.25858931327514,69.25858931327514
2015-12-07,2153,2669.1830306781085,-516.1830306781085,516.1830306781085
2015-12-07,520,580.0357896729391,-60.03578967293913,60.03578967293913
2015-12-07,2938,3131.9569167611353,-193.9569167611353,193.9569167611353
2015-12-07,2027,2347.6165492714035,-320.6165492714035,320.6165492714035
2015-12-07,2386,2317.6630451043525,68.33695489564752,68.33695489564752
2015-12-07,1526,1549.2228209277835,-23.22282092778346,23.22282092778346
2015-12-07,382,351.08160463827994,30.91839536172006,30.91839536172006
2015-12-07,2063,2334.1158048873854,-271.11580488738537,271.11580488738537
2015-12-07,311,354.52246623544767,-43.522466235447666,43.522466235447666
2015-12-07,1043,853.2745560475038,189.72544395249622,189.72544395249622
2015-12-07,613,615.4865912263065,-2.486591226306473,2.486591226306473
2015-12-07,228,220.32474117358592,7.67525882641408,7.67525882641408
2015-12-07,384,329.80715551210767,54.19284448789233,54.19284448789233
2015-12-08,772,863.4765080047536,-91.47650800475355,91.47650800475355
2015-12-08,3483,3189.6518848157607,293.3481151842393,293.3481151842393
2015-12-08,2260,2566.176669534082,-306.17666953408207,306.17666953408207
2015-12-08,632,812.9749146765658,-180.97491467656585,180.97491467656585
2015-12-08,772,863.9221213274229,-91.92212132742293,91.92212132742293
2015-12-08,1249,1457.9089386675982,-208.90893866759825,208.90893866759825
2015-12-08,916,852.2143009991644,63.78569900083562,63.78569900083562
2015-12-08,402,331.8682434244557,70.13175657554427,70.13175657554427
2015-12-08,283,373.5226606053882,-90.52266060538818,90.52266060538818
2015-12-08,200,277.9495319045621,-77.9495319045621,77.9495319045621
2015-12-08,538,534.5651155213473,3.434884478652748,3.434884478652748
2015-12-08,1373,1500.1416909621366,-127.14169096213664,127.14169096213664
2015-12-08,606,640.1964373844543,-34.19643738445427,34.19643738445427
2015-12-08,531,560.2160658988533,-29.216065898853344,29.216065898853344
2015-12-08,2447,2366.9249678773085,80.07503212269148,80.07503212269148
2015-12-08,788,921.6749196544038,-133.67491965440377,133.67491965440377
2015-12-08,455,402.374060017254,52.62593998274599,52.62593998274599
2015-12-08,1915,2206.8495677656215,-291.8495677656215,291.8495677656215
2015-12-08,1919,2139.4617549805366,-220.46175498053663,220.46175498053663
2015-12-08,3337,3536.039212685443,-199.0392126854431,199.0392126854431
2015-12-08,361,360.20978077358757,0.7902192264124324,0.7902192264124324
2015-12-08,414,454.24921160928864,-40.249211609288636,40.249211609288636
2015-12-08,762,843.8489322012944,-81.84893220129436,81.84893220129436
2015-12-08,2034,2178.266911896881,-144.26691189688108,144.26691189688108
2015-12-08,523,619.362367666524,-96.36236766652405,96.36236766652405
2015-12-08,264,232.22602160216437,31.773978397835634,31.773978397835634
2015-12-08,180,247.43166698299967,-67.43166698299967,67.43166698299967
2015-12-08,1221,1433.641133066793,-212.64113306679292,212.64113306679292
2015-12-08,376,386.11350573887205,-10.11350573887205,10.11350573887205
2015-12-08,1900,2122.551389798146,-222.55138979814592,222.55138979814592
2015-12-09,1533,1525.3003690685541,7.699630931445881,7.699630931445881
2015-12-09,463,577.9428720502897,-114.94287205028968,114.94287205028968
2015-12-09,671,597.6109959860667,73.38900401393335,73.38900401393335
2015-12-09,1941,2001.9652341174465,-60.96523411744647,60.96523411744647
2015-12-09,890,819.4427353894303,70.55726461056975,70.55726461056975
2015-12-09,346,325.02752549542726,20.972474504572745,20.972474504572745
2015-12-09,3482,3292.6000347918207,189.3999652081793,189.3999652081793
2015-12-09,3127,3271.9103483433555,-144.9103483433555,144.9103483433555
2015-12-09,766,794.2520766943735,-28.2520766943735,28.2520766943735
2015-12-09,729,754.5260243644008,-25.52602436440077,25.52602436440077
2015-12-09,410,446.3380529316074,-36.33805293160742,36.33805293160742
2015-12-09,391,357.9172207285755,33.0827792714245,33.0827792714245
2015-12-09,538,478.8170875141143,59.18291248588571,59.18291248588571
2015-12-09,2012,2212.8634689990695,-200.86346899906948,200.86346899906948
2015-12-09,736,794.856037699213,-58.85603769921295,58.85603769921295
2015-12-09,769,868.9524283180749,-99.95242831807491,99.95242831807491
2015-12-09,279,238.585371646059,40.414628353941,40.414628353941
2015-12-09,525,621.4550330113832,-96.4550330113832,96.4550330113832
2015-12-09,1978,2071.990062223437,-93.99006222343678,93.99006222343678
2015-12-09,1287,1384.2304894873073,-97.2304894873073,97.2304894873073
2015-12-09,574,442.94413615280007,131.05586384719993,131.05586384719993
2015-12-09,389,360.60554152795277,28.394458472047233,28.394458472047233
2015-12-09,358,371.2786688427842,-13.278668842784214,13.278668842784214
2015-12-09,744,818.0124036523797,-74.0124036523797,74.0124036523797
2015-12-09,2448,2488.4872929153157,-40.48729291531572,40.48729291531572
2015-12-09,208,285.62139650950115,-77.62139650950115,77.62139650950115
2015-12-09,1317,1261.9189697942486,55.081030205751404,55.081030205751404
2015-12-09,2143,2530.532954520584,-387.5329545205841,387.5329545205841
2015-12-09,245,227.4508338645474,17.549166135452595,17.549166135452595
2015-12-09,2391,2230.362611349173,160.63738865082678,160.63738865082678
2015-12-10,398,334.06740036536934,63.93259963463066,63.93259963463066
2015-12-10,1887,2030.0047158541624,-143.00471585416244,143.00471585416244
2015-12-10,2732,3161.9976893427947,-429.99768934279473,429.99768934279473
2015-12-10,1863,1968.6090788165307,-105.60907881653065,105.60907881653065
2015-12-10,724,690.013667029592,33.98633297040794,33.98633297040794
2015-12-10,320,348.85408026132114,-28.854080261321144,28.854080261321144
2015-12-10,1974,2383.9488866780753,-409.94888667807527,409.94888667807527
2015-12-10,1295,1276.372550952934,18.627449047065966,18.627449047065966
2015-12-10,925,756.2961066647254,168.70389333527464,168.70389333527464
2015-12-10,1499,1538.461719898492,-39.46171989849199,39.46171989849199
2015-12-10,244,235.75813585482143,8.241864145178567,8.241864145178567
2015-12-10,733,799.0641000229277,-66.06410002292773,66.06410002292773
2015-12-10,399,365.2613903126907,33.73860968730929,33.73860968730929
2015-12-10,604,627.4964693073192,-23.496469307319217,23.496469307319217
2015-12-10,247,270.54915910259405,-23.549159102594047,23.549159102594047
2015-12-10,239,256.4060050791503,-17.406005079150304,17.406005079150304
2015-12-10,794,710.6406853889803,83.35931461101973,83.35931461101973
2015-12-10,1929,1942.2099678220204,-13.209967822020417,13.209967822020417
2015-12-10,863,743.6916414895938,119.30835851040615,119.30835851040615
2015-12-10,2060,2174.1555918804197,-114.1555918804197,114.1555918804197
2015-12-10,371,411.3783135736591,-40.37831357365911,40.37831357365911
2015-12-10,403,424.186315079327,-21.186315079327017,21.186315079327017
2015-12-10,593,471.602399406661,121.397600593339,121.397600593339
2015-12-10,555,530.6991239353978,24.30087606460222,24.30087606460222
2015-12-10,544,634.1682557897632,-90.16825578976318,90.16825578976318
2015-12-10,3572,3117.5907434915416,454.4092565084584,454.4092565084584
2015-12-10,372,353.568555078566,18.43144492143398,18.43144492143398
2015-12-10,750,798.8972766948265,-48.89727669482647,48.89727669482647
2015-12-10,2030,2144.409785248077,-114.40978524807679,114.40978524807679
2015-12-10,1240,1331.6101818304317,-91.61018183043166,91.61018183043166
2015-12-11,442,414.2809692971797,27.719030702820305,27.719030702820305
2015-12-11,952,999.3757574976325,-47.37575749763255,47.37575749763255
2015-12-11,980,922.6122770355205,57.38772296447951,57.38772296447951
2015-12-11,335,391.6721073138174,-56.67210731381738,56.67210731381738
2015-12-11,2135,2129.7593379781356,5.240662021864409,5.240662021864409
2015-12-11,2521,2481.258784370162,39.741215629837825,39.741215629837825
2015-12-11,845,813.5332461034243,31.46675389657571,31.46675389657571
2015-12-11,394,377.19137749566846,16.808622504331538,16.808622504331538
2015-12-11,504,439.72128598338855,64.27871401661145,64.27871401661145
2015-12-11,792,832.830672019208,-40.83067201920801,40.83067201920801
2015-12-11,772,826.7632821155279,-54.763282115527886,54.763282115527886
2015-12-11,2392,2522.802041846803,-130.80204184680315,130.80204184680315
2015-12-11,726,736.398254277671,-10.398254277670958,10.398254277670958
2015-12-11,711,750.6569233544913,-39.656923354491255,39.656923354491255
2015-12-11,1817,1598.5665375788233,218.43346242117673,218.43346242117673
2015-12-11,2191,2178.9860041458624,12.013995854137647,12.013995854137647
2015-12-11,1363,1371.1190545536008,-8.11905455360079,8.11905455360079
2015-12-11,904,972.6194009507647,-68.61940095076466,68.61940095076466
2015-12-11,577,587.926433913863,-10.92643391386298,10.92643391386298
2015-12-11,345,263.93024239036765,81.06975760963235,81.06975760963235
2015-12-11,463,426.36993824242995,36.63006175757005,36.63006175757005
2015-12-11,229,300.69283915325946,-71.69283915325946,71.69283915325946
2015-12-11,1974,2352.310943467859,-378.31094346785903,378.31094346785903
2015-12-11,3652,3348.5135110747597,303.48648892524034,303.48648892524034
2015-12-11,2251,2427.0925584487627,-176.0925584487627,176.0925584487627
2015-12-11,266,353.9723856659509,-87.97238566595092,87.97238566595092
2015-12-11,637,535.9235450063696,101.07645499363036,101.07645499363036
2015-12-11,3336,3326.6558772625544,9.34412273744556,9.34412273744556
2015-12-11,459,341.9151381139419,117.08486188605809,117.08486188605809
2015-12-11,1378,1474.7902370930265,-96.79023709302646,96.79023709302646
2015-12-12,3115,2935.863111220789,179.13688877921095,179.13688877921095
2015-12-12,1539,1514.873108921587,24.12689107841311,24.12689107841311
2015-12-12,507,519.5284304240262,-12.528430424026169,12.528430424026169
2015-12-12,1285,1091.8495332705163,193.1504667294837,193.1504667294837
2015-12-12,1126,952.460238590866,173.53976140913403,173.53976140913403
2015-12-12,723,709.2034218873346,13.79657811266543,13.79657811266543
2015-12-12,2730,2637.28108484141,92.71891515858988,92.71891515858988
2015-12-12,4123,4103.285799634468,19.714200365531724,19.714200365531724
2015-12-12,275,285.3399657839625,-10.339965783962498,10.339965783962498
2015-12-12,1812,1822.0842628380483,-10.08426283804829,10.08426283804829
2015-12-12,1534,1533.1663458184817,0.8336541815183409,0.8336541815183409
2015-12-12,601,550.1390408461252,50.860959153874774,50.860959153874774
2015-12-12,944,977.4301935942518,-33.43019359425182,33.43019359425182
2015-12-12,851,905.179071136656,-54.179071136656034,54.179071136656034
2015-12-12,1303,1059.4736109711287,243.52638902887134,243.52638902887134
2015-12-12,891,992.3893457092237,-101.38934570922368,101.38934570922368
2015-12-12,3988,3915.918310618431,72.08168938156905,72.08168938156905
2015-12-12,392,323.91175982606325,68.08824017393675,68.08824017393675
2015-12-12,487,421.3229948379323,65.6770051620677,65.6770051620677
2015-12-12,1067,1113.533255943333,-46.53325594333296,46.53325594333296
2015-12-12,3112,3019.6443294432256,92.35567055677438,92.35567055677438
2015-12-12,2500,2540.6352769827727,-40.635276982772666,40.635276982772666
2015-12-12,3210,3211.3785180402347,-1.3785180402346668,1.3785180402346668
2015-12-12,360,330.897639863343,29.102360136657012,29.102360136657012
2015-12-12,476,463.9998503087351,12.00014969126488,12.00014969126488
2015-12-12,415,458.4242254178665,-43.42422541786652,43.42422541786652
2015-12-12,511,597.953093048319,-86.95309304831903,86.95309304831903
2015-12-12,733,658.697790064155,74.30220993584499,74.30220993584499
2015-12-12,2175,2064.574836084108,110.42516391589197,110.42516391589197
2015-12-12,3190,3286.0504050914537,-96.05040509145374,96.05040509145374
2015-12-13,1617,1662.0427044564622,-45.04270445646216,45.04270445646216
2015-12-13,712,633.7358657117477,78.26413428825231,78.26413428825231
2015-12-13,441,464.7502220311886,-23.750222031188628,23.750222031188628
2015-12-13,431,529.8045392636944,-98.80453926369444,98.80453926369444
2015-12-13,305,284.1927130534295,20.807286946570514,20.807286946570514
2015-12-13,2887,2848.0311043231613,38.968895676838656,38.968895676838656
2015-12-13,649,636.1981322691148,12.801867730885192,12.801867730885192
2015-12-13,1238,1247.5931593771074,-9.59315937710744,9.59315937710744
2015-12-13,2789,3036.019705263678,-247.01970526367813,247.01970526367813
2015-12-13,2442,2250.3400904153928,191.65990958460725,191.65990958460725
2015-12-13,2788,2613.18160078666,174.81839921333994,174.81839921333994
2015-12-13,2972,2983.3880619014126,-11.388061901412584,11.388061901412584
2015-12-13,764,880.162050821419,-116.16205082141903,116.16205082141903
2015-12-13,387,410.0329863965979,-23.03298639659789,23.03298639659789
2015-12-13,432,440.51933992511744,-8.519339925117436,8.519339925117436
2015-12-13,266,248.5601539865232,17.439846013476796,17.439846013476796
2015-12-13,470,357.8287889297024,112.1712110702976,112.1712110702976
2015-12-13,988,997.8318199523075,-9.831819952307455,9.831819952307455
2015-12-13,920,1000.4460812422849,-80.44608124228489,80.44608124228489
2015-12-13,1192,1139.0841312126167,52.91586878738326,52.91586878738326
2015-12-13,4250,4077.190271828859,172.80972817114116,172.80972817114116
2015-12-13,485,465.1842230557992,19.81577694420082,19.81577694420082
2015-12-13,1375,1431.8920979441361,-56.89209794413614,56.89209794413614
2015-12-13,3297,3048.3704909149737,248.62950908502626,248.62950908502626
2015-12-13,921,808.9826931150242,112.01730688497582,112.01730688497582
2015-12-13,3193,3338.799201737945,-145.79920173794517,145.79920173794517
2015-12-13,1928,1926.8233384720143,1.1766615279857433,1.1766615279857433
2015-12-13,591,546.0149507415149,44.985049258485105,44.985049258485105
2015-12-13,3311,3611.9349926435243,-300.9349926435243,300.9349926435243
2015-12-13,1092,1036.0601125858952,55.93988741410476,55.93988741410476
2015-12-14,2224,2299.104348451541,-75.10434845154077,75.10434845154077
2015-12-14,1499,1491.7058690723943,7.294130927605693,7.294130927605693
2015-12-14,735,784.6519710407443,-49.65197104074434,49.65197104074434
2015-12-14,576,585.9978648941133,-9.997864894113263,9.997864894113263
2015-12-14,3515,3308.81705017391,206.18294982608995,206.18294982608995
2015-12-14,542,530.2853613586634,11.714638641336592,11.714638641336592
2015-12-14,205,265.612678217147,-60.61267821714699,60.61267821714699
2015-12-14,269,302.13426079564937,-33.13426079564937,33.13426079564937
2015-12-14,2476,2457.434540511321,18.565459488679153,18.565459488679153
2015-12-14,2292,2239.296346207776,52.70365379222403,52.70365379222403
2015-12-14,370,335.67288670475597,34.32711329524403,34.32711329524403
2015-12-14,268,222.06670827118504,45.933291728814964,45.933291728814964
2015-12-14,2477,2600.7844726251024,-123.78447262510235,123.78447262510235
2015-12-14,855,822.6627849966623,32.33721500333775,32.33721500333775
2015-12-14,1493,1531.8994863284684,-38.899486328468356,38.899486328468356
2015-12-14,971,910.4774828325592,60.52251716744081,60.52251716744081
2015-12-14,667,620.1039870767162,46.89601292328382,46.89601292328382
2015-12-14,1904,1803.0001350602047,100.99986493979532,100.99986493979532
2015-12-14,354,369.5503022993027,-15.5503022993027,15.5503022993027
2015-12-14,462,453.1203031778913,8.879696822108713,8.879696822108713
2015-12-14,2400,2248.129857392849,151.87014260715114,151.87014260715114
2015-12-14,554,532.0099780802213,21.990021919778656,21.990021919778656
2015-12-14,1124,923.6034973726906,200.39650262730936,200.39650262730936
2015-12-14,843,888.9079236448886,-45.90792364488857,45.90792364488857
2015-12-14,852,875.9416813722613,-23.941681372261314,23.941681372261314
2015-12-14,414,357.64627732816007,56.35372267183993,56.35372267183993
2015-12-14,437,387.8338637453402,49.16613625465982,49.16613625465982
2015-12-14,2651,2403.0811591611073,247.91884083889272,247.91884083889272
2015-12-14,463,390.98660990446,72.01339009553999,72.01339009553999
2015-12-14,3630,3182.960376829816,447.03962317018386,447.03962317018386
2015-12-15,255,265.4226683124534,-10.422668312453425,10.422668312453425
2015-12-15,419,340.56531186472176,78.43468813527824,78.43468813527824
2015-12-15,292,244.3251462624189,47.67485373758109,47.67485373758109
2015-12-15,1391,1390.1784115984296,0.8215884015703523,0.8215884015703523
2015-12-15,284,222.43148372844792,61.568516271552085,61.568516271552085
2015-12-15,426,436.1763326138606,-10.176332613860609,10.176332613860609
2015-12-15,2295,2355.21719579874,-60.217195798739795,60.217195798739795
2015-12-15,467,560.6473861361001,-93.64738613610007,93.64738613610007
2015-12-15,808,767.3410820673896,40.65891793261039,40.65891793261039
2015-12-15,3670,3507.811437641736,162.18856235826388,162.18856235826388
2015-12-15,2224,2331.34891483662,-107.34891483662022,107.34891483662022
2015-12-15,786,712.1341078683752,73.86589213162483,73.86589213162483
2015-12-15,2540,2232.740075058411,307.2599249415889,307.2599249415889
2015-12-15,868,751.857009618618,116.14299038138199,116.14299038138199
2015-12-15,792,821.4652178567734,-29.465217856773393,29.465217856773393
2015-12-15,360,360.5135554747413,-0.5135554747412812,0.5135554747412812
2015-12-15,1951,1660.5457855620675,290.4542144379325,290.4542144379325
2015-12-15,966,834.5019069198504,131.4980930801496,131.4980930801496
2015-12-15,551,589.3938697372527,-38.39386973725266,38.39386973725266
2015-12-15,579,616.8777371731941,-37.87773717319408,37.87773717319408
2015-12-15,577,560.4480750489447,16.551924951055298,16.551924951055298
2015-12-15,2397,2280.342918452829,116.65708154717095,116.65708154717095
2015-12-15,364,468.01667250582346,-104.01667250582346,104.01667250582346
2015-12-15,3204,3176.6018450182455,27.398154981754487,27.398154981754487
2015-12-15,2378,2201.9206863543855,176.07931364561455,176.07931364561455
2015-12-15,347,376.38895750395295,-29.388957503952952,29.388957503952952
2015-12-15,903,766.173838068045,136.82616193195497,136.82616193195497
2015-12-15,1368,1406.8106798220028,-38.81067982200284,38.81067982200284
2015-12-15,2246,2235.6655563385243,10.334443661475689,10.334443661475689
2015-12-15,422,374.7619355300915,47.23806446990852,47.23806446990852
2015-12-16,1794,1750.468197854646,43.53180214535405,43.53180214535405
2015-12-16,746,826.6579251895829,-80.6579251895829,80.6579251895829
2015-12-16,829,801.6933115464622,27.306688453537845,27.306688453537845
2015-12-16,378,360.7848036499524,17.21519635004762,17.21519635004762
2015-12-16,988,885.6990637054128,102.30093629458725,102.30093629458725
2015-12-16,2520,2942.27590718691,-422.27590718691,422.27590718691
2015-12-16,395,369.9351195921809,25.06488040781909,25.06488040781909
2015-12-16,262,258.5150962401922,3.484903759807821,3.484903759807821
2015-12-16,658,517.1611030982526,140.83889690174738,140.83889690174738
2015-12-16,801,815.8547952182787,-14.854795218278696,14.854795218278696
2015-12-16,870,751.9270692179958,118.07293078200416,118.07293078200416
2015-12-16,2403,2188.4501841251076,214.54981587489237,214.54981587489237
2015-12-16,360,339.6183846787381,20.381615321261904,20.381615321261904
2015-12-16,1357,1340.029539824278,16.97046017572211,16.97046017572211
2015-12-16,2226,2122.2402084733108,103.75979152668924,103.75979152668924
2015-12-16,279,270.1437013127202,8.856298687279775,8.856298687279775
2015-12-16,381,353.8265981789404,27.1734018210596,27.1734018210596
2015-12-16,2196,2116.000948872375,79.99905112762508,79.99905112762508
2015-12-16,3225,2884.776447723786,340.2235522762139,340.2235522762139
2015-12-16,545,566.666844840425,-21.66684484042503,21.66684484042503
2015-12-16,376,396.83158937925623,-20.83158937925623,20.83158937925623
2015-12-16,707,776.7890842505612,-69.78908425056125,69.78908425056125
2015-12-16,2331,2291.1999877647554,39.800012235244594,39.800012235244594
2015-12-16,394,419.8006652783001,-25.800665278300073,25.800665278300073
2015-12-16,265,248.39077267350308,16.60922732649692,16.60922732649692
2015-12-16,1393,1332.948851902409,60.05114809759107,60.05114809759107
2015-12-16,507,529.159197347792,-22.159197347791974,22.159197347791974
2015-12-16,593,593.8179090128123,-0.8179090128122652,0.8179090128122652
2015-12-16,2134,2124.94853011707,9.051469882930178,9.051469882930178
2015-12-16,2210,2164.5747926968097,45.42520730319029,45.42520730319029
2015-12-17,714,557.7007513825685,156.29924861743154,156.29924861743154
2015-12-17,2600,2239.603075656314,360.3969243436859,360.3969243436859
2015-12-17,829,844.7075219095104,-15.707521909510433,15.707521909510433
2015-12-17,300,389.5722100311107,-89.57221003111073,89.57221003111073
2015-12-17,2413,2180.355206240136,232.64479375986411,232.64479375986411
2015-12-17,839,769.5551157231382,69.44488427686179,69.44488427686179
2015-12-17,413,425.2835582300021,-12.283558230002086,12.283558230002086
2015-12-17,767,823.8929087506239,-56.89290875062386,56.89290875062386
2015-12-17,224,263.3216597341477,-39.321659734147715,39.321659734147715
2015-12-17,292,259.1626320139594,32.83736798604059,32.83736798604059
2015-12-17,2701,2532.987886174974,168.01211382502606,168.01211382502606
2015-12-17,2317,2041.0260086376977,275.9739913623023,275.9739913623023
2015-12-17,268,291.52589504417267,-23.52589504417267,23.52589504417267
2015-12-17,498,558.8046819370403,-60.8046819370403,60.8046819370403
2015-12-17,408,410.62940505485324,-2.629405054853237,2.629405054853237
2015-12-17,3533,3000.9898355851597,532.0101644148403,532.0101644148403
2015-12-17,401,367.4247310475911,33.57526895240892,33.57526895240892
2015-12-17,1370,1403.2093839188221,-33.20938391882214,33.20938391882214
2015-12-17,1986,1689.8699262615505,296.1300737384495,296.1300737384495
2015-12-17,746,793.1318334261282,-47.131833426128196,47.131833426128196
2015-12-17,632,615.1615726397391,16.83842736026088,16.83842736026088
2015-12-17,2454,2336.7984798557845,117.20152014421546,117.20152014421546
2015-12-17,425,373.31165575272865,51.688344247271345,51.688344247271345
2015-12-17,2100,2307.7835226155617,-207.78352261556165,207.78352261556165
2015-12-17,585,623.2666920976495,-38.266692097649525,38.266692097649525
2015-12-17,2126,2171.266088378264,-45.26608837826416,45.26608837826416
2015-12-17,1269,1363.2482843606278,-94.24828436062785,94.24828436062785
2015-12-17,887,894.4149822361311,-7.414982236131095,7.414982236131095
2015-12-17,932,904.3124733415435,27.687526658456477,27.687526658456477
2015-12-17,425,402.22742222950546,22.772577770494536,22.772577770494536
2015-12-18,1294,1422.9661480205905,-128.96614802059048,128.96614802059048
2015-12-18,561,512.6664302904975,48.33356970950251,48.33356970950251
2015-12-18,559,565.7607264531821,-6.760726453182087,6.760726453182087
2015-12-18,271,278.3646962001921,-7.3646962001921,7.3646962001921
2015-12-18,3163,3143.8052011428595,19.19479885714054,19.19479885714054
2015-12-18,663,771.5844714442211,-108.5844714442211,108.5844714442211
2015-12-18,473,451.8526493081356,21.147350691864403,21.147350691864403
2015-12-18,602,653.8457047698676,-51.84570476986755,51.84570476986755
2015-12-18,2210,2352.8802902594575,-142.88029025945752,142.88029025945752
2015-12-18,2541,2590.7010392236557,-49.7010392236557,49.7010392236557
2015-12-18,415,401.8168410397615,13.183158960238472,13.183158960238472
2015-12-18,311,394.574744172675,-83.57474417267503,83.57474417267503
2015-12-18,2285,2177.6171179160133,107.38288208398671,107.38288208398671
2015-12-18,823,762.6847077213364,60.315292278663605,60.315292278663605
2015-12-18,312,329.72181151275413,-17.72181151275413,17.72181151275413
2015-12-18,1309,1341.991595520057,-32.99159552005699,32.99159552005699
2015-12-18,426,473.89052991854066,-47.890529918540665,47.890529918540665
2015-12-18,254,284.212319466958,-30.21231946695798,30.21231946695798
2015-12-18,709,836.5851549353957,-127.58515493539574,127.58515493539574
2015-12-18,753,792.8262758876625,-39.82627588766252,39.82627588766252
2015-12-18,815,965.9200851432483,-150.92008514324834,150.92008514324834
2015-12-18,2449,2927.530237516899,-478.530237516899,478.530237516899
2015-12-18,946,908.0037919769637,37.996208023036274,37.996208023036274
2015-12-18,2401,2465.41061266175,-64.41061266174984,64.41061266174984
2015-12-18,2145,2166.771166753733,-21.771166753732814,21.771166753732814
2015-12-18,1676,1847.233898955041,-171.233898955041,171.233898955041
2015-12-18,2166,2204.9700774894104,-38.970077489410414,38.970077489410414
2015-12-18,883,861.7306169337119,21.26938306628813,21.26938306628813
2015-12-18,384,393.9921885643379,-9.99218856433788,9.99218856433788
2015-12-18,957,1046.0543060450912,-89.05430604509115,89.05430604509115
2015-12-19,2159,2512.2574021673818,-353.25740216738177,353.25740216738177
2015-12-19,3763,3073.1265359632634,689.8734640367366,689.8734640367366
2015-12-19,959,988.823220809844,-29.823220809843974,29.823220809843974
2015-12-19,3919,3633.4137805142973,285.5862194857027,285.5862194857027
2015-12-19,398,457.9800937144486,-59.98009371444863,59.98009371444863
2015-12-19,1050,1044.7321450072736,5.26785499272637,5.26785499272637
2015-12-19,1266,1163.0334948669272,102.96650513307281,102.96650513307281
2015-12-19,1262,1165.424806627914,96.575193372086,96.575193372086
2015-12-19,1427,1473.2461257357756,-46.24612573577565,46.24612573577565
2015-12-19,363,343.3190095966799,19.680990403320095,19.680990403320095
2015-12-19,2480,2594.2251914388676,-114.22519143886757,114.22519143886757
2015-12-19,1397,1571.4076310920598,-174.40763109205977,174.40763109205977
2015-12-19,929,891.2192521748007,37.78074782519934,37.78074782519934
2015-12-19,574,581.5936927238407,-7.593692723840718,7.593692723840718
2015-12-19,860,862.8928529294038,-2.89285292940383,2.89285292940383
2015-12-19,552,449.0907200000372,102.90927999996279,102.90927999996279
2015-12-19,692,714.735423250091,-22.735423250091003,22.735423250091003
2015-12-19,2510,2514.582407290532,-4.582407290532046,4.582407290532046
2015-12-19,815,672.9534447653627,142.04655523463725,142.04655523463725
2015-12-19,395,438.50159516449094,-43.501595164490936,43.501595164490936
2015-12-19,255,269.43739873629005,-14.43739873629005,14.43739873629005
2015-12-19,502,512.285752577751,-10.285752577751055,10.285752577751055
2015-12-19,3119,2949.6613559243647,169.33864407563533,169.33864407563533
2015-12-19,2912,2822.969820721279,89.03017927872088,89.03017927872088
2015-12-19,1964,2117.63873690412,-153.63873690411992,153.63873690411992
2015-12-19,3236,3045.616329256838,190.38367074316193,190.38367074316193
2015-12-19,606,547.1313451907777,58.868654809222335,58.868654809222335
2015-12-19,351,308.3296249648677,42.67037503513228,42.67037503513228
2015-12-19,976,983.8058258136696,-7.805825813669571,7.805825813669571
2015-12-19,1797,1729.7175358359514,67.28246416404863,67.28246416404863
2015-12-20,1152,1019.5193202836618,132.48067971633816,132.48067971633816
2015-12-20,490,548.701671402969,-58.701671402969055,58.701671402969055
2015-12-20,2848,2635.5811683209567,212.41883167904325,212.41883167904325
2015-12-20,460,405.5222737765438,54.477726223456216,54.477726223456216
2015-12-20,558,436.30795116219906,121.69204883780094,121.69204883780094
2015-12-20,225,234.34383767735576,-9.343837677355765,9.343837677355765
2015-12-20,477,498.0010218737541,-21.001021873754098,21.001021873754098
2015-12-20,862,665.1416161231796,196.85838387682043,196.85838387682043
2015-12-20,1255,1248.3104600800668,6.689539919933168,6.689539919933168
2015-12-20,922,847.5770351432403,74.42296485675968,74.42296485675968
2015-12-20,866,847.5033456559821,18.496654344017884,18.496654344017884
2015-12-20,2686,2393.4197464178264,292.58025358217355,292.58025358217355
2015-12-20,3134,3186.304567838105,-52.30456783810496,52.30456783810496
2015-12-20,4000,3789.662085836565,210.33791416343502,210.33791416343502
2015-12-20,1393,1379.6302764576797,13.369723542320344,13.369723542320344
2015-12-20,353,394.45157100677386,-41.45157100677386,41.45157100677386
2015-12-20,527,539.2242888203684,-12.224288820368429,12.224288820368429
2015-12-20,2840,2564.3342754147143,275.6657245852857,275.6657245852857
2015-12-20,1405,1540.5976006225385,-135.5976006225385,135.5976006225385
2015-12-20,470,456.7554956654995,13.244504334500505,13.244504334500505
2015-12-20,980,964.1509788783067,15.84902112169334,15.84902112169334
2015-12-20,1608,1845.8252268863014,-237.82522688630138,237.82522688630138
2015-12-20,870,972.3486684503097,-102.34866845030967,102.34866845030967
2015-12-20,657,696.8400402816884,-39.8400402816884,39.8400402816884
2015-12-20,2006,2186.1460222260444,-180.14602222604435,180.14602222604435
2015-12-20,3157,3105.0480244940377,51.95197550596231,51.95197550596231
2015-12-20,276,291.7374424626763,-15.737442462676313,15.737442462676313
2015-12-20,3129,2802.152624251315,326.84737574868495,326.84737574868495
2015-12-20,2236,2425.353384978692,-189.3533849786918,189.3533849786918
2015-12-20,1169,1138.1973318353432,30.80266816465678,30.80266816465678
2015-12-21,643,672.8512473686484,-29.851247368648387,29.851247368648387
2015-12-21,859,891.2032800257442,-32.20328002574422,32.20328002574422
2015-12-21,3196,3267.6313122752804,-71.63131227528038,71.63131227528038
2015-12-21,1720,1945.8191148282385,-225.81911482823853,225.81911482823853
2015-12-21,253,239.13952068355692,13.860479316443076,13.860479316443076
2015-12-21,478,462.25847192844606,15.741528071553944,15.741528071553944
2015-12-21,391,388.86938684475734,2.1306131552426564,2.1306131552426564
2015-12-21,2272,2460.311263446733,-188.31126344673294,188.31126344673294
2015-12-21,2259,2407.069435983572,-148.06943598357202,148.06943598357202
2015-12-21,757,632.6894049037253,124.31059509627471,124.31059509627471
2015-12-21,385,389.42206639127517,-4.422066391275166,4.422066391275166
2015-12-21,808,832.2428559572309,-24.24285595723086,24.24285595723086
2015-12-21,983,994.7146194088249,-11.714619408824888,11.714619408824888
2015-12-21,934,963.1403732583473,-29.140373258347267,29.140373258347267
2015-12-21,417,418.4303229422925,-1.4303229422924915,1.4303229422924915
2015-12-21,328,434.76173640697317,-106.76173640697317,106.76173640697317
2015-12-21,820,742.8396688292416,77.16033117075835,77.16033117075835
2015-12-21,2235,2245.5365436464567,-10.536543646456721,10.536543646456721
2015-12-21,986,1020.4594621198122,-34.4594621198122,34.4594621198122
2015-12-21,1379,1511.064211178052,-132.0642111780519,132.0642111780519
2015-12-21,2402,2604.690273979339,-202.69027397933905,202.69027397933905
2015-12-21,2730,2727.78903724741,2.2109627525901487,2.2109627525901487
2015-12-21,419,388.7004216291733,30.29957837082668,30.29957837082668
2015-12-21,1423,1595.6089948197491,-172.6089948197491,172.6089948197491
2015-12-21,263,249.09264430369905,13.907355696300954,13.907355696300954
2015-12-21,2036,2371.7897783304566,-335.78977833045656,335.78977833045656
2015-12-21,2587,2510.6275048503585,76.37249514964151,76.37249514964151
2015-12-21,539,607.2246804725279,-68.2246804725279,68.2246804725279
2015-12-21,282,291.3946358697204,-9.394635869720389,9.394635869720389
2015-12-21,738,553.9761009285376,184.02389907146244,184.02389907146244
2015-12-22,258,255.3140037618709,2.6859962381290927,2.6859962381290927
2015-12-22,902,821.0042891880264,80.9957108119736,80.9957108119736
2015-12-22,2280,2130.517353378161,149.4826466218392,149.4826466218392
2015-12-22,659,609.9987682818451,49.00123171815494,49.00123171815494
2015-12-22,3351,2809.181952172689,541.8180478273111,541.8180478273111
2015-12-22,384,389.28326750902585,-5.283267509025848,5.283267509025848
2015-12-22,793,806.7585098317243,-13.758509831724268,13.758509831724268
2015-12-22,1463,1384.3690471720365,78.63095282796348,78.63095282796348
2015-12-22,429,389.8269015263197,39.173098473680284,39.173098473680284
2015-12-22,690,573.5843283306053,116.41567166939467,116.41567166939467
2015-12-22,426,343.8620985719043,82.13790142809569,82.13790142809569
2015-12-22,325,358.7829764765173,-33.78297647651732,33.78297647651732
2015-12-22,586,553.7053291013816,32.29467089861839,32.29467089861839
2015-12-22,951,761.5917518643448,189.40824813565519,189.40824813565519
2015-12-22,1447,1390.6385554640995,56.361444535900546,56.361444535900546
2015-12-22,450,433.3071811460874,16.692818853912627,16.692818853912627
2015-12-22,804,740.8602311441585,63.13976885584145,63.13976885584145
2015-12-22,2147,2155.100649123717,-8.100649123717176,8.100649123717176
2015-12-22,2845,2258.6767309030647,586.3232690969353,586.3232690969353
2015-12-22,1003,789.8147700899048,213.18522991009525,213.18522991009525
2015-12-22,357,369.07578094674136,-12.07578094674136,12.07578094674136
2015-12-22,633,536.185854900793,96.81414509920705,96.81414509920705
2015-12-22,2598,2408.7827828213044,189.2172171786956,189.2172171786956
2015-12-22,2277,2112.213169054622,164.78683094537791,164.78683094537791
2015-12-22,2645,2232.428601764575,412.571398235425,412.571398235425
2015-12-22,1766,1734.1999929129654,31.8000070870346,31.8000070870346
2015-12-22,300,265.39436511171886,34.605634888281145,34.605634888281145
2015-12-22,268,246.955286487837,21.044713512163014,21.044713512163014
2015-12-22,1043,910.7083066254855,132.29169337451447,132.29169337451447
2015-12-22,2532,2227.08629485098,304.9137051490202,304.9137051490202
2015-12-23,1335,1459.5841763153278,-124.5841763153278,124.5841763153278
2015-12-23,508,515.4142471264988,-7.414247126498822,7.414247126498822
2015-12-23,605,607.9106008465958,-2.9106008465957984,2.9106008465957984
2015-12-23,1524,1466.1136946801223,57.88630531987769,57.88630531987769
2015-12-23,1752,1871.6259803955704,-119.62598039557042,119.62598039557042
2015-12-23,794,656.9740780025581,137.02592199744186,137.02592199744186
2015-12-23,2517,2321.7560715843524,195.2439284156476,195.2439284156476
2015-12-23,2443,2449.921798093041,-6.921798093041161,6.921798093041161
2015-12-23,560,424.2678757626803,135.73212423731968,135.73212423731968
2015-12-23,2958,2696.263390925227,261.7366090747728,261.7366090747728
2015-12-23,2851,2611.254056671866,239.74594332813422,239.74594332813422
2015-12-23,343,267.06557350747784,75.93442649252216,75.93442649252216
2015-12-23,2447,2439.365358786031,7.634641213969189,7.634641213969189
2015-12-23,397,368.1608742534079,28.839125746592117,28.839125746592117
2015-12-23,510,393.10238005458257,116.89761994541743,116.89761994541743
2015-12-23,235,248.74046002250194,-13.740460022501935,13.740460022501935
2015-12-23,468,472.1437179075392,-4.143717907539212,4.143717907539212
2015-12-23,2963,2609.8296621757536,353.1703378242464,353.1703378242464
2015-12-23,2533,2611.0625960951165,-78.06259609511653,78.06259609511653
2015-12-23,423,403.4969800437825,19.503019956217486,19.503019956217486
2015-12-23,1043,904.2690231283482,138.73097687165182,138.73097687165182
2015-12-23,956,797.3594347856314,158.64056521436862,158.64056521436862
2015-12-23,413,388.1915410327289,24.80845896727112,24.80845896727112
2015-12-23,3413,3266.7491508379476,146.25084916205242,146.25084916205242
2015-12-23,277,283.5375394413251,-6.537539441325123,6.537539441325123
2015-12-23,959,840.9523163069119,118.04768369308806,118.04768369308806
2015-12-23,1119,970.1597119351251,148.84028806487493,148.84028806487493
2015-12-23,751,639.0174958828908,111.98250411710922,111.98250411710922
2015-12-23,834,787.5391021152609,46.4608978847391,46.4608978847391
2015-12-23,821,838.6401570344419,-17.640157034441927,17.640157034441927
2015-12-24,2762,2852.0554455816023,-90.05544558160227,90.05544558160227
2015-12-24,889,648.6576279642611,240.3423720357389,240.3423720357389
2015-12-24,276,314.01481462485015,-38.014814624850146,38.014814624850146
2015-12-24,2761,2238.4550534787845,522.5449465212155,522.5449465212155
2015-12-24,353,371.9512422835859,-18.951242283585884,18.951242283585884
2015-12-24,958,1135.5354185165017,-177.53541851650175,177.53541851650175
2015-12-24,2795,2217.4233745326064,577.5766254673936,577.5766254673936
2015-12-24,1034,636.3749056429962,397.62509435700383,397.62509435700383
2015-12-24,847,638.8988405258666,208.1011594741334,208.1011594741334
2015-12-24,208,224.30967524506815,-16.30967524506815,16.30967524506815
2015-12-24,1060,719.8701248316154,340.1298751683846,340.1298751683846
2015-12-24,2662,2504.947456347728,157.0525436522721,157.0525436522721
2015-12-24,772,504.16384424990207,267.83615575009793,267.83615575009793
2015-12-24,293,325.2731692168263,-32.27316921682632,32.27316921682632
2015-12-24,447,513.119603003236,-66.11960300323597,66.11960300323597
2015-12-24,800,656.6367121415611,143.36328785843887,143.36328785843887
2015-12-24,636,598.3768672637935,37.62313273620646,37.62313273620646
2015-12-24,290,228.32073742763302,61.67926257236698,61.67926257236698
2015-12-24,251,208.7299153529555,42.27008464704451,42.27008464704451
2015-12-24,2553,2318.503099808737,234.4969001912632,234.4969001912632
2015-12-24,2451,2173.5035727707436,277.49642722925637,277.49642722925637
2015-12-24,2724,2466.347422875897,257.6525771241031,257.6525771241031
2015-12-24,648,461.250643551598,186.749356448402,186.749356448402
2015-12-24,2751,2235.207279777824,515.7927202221758,515.7927202221758
2015-12-24,1359,1206.7000387015426,152.29996129845745,152.29996129845745
2015-12-24,374,356.3601348851212,17.639865114878774,17.639865114878774
2015-12-24,1983,1597.7190730228874,385.2809269771126,385.2809269771126
2015-12-24,385,296.10667084580575,88.89332915419425,88.89332915419425
2015-12-24,505,431.07496241905784,73.92503758094216,73.92503758094216
2015-12-24,400,356.40343240223166,43.59656759776834,43.59656759776834
2015-12-25,0,1266.5897960981542,-1266.5897960981542,1266.5897960981542
2015-12-25,0,254.8446590646556,-254.8446590646556,254.8446590646556
2015-12-25,0,233.2961661253781,-233.2961661253781,233.2961661253781
2015-12-25,0,210.6703950119046,-210.6703950119046,210.6703950119046
2015-12-25,0,380.13534369885014,-380.13534369885014,380.13534369885014
2015-12-25,1,1429.2954569916749,-1428.2954569916749,1428.2954569916749
2015-12-25,0,285.3296708244,-285.3296708244,285.3296708244
2015-12-25,0,460.02744359977714,-460.02744359977714,460.02744359977714
2015-12-25,3,1194.8716719190659,-1191.8716719190659,1191.8716719190659
2015-12-25,0,297.29994001700743,-297.29994001700743,297.29994001700743
2015-12-25,0,534.2905917605331,-534.2905917605331,534.2905917605331
2015-12-25,0,243.28829868268477,-243.28829868268477,243.28829868268477
2015-12-25,4,1590.5321736801668,-1586.5321736801668,1586.5321736801668
2015-12-25,0,214.67114745648345,-214.67114745648345,214.67114745648345
2015-12-25,0,314.97962608345495,-314.97962608345495,314.97962608345495
2015-12-25,0,452.07361793819206,-452.07361793819206,452.07361793819206
2015-12-25,0,291.1241017493025,-291.1241017493025,291.1241017493025
2015-12-25,0,717.2646505258072,-717.2646505258072,717.2646505258072
2015-12-25,0,463.891396242809,-463.891396242809,463.891396242809
2015-12-25,0,229.0404881792524,-229.0404881792524,229.0404881792524
2015-12-25,0,1332.6314235150533,-1332.6314235150533,1332.6314235150533
2015-12-25,2,1375.9895343147616,-1373.9895343147616,1373.9895343147616
2015-12-25,1,1364.4070647108058,-1363.4070647108058,1363.4070647108058
2015-12-25,0,529.0270542661736,-529.0270542661736,529.0270542661736
2015-12-25,1,1487.6409227244835,-1486.6409227244835,1486.6409227244835
2015-12-25,0,362.10401005736463,-362.10401005736463,362.10401005736463
2015-12-25,1,346.7258681342233,-345.7258681342233,345.7258681342233
2015-12-25,1,1179.1199335343244,-1178.1199335343244,1178.1199335343244
2015-12-25,0,397.42114661257625,-397.42114661257625,397.42114661257625
2015-12-25,0,340.56321912793953,-340.56321912793953,340.56321912793953
2015-12-26,1975,2204.5927182293576,-229.59271822935762,229.59271822935762
2015-12-26,657,535.3825358447615,121.61746415523851,121.61746415523851
2015-12-26,428,538.725994314215,-110.72599431421497,110.72599431421497
2015-12-26,2504,2548.4012599020084,-44.401259902008405,44.401259902008405
2015-12-26,753,687.2476605631773,65.7523394368227,65.7523394368227
2015-12-26,205,243.74842901147431,-38.748429011474315,38.748429011474315
2015-12-26,2311,2513.2670554971983,-202.26705549719827,202.26705549719827
2015-12-26,1500,1241.414761146861,258.5852388531389,258.5852388531389
2015-12-26,1096,1240.2261162923858,-144.22611629238577,144.22611629238577
2015-12-26,856,1158.6227399922136,-302.6227399922136,302.6227399922136
2015-12-26,1225,1312.3889188278633,-87.38891882786334,87.38891882786334
2015-12-26,324,457.62707604869126,-133.62707604869126,133.62707604869126
2015-12-26,451,413.56215410555416,37.43784589444584,37.43784589444584
2015-12-26,1274,1147.1328617507286,126.86713824927142,126.86713824927142
2015-12-26,2227,2399.6514588313166,-172.65145883131663,172.65145883131663
2015-12-26,879,999.1212145606487,-120.1212145606487,120.1212145606487
2015-12-26,2522,2391.243900074448,130.756099925552,130.756099925552
2015-12-26,1862,1762.6952193334957,99.30478066650426,99.30478066650426
2015-12-26,1196,1469.375219080427,-273.3752190804271,273.3752190804271
2015-12-26,2146,2260.8618269073168,-114.86182690731675,114.86182690731675
2015-12-26,519,731.7745213002999,-212.77452130029985,212.77452130029985
2015-12-26,589,305.57599292262995,283.42400707737005,283.42400707737005
2015-12-26,798,1076.8209080320369,-278.82090803203687,278.82090803203687
2015-12-26,355,270.42209404788235,84.57790595211765,84.57790595211765
2015-12-26,2154,2581.068255647367,-427.0682556473671,427.0682556473671
2015-12-26,491,366.35700116701673,124.64299883298327,124.64299883298327
2015-12-26,633,526.3370103265338,106.6629896734662,106.6629896734662
2015-12-26,3562,3004.3950151991294,557.6049848008706,557.6049848008706
2015-12-26,1282,1116.5674345456707,165.43256545432928,165.43256545432928
2015-12-26,1603,1885.2895973033424,-282.28959730334236,282.28959730334236
2015-12-27,1211,1142.5754992955556,68.42450070444443,68.42450070444443
2015-12-27,509,480.15352681478544,28.846473185214563,28.846473185214563
2015-12-27,1236,1329.4399618723346,-93.4399618723346,93.4399618723346
2015-12-27,222,261.9750710150463,-39.9750710150463,39.9750710150463
2015-12-27,1061,1104.0531838443083,-43.05318384430825,43.05318384430825
2015-12-27,434,468.8989985391871,-34.89899853918712,34.89899853918712
2015-12-27,2416,2447.3996978838377,-31.39969788383769,31.39969788383769
2015-12-27,801,877.1728224673301,-76.17282246733009,76.17282246733009
2015-12-27,1518,1603.5764954544666,-85.57649545446657,85.57649545446657
2015-12-27,533,559.3594524351184,-26.359452435118442,26.359452435118442
2015-12-27,437,424.6589027880878,12.3410972119122,12.3410972119122
2015-12-27,3273,3329.073211816532,-56.073211816531966,56.073211816531966
2015-12-27,856,950.5016409418891,-94.50164094188915,94.50164094188915
2015-12-27,208,219.71691074121935,-11.716910741219351,11.716910741219351
2015-12-27,314,367.29857609908515,-53.29857609908515,53.29857609908515
2015-12-27,962,1090.1010215414954,-128.10102154149536,128.10102154149536
2015-12-27,2206,2011.7496051828214,194.25039481717863,194.25039481717863
2015-12-27,345,367.6708554661145,-22.670855466114517,22.670855466114517
2015-12-27,794,664.95439534201,129.04560465799,129.04560465799
2015-12-27,777,840.8236725073234,-63.82367250732341,63.82367250732341
2015-12-27,2389,2442.7760696414543,-53.77606964145434,53.77606964145434
2015-12-27,1583,1818.8949680135265,-235.89496801352652,235.89496801352652
2015-12-27,407,388.70798783114486,18.292012168855138,18.292012168855138
2015-12-27,326,419.5978569979165,-93.5978569979165,93.5978569979165
2015-12-27,1963,2087.126340809858,-124.126340809858,124.126340809858
2015-12-27,1317,1155.5306319209556,161.46936807904444,161.46936807904444
2015-12-27,2524,2357.1828201621934,166.81717983780663,166.81717983780663
2015-12-27,826,785.1326804539176,40.8673195460824,40.8673195460824
2015-12-27,1751,1961.7006788226142,-210.70067882261424,210.70067882261424
2015-12-27,2179,2081.4289706486747,97.57102935132525,97.57102935132525
2015-12-28,1520,1281.3975932872443,238.60240671275574,238.60240671275574
2015-12-28,1028,894.4156568694586,133.58434313054136,133.58434313054136
2015-12-28,920,813.1047209467931,106.89527905320688,106.89527905320688
2015-12-28,1109,941.6421475149282,167.35785248507182,167.35785248507182
2015-12-28,542,597.5233564697199,-55.52335646971994,55.52335646971994
2015-12-28,170,231.968588065944,-61.968588065944004,61.968588065944004
2015-12-28,1549,1324.3453971064603,224.65460289353973,224.65460289353973
2015-12-28,1338,1900.845272301375,-562.845272301375,562.845272301375
2015-12-28,456,406.34465478571286,49.65534521428714,49.65534521428714
2015-12-28,915,818.8435002339003,96.15649976609973,96.15649976609973
2015-12-28,140,368.18741329624976,-228.18741329624976,228.18741329624976
2015-12-28,1246,1209.6165044633565,36.38349553664352,36.38349553664352
2015-12-28,996,936.0407125792243,59.959287420775695,59.959287420775695
2015-12-28,498,760.2584230058816,-262.2584230058816,262.2584230058816
2015-12-28,295,350.8500884906439,-55.850088490643884,55.850088490643884
2015-12-28,454,372.73037188469885,81.26962811530115,81.26962811530115
2015-12-28,1102,2072.456854506976,-970.456854506976,970.456854506976
2015-12-28,2265,2241.035147964425,23.96485203557495,23.96485203557495
2015-12-28,2297,2351.3616623997113,-54.36166239971135,54.36166239971135
2015-12-28,1674,1933.2425257220093,-259.2425257220093,259.2425257220093
2015-12-28,302,284.1188010550006,17.881198944999426,17.881198944999426
2015-12-28,1987,1970.54559099282,16.454409007179947,16.454409007179947
2015-12-28,392,611.2177010027433,-219.2177010027433,219.2177010027433
2015-12-28,279,643.5789372364496,-364.57893723644963,364.57893723644963
2015-12-28,163,259.62240117666323,-96.62240117666323,96.62240117666323
2015-12-28,1766,1806.4124766879295,-40.412476687929484,40.412476687929484
2015-12-28,351,349.0613510747122,1.9386489252877936,1.9386489252877936
2015-12-28,555,549.6194947503125,5.3805052496875305,5.3805052496875305
2015-12-28,443,449.877724166907,-6.877724166907001,6.877724166907001
2015-12-28,3212,3069.0028563418223,142.99714365817772,142.99714365817772
2015-12-29,543,564.9938216561892,-21.993821656189198,21.993821656189198
2015-12-29,354,385.04320614225384,-31.043206142253837,31.043206142253837
2015-12-29,1856,1972.6121933664708,-116.61219336647082,116.61219336647082
2015-12-29,1894,1972.9761967500929,-78.97619675009287,78.97619675009287
2015-12-29,369,304.1591495454208,64.8408504545792,64.8408504545792
2015-12-29,1786,2079.547706371335,-293.54770637133515,293.54770637133515
2015-12-29,324,325.65515145940475,-1.655151459404749,1.655151459404749
2015-12-29,464,522.7663700964492,-58.766370096449236,58.766370096449236
2015-12-29,394,398.45957620026184,-4.459576200261836,4.459576200261836
2015-12-29,998,833.8443425011181,164.15565749888185,164.15565749888185
2015-12-29,770,923.8067636498014,-153.80676364980138,153.80676364980138
2015-12-29,184,224.9946229357708,-40.99462293577079,40.99462293577079
2015-12-29,2294,2271.7999673137747,22.200032686225313,22.200032686225313
2015-12-29,1809,1897.1079550645543,-88.10795506455429,88.10795506455429
2015-12-29,1072,907.5073620127012,164.49263798729885,164.49263798729885
2015-12-29,2039,2097.822451583059,-58.822451583058864,58.822451583058864
2015-12-29,1472,1236.6495825881384,235.3504174118616,235.3504174118616
2015-12-29,592,551.1536597438967,40.8463402561033,40.8463402561033
2015-12-29,471,367.0796847197642,103.9203152802358,103.9203152802358
2015-12-29,1464,1373.5197869301596,90.48021306984037,90.48021306984037
2015-12-29,2180,2177.531761469913,2.468238530087092,2.468238530087092
2015-12-29,946,931.8892392598469,14.110760740153069,14.110760740153069
2015-12-29,468,439.654695760605,28.345304239394977,28.345304239394977
2015-12-29,648,590.975843809701,57.02415619029898,57.02415619029898
2015-12-29,3150,3040.6563555270363,109.34364447296366,109.34364447296366
2015-12-29,877,897.1423107589533,-20.142310758953272,20.142310758953272
2015-12-29,248,268.82189067914555,-20.821890679145554,20.821890679145554
2015-12-29,1114,1242.403873494309,-128.40387349430898,128.40387349430898
2015-12-29,906,815.6556415669442,90.34435843305585,90.34435843305585
2015-12-29,207,215.62875841064744,-8.628758410647436,8.628758410647436
2015-12-30,499,506.033681742806,-7.033681742805982,7.033681742805982
2015-12-30,266,340.9730873375713,-74.97308733757131,74.97308733757131
2015-12-30,976,853.1400787192232,122.8599212807768,122.8599212807768
2015-12-30,1023,923.3420517044683,99.6579482955317,99.6579482955317
2015-12-30,678,630.2056676191371,47.7943323808629,47.7943323808629
2015-12-30,221,261.41531893866795,-40.41531893866795,40.41531893866795
2015-12-30,2165,2134.6284985004486,30.371501499551414,30.371501499551414
2015-12-30,1024,935.2040305215799,88.79596947842015,88.79596947842015
2015-12-30,674,565.2861959568725,108.71380404312754,108.71380404312754
2015-12-30,777,637.5974860750698,139.4025139249302,139.4025139249302
2015-12-30,2442,2018.8295738337458,423.1704261662542,423.1704261662542
2015-12-30,2518,1981.6548891699435,536.3451108300565,536.3451108300565
2015-12-30,2259,2314.8388244142648,-55.838824414264764,55.838824414264764
2015-12-30,300,362.4146870675147,-62.414687067514706,62.414687067514706
2015-12-30,845,841.5527612251061,3.44723877489389,3.44723877489389
2015-12-30,2534,1988.2428367313057,545.7571632686943,545.7571632686943
2015-12-30,855,827.7980255057547,27.20197449424529,27.20197449424529
2015-12-30,338,246.64785257925018,91.35214742074982,91.35214742074982
2015-12-30,1943,1821.1490538223527,121.8509461776473,121.8509461776473
2015-12-30,1618,1275.846899861601,342.15310013839894,342.15310013839894
2015-12-30,773,832.9536712817437,-59.95367128174371,59.95367128174371
2015-12-30,316,383.4807905912949,-67.48079059129492,67.48079059129492
2015-12-30,1227,1245.8028429972123,-18.802842997212338,18.802842997212338
2015-12-30,1750,1744.5675147664542,5.432485233545776,5.432485233545776
2015-12-30,3197,3068.8770271088683,128.12297289113167,128.12297289113167
2015-12-30,1338,1276.1874398085183,61.81256019148168,61.81256019148168
2015-12-30,391,389.50511155078965,1.4948884492103502,1.4948884492103502
2015-12-30,499,428.8666610646872,70.13333893531279,70.13333893531279
2015-12-30,306,224.73096270869453,81.26903729130547,81.26903729130547
2015-12-30,375,412.44784559868003,-37.44784559868003,37.44784559868003
2015-12-31,2518,2141.342685022628,376.65731497737215,376.65731497737215
2015-12-31,240,252.54578541609598,-12.545785416095981,12.545785416095981
2015-12-31,560,623.6681815017812,-63.66818150178119,63.66818150178119
2015-12-31,3371,2232.9541715126234,1138.0458284873766,1138.0458284873766
2015-12-31,476,496.3191171752303,-20.319117175230303,20.319117175230303
2015-12-31,2686,2089.210662455827,596.7893375441731,596.7893375441731
2015-12-31,832,752.9338373915219,79.06616260847807,79.06616260847807
2015-12-31,652,397.57821944070776,254.42178055929224,254.42178055929224
2015-12-31,437,424.7840022437468,12.215997756253216,12.215997756253216
2015-12-31,332,267.36838192887535,64.63161807112465,64.63161807112465
2015-12-31,3723,2909.759939726464,813.2400602735361,813.2400602735361
2015-12-31,2930,1977.5365304819459,952.4634695180541,952.4634695180541
2015-12-31,364,341.8668923815056,22.13310761849442,22.13310761849442
2015-12-31,3319,2200.6974787383037,1118.3025212616963,1118.3025212616963
2015-12-31,967,664.047936804971,302.95206319502904,302.95206319502904
2015-12-31,1691,1205.6502518239088,485.3497481760912,485.3497481760912
2015-12-31,3666,2391.1180537839814,1274.8819462160186,1274.8819462160186
2015-12-31,367,272.9497522506584,94.05024774934162,94.05024774934162
2015-12-31,493,383.8684938645506,109.1315061354494,109.1315061354494
2015-12-31,2533,1837.9161524512697,695.0838475487303,695.0838475487303
2015-12-31,1235,923.9901670649393,311.0098329350607,311.0098329350607
2015-12-31,1865,1060.9498977159978,804.0501022840022,804.0501022840022
2015-12-31,934,847.5521888432187,86.44781115678131,86.44781115678131
2015-12-31,1189,1256.1493287359506,-67.14932873595058,67.14932873595058
2015-12-31,392,347.3127218803323,44.687278119667724,44.687278119667724
2015-12-31,908,898.4235908789915,9.57640912100851,9.57640912100851
2015-12-31,2011,1487.462131161827,523.5378688381729,523.5378688381729
2015-12-31,323,364.985198130008,-41.98519813000797,41.98519813000797
2015-12-31,935,750.6919633289618,184.30803667103817,184.30803667103817
2015-12-31,1110,683.501310992257,426.498689007743,426.498689007743
2016-01-01,1584,1570.652011675638,13.34798832436195,13.34798832436195
2016-01-01,1046,1022.5883300232456,23.41166997675441,23.41166997675441
2016-01-01,744,895.354919949214,-151.35491994921404,151.35491994921404
2016-01-01,1053,1534.9428226671157,-481.9428226671157,481.9428226671157
2016-01-01,490,546.9213548323245,-56.92135483232448,56.92135483232448
2016-01-01,2116,2101.070880821412,14.929119178587825,14.929119178587825
2016-01-01,2161,2097.962031318066,63.03796868193422,63.03796868193422
2016-01-01,1929,1827.6059186172772,101.39408138272279,101.39408138272279
2016-01-01,200,309.59420745178164,-109.59420745178164,109.59420745178164
2016-01-01,267,400.76409316030316,-133.76409316030316,133.76409316030316
2016-01-01,272,345.7263948892844,-73.72639488928439,73.72639488928439
2016-01-01,279,310.80318368958905,-31.803183689589048,31.803183689589048
2016-01-01,2507,2216.5284220711287,290.4715779288713,290.4715779288713
2016-01-01,397,540.1729474396882,-143.1729474396882,143.1729474396882
2016-01-01,409,667.2389873104765,-258.23898731047655,258.23898731047655
2016-01-01,243,275.62701644207795,-32.627016442077945,32.627016442077945
2016-01-01,320,546.4965315485732,-226.49653154857322,226.49653154857322
2016-01-01,1203,1309.5212346226133,-106.52123462261329,106.52123462261329
2016-01-01,827,908.2664391319213,-81.26643913192129,81.26643913192129
2016-01-01,669,894.2781497454924,-225.27814974549244,225.27814974549244
2016-01-01,2388,2086.535030018954,301.4649699810461,301.4649699810461
2016-01-01,2083,1809.3158946148205,273.68410538517946,273.68410538517946
2016-01-01,2313,2108.4757450547227,204.52425494527733,204.52425494527733
2016-01-01,1104,1200.2946769272341,-96.29467692723415,96.29467692723415
2016-01-01,391,483.7297127419066,-92.72971274190661,92.72971274190661
2016-01-01,858,971.7298556447644,-113.72985564476437,113.72985564476437
2016-01-01,767,909.781204309951,-142.78120430995102,142.78120430995102
2016-01-01,782,837.9644756385361,-55.9644756385361,55.9644756385361
2016-01-01,305,347.0377587975083,-42.037758797508275,42.037758797508275
2016-01-01,2944,2652.602735034956,291.3972649650441,291.3972649650441
2016-01-02,2970,2880.8528468491777,89.1471531508223,89.1471531508223
2016-01-02,3839,3546.7679800269916,292.2320199730084,292.2320199730084
2016-01-02,855,715.9175752048967,139.0824247951033,139.0824247951033
2016-01-02,4134,3964.3972846645565,169.60271533544346,169.60271533544346
2016-01-02,1106,954.4592626782711,151.5407373217289,151.5407373217289
2016-01-02,1424,1412.4725500233988,11.527449976601247,11.527449976601247
2016-01-02,636,478.9399476760882,157.0600523239118,157.0600523239118
2016-01-02,3438,3271.63767310149,166.36232689851022,166.36232689851022
2016-01-02,354,345.1771085669697,8.822891433030293,8.822891433030293
2016-01-02,1822,1695.251706249238,126.74829375076206,126.74829375076206
2016-01-02,698,755.6523777937691,-57.65237779376912,57.65237779376912
2016-01-02,2168,2357.008674108265,-189.00867410826504,189.00867410826504
2016-01-02,1466,1394.644642449967,71.35535755003298,71.35535755003298
2016-01-02,1285,1201.5295964880986,83.4704035119014,83.4704035119014
2016-01-02,413,420.88636865564155,-7.886368655641547,7.886368655641547
2016-01-02,494,554.8991469629281,-60.89914696292806,60.89914696292806
2016-01-02,1260,1164.4594857455609,95.54051425443913,95.54051425443913
2016-01-02,411,414.4006144693591,-3.400614469359084,3.400614469359084
2016-01-02,1037,957.6037449694787,79.39625503052127,79.39625503052127
2016-01-02,419,409.63768035660877,9.362319643391231,9.362319643391231
2016-01-02,1040,1062.7803494113582,-22.780349411358202,22.780349411358202
2016-01-02,2876,3035.2764662526674,-159.27646625266743,159.27646625266743
2016-01-02,323,381.74346634769876,-58.74346634769876,58.74346634769876
2016-01-02,1059,1050.6196810728684,8.380318927131611,8.380318927131611
2016-01-02,1295,1285.0811630340788,9.918836965921173,9.918836965921173
2016-01-02,669,600.5841016470589,68.4158983529411,68.4158983529411
2016-01-02,1680,2016.8589666809712,-336.8589666809712,336.8589666809712
2016-01-02,2019,2264.954418961986,-245.954418961986,245.954418961986
2016-01-02,315,275.66439174548015,39.335608254519855,39.335608254519855
2016-01-02,3232,3010.32968301924,221.67031698076016,221.67031698076016
2016-01-03,355,347.3836415704241,7.616358429575882,7.616358429575882
2016-01-03,3116,3031.6401868261564,84.35981317384358,84.35981317384358
2016-01-03,181,303.03412071908133,-122.03412071908133,122.03412071908133
2016-01-03,1388,1409.6099236641664,-21.609923664166445,21.609923664166445
2016-01-03,1918,2032.98368842778,-114.98368842777995,114.98368842777995
2016-01-03,985,1073.1534245729654,-88.15342457296538,88.15342457296538
2016-01-03,2742,2806.8902981373176,-64.89029813731759,64.89029813731759
2016-01-03,1028,1017.5051268467239,10.494873153276103,10.494873153276103
2016-01-03,3261,3079.582804404663,181.41719559533703,181.41719559533703
2016-01-03,357,491.2385358057908,-134.23853580579078,134.23853580579078
2016-01-03,515,518.4592005951107,-3.459200595110701,3.459200595110701
2016-01-03,4186,4200.386805221311,-14.386805221311079,14.386805221311079
2016-01-03,724,721.9288262572989,2.0711737427011485,2.0711737427011485
2016-01-03,2482,2207.407383547793,274.59261645220704,274.59261645220704
2016-01-03,1001,958.8795931788457,42.12040682115435,42.12040682115435
2016-01-03,408,381.2501277321926,26.749872267807405,26.749872267807405
2016-01-03,2559,2551.7980629696017,7.201937030398312,7.201937030398312
2016-01-03,199,219.6994983389261,-20.699498338926105,20.699498338926105
2016-01-03,4097,3750.548457516822,346.45154248317795,346.45154248317795
2016-01-03,914,890.8917978630839,23.108202136916134,23.108202136916134
2016-01-03,3198,3043.8749390598873,154.1250609401127,154.1250609401127
2016-01-03,1214,1187.4951222424597,26.50487775754027,26.50487775754027
2016-01-03,1871,1848.6014541441864,22.39854585581361,22.39854585581361
2016-01-03,263,244.6025405499106,18.3974594500894,18.3974594500894
2016-01-03,515,638.7208480997444,-123.72084809974444,123.72084809974444
2016-01-03,1755,1466.390399472642,288.609600527358,288.609600527358
2016-01-03,593,493.5844791857726,99.41552081422742,99.41552081422742
2016-01-03,962,884.625699901553,77.37430009844695,77.37430009844695
2016-01-03,343,369.0693742992754,-26.06937429927541,26.06937429927541
2016-01-03,1210,1144.540350580528,65.45964941947204,65.45964941947204
2016-01-04,380,277.0316351804736,102.96836481952641,102.96836481952641
2016-01-04,2779,2461.9949318379468,317.00506816205325,317.00506816205325
2016-01-04,833,902.2022736212598,-69.20227362125979,69.20227362125979
2016-01-04,2373,2215.2397271613286,157.76027283867143,157.76027283867143
2016-01-04,702,608.9750987572439,93.02490124275607,93.02490124275607
2016-01-04,1532,1646.532235576088,-114.53223557608794,114.53223557608794
2016-01-04,501,391.4938167864207,109.50618321357928,109.50618321357928
2016-01-04,2267,2215.8076521782154,51.19234782178455,51.19234782178455
2016-01-04,342,321.6982232597015,20.30177674029852,20.30177674029852
2016-01-04,2162,2215.444442023031,-53.444442023031115,53.444442023031115
2016-01-04,2000,1907.4495428419698,92.55045715803021,92.55045715803021
2016-01-04,1662,1455.6272379999327,206.37276200006727,206.37276200006727
2016-01-04,885,964.2751286207217,-79.27512862072172,79.27512862072172
2016-01-04,247,237.94184503214498,9.058154967855018,9.058154967855018
2016-01-04,3861,3745.6195274147244,115.38047258527558,115.38047258527558
2016-01-04,790,645.4887033330849,144.5112966669151,144.5112966669151
2016-01-04,520,498.65368917973296,21.346310820267036,21.346310820267036
2016-01-04,462,584.239121034482,-122.23912103448197,122.23912103448197
2016-01-04,333,428.9057191597735,-95.90571915977353,95.90571915977353
2016-01-04,1564,1577.8351035999922,-13.83510359999218,13.83510359999218
2016-01-04,370,345.6376424886062,24.362357511393782,24.362357511393782
2016-01-04,2117,2120.71099827062,-3.7109982706201663,3.7109982706201663
2016-01-04,350,368.1402453454912,-18.140245345491223,18.140245345491223
2016-01-04,929,787.4278165671402,141.5721834328598,141.5721834328598
2016-01-04,996,988.1086971091274,7.891302890872566,7.891302890872566
2016-01-04,1039,1032.9860421883252,6.0139578116748,6.0139578116748
2016-01-04,1073,933.7542272188296,139.24577278117044,139.24577278117044
2016-01-04,2867,2726.3433922838217,140.6566077161783,140.6566077161783
2016-01-04,238,256.8007948007758,-18.800794800775805,18.800794800775805
2016-01-04,519,588.3417697105746,-69.34176971057457,69.34176971057457
2016-01-05,407,411.502607562468,-4.502607562467972,4.502607562467972
2016-01-05,2234,2250.0557223499873,-16.055722349987263,16.055722349987263
2016-01-05,863,898.5152841833091,-35.51528418330906,35.51528418330906
2016-01-05,295,321.99830488610974,-26.998304886109736,26.998304886109736
2016-01-05,2196,2114.844319263952,81.155680736048,81.155680736048
2016-01-05,2119,2011.2798810083384,107.7201189916616,107.7201189916616
2016-01-05,1474,1380.3971883040208,93.6028116959792,93.6028116959792
2016-01-05,3514,3518.0273703908138,-4.027370390813758,4.027370390813758
2016-01-05,887,959.9893068786838,-72.9893068786838,72.9893068786838
2016-01-05,404,528.894848848742,-124.89484884874196,124.89484884874196
2016-01-05,2104,2346.3905676656095,-242.39056766560952,242.39056766560952
2016-01-05,821,892.8610774753715,-71.86107747537153,71.86107747537153
2016-01-05,716,519.622813574502,196.37718642549805,196.37718642549805
2016-01-05,1377,1459.2719895789044,-82.27198957890437,82.27198957890437
2016-01-05,838,795.198387964182,42.80161203581804,42.80161203581804
2016-01-05,722,950.5792616043468,-228.5792616043468,228.5792616043468
2016-01-05,2342,2503.4409305847253,-161.44093058472527,161.44093058472527
2016-01-05,336,356.36829956883355,-20.36829956883355,20.36829956883355
2016-01-05,196,216.9934140313959,-20.9934140313959,20.9934140313959
2016-01-05,735,888.9392861302281,-153.93928613022808,153.93928613022808
2016-01-05,774,678.5285704170984,95.47142958290158,95.47142958290158
2016-01-05,1643,1513.2973416098812,129.7026583901188,129.7026583901188
2016-01-05,448,443.95160717095484,4.048392829045156,4.048392829045156
2016-01-05,201,267.92406062432883,-66.92406062432883,66.92406062432883
2016-01-05,229,221.57973040435823,7.42026959564177,7.42026959564177
2016-01-05,290,331.4775822682716,-41.47758226827159,41.47758226827159
2016-01-05,745,613.7121467283625,131.28785327163746,131.28785327163746
2016-01-05,2704,2445.873654784754,258.12634521524615,258.12634521524615
2016-01-05,3439,3563.2273792719916,-124.2273792719916,124.2273792719916
2016-01-05,253,343.89088807102894,-90.89088807102894,90.89088807102894
2016-01-06,830,867.6794182052988,-37.679418205298816,37.679418205298816
2016-01-06,240,315.55389905918406,-75.55389905918406,75.55389905918406
2016-01-06,258,340.4525665260333,-82.45256652603331,82.45256652603331
2016-01-06,206,238.6442800373458,-32.644280037345794,32.644280037345794
2016-01-06,623,778.3823601382999,-155.38236013829987,155.38236013829987
2016-01-06,2197,2455.1343261199027,-258.13432611990265,258.13432611990265
2016-01-06,632,774.797345075163,-142.79734507516298,142.79734507516298
2016-01-06,273,239.83868373759628,33.161316262403716,33.161316262403716
2016-01-06,653,832.1312910093976,-179.13129100939761,179.13129100939761
2016-01-06,3419,3385.7709704596723,33.2290295403277,33.2290295403277
2016-01-06,1285,1409.2950757649644,-124.2950757649644,124.2950757649644
2016-01-06,498,611.3349385321816,-113.33493853218158,113.33493853218158
2016-01-06,392,381.0398320588551,10.960167941144903,10.960167941144903
2016-01-06,2039,2283.944723760895,-244.94472376089516,244.94472376089516
2016-01-06,714,711.7895691853196,2.2104308146804215,2.2104308146804215
2016-01-06,396,478.1334105352452,-82.13341053524522,82.13341053524522
2016-01-06,3722,3589.1771388343736,132.82286116562636,132.82286116562636
2016-01-06,389,371.92452971557094,17.07547028442906,17.07547028442906
2016-01-06,264,272.9646093693496,-8.964609369349603,8.964609369349603
2016-01-06,324,382.88257583322144,-58.88257583322144,58.88257583322144
2016-01-06,1145,1367.2033106520992,-222.20331065209916,222.20331065209916
2016-01-06,2532,2787.7654046624875,-255.76540466248753,255.76540466248753
2016-01-06,1994,2444.430003161744,-450.430003161744,450.430003161744
2016-01-06,1931,2289.0467306857886,-358.0467306857886,358.0467306857886
2016-01-06,1520,1601.6614307030763,-81.66143070307635,81.66143070307635
2016-01-06,708,962.7346465027839,-254.7346465027839,254.7346465027839
2016-01-06,350,491.33603977022744,-141.33603977022744,141.33603977022744
2016-01-06,561,695.6884120360453,-134.6884120360453,134.6884120360453
2016-01-06,1722,2077.372055343694,-355.3720553436938,355.3720553436938
2016-01-06,868,904.9490694953402,-36.949069495340154,36.949069495340154
2016-01-07,191,241.51091442033268,-50.51091442033268,50.51091442033268
2016-01-07,421,389.538848860072,31.461151139928006,31.461151139928006
2016-01-07,1570,1400.0631535121418,169.93684648785825,169.93684648785825
2016-01-07,1705,1645.6075777748513,59.39242222514872,59.39242222514872
2016-01-07,2555,1991.1614119562591,563.8385880437409,563.8385880437409
2016-01-07,181,257.7211737053504,-76.7211737053504,76.7211737053504
2016-01-07,1996,2159.769799480804,-163.76979948080407,163.76979948080407
2016-01-07,761,1132.9677692742107,-371.9677692742107,371.9677692742107
2016-01-07,190,248.15980388975635,-58.15980388975635,58.15980388975635
2016-01-07,462,400.94645839682653,61.05354160317347,61.05354160317347
2016-01-07,927,944.6189036021925,-17.618903602192518,17.618903602192518
2016-01-07,449,514.2839003478512,-65.28390034785116,65.28390034785116
2016-01-07,2187,2142.1042586646936,44.89574133530641,44.89574133530641
2016-01-07,984,820.4025051543932,163.59749484560678,163.59749484560678
2016-01-07,2259,2428.222729524432,-169.222729524432,169.222729524432
2016-01-07,931,716.9330182663394,214.06698173366055,214.06698173366055
2016-01-07,2395,2312.5577756010625,82.44222439893747,82.44222439893747
2016-01-07,2695,1882.7726984531294,812.2273015468706,812.2273015468706
2016-01-07,875,838.1708037745221,36.82919622547786,36.82919622547786
2016-01-07,3158,3068.057392928351,89.94260707164904,89.94260707164904
2016-01-07,793,808.5240637572936,-15.524063757293561,15.524063757293561
2016-01-07,1270,1182.7074103891132,87.29258961088681,87.29258961088681
2016-01-07,561,691.08744786689,-130.08744786689,130.08744786689
2016-01-07,304,397.77254899238403,-93.77254899238403,93.77254899238403
2016-01-07,392,338.72378300735136,53.27621699264864,53.27621699264864
2016-01-07,608,763.8909173555787,-155.89091735557872,155.89091735557872
2016-01-07,3925,3544.589252716266,380.41074728373405,380.41074728373405
2016-01-07,316,312.32728255672475,3.6727174432752463,3.6727174432752463
2016-01-07,541,482.6886692685304,58.31133073146958,58.31133073146958
2016-01-07,342,292.79795731491845,49.20204268508155,49.20204268508155
2016-01-08,1410,1331.0551256680799,78.94487433192012,78.94487433192012
2016-01-08,2503,2230.4271745735527,272.57282542644725,272.57282542644725
2016-01-08,308,334.4137657363796,-26.413765736379617,26.413765736379617
2016-01-08,980,919.2499518806724,60.75004811932763,60.75004811932763
2016-01-08,906,924.9343616021991,-18.934361602199147,18.934361602199147
2016-01-08,263,349.89671580997475,-86.89671580997475,86.89671580997475
2016-01-08,2555,2304.607095443314,250.39290455668606,250.39290455668606
2016-01-08,2863,2599.1982972179667,263.8017027820333,263.8017027820333
2016-01-08,723,675.5015650693865,47.498434930613485,47.498434930613485
2016-01-08,250,263.54112410753635,-13.541124107536348,13.541124107536348
2016-01-08,3847,3663.1507888988076,183.8492111011924,183.8492111011924
2016-01-08,841,868.7217247147186,-27.72172471471856,27.72172471471856
2016-01-08,343,254.39887953434746,88.60112046565254,88.60112046565254
2016-01-08,2408,2244.302408070955,163.69759192904485,163.69759192904485
2016-01-08,364,326.3675101888527,37.63248981114731,37.63248981114731
2016-01-08,1861,1766.9563992053709,94.04360079462913,94.04360079462913
2016-01-08,271,233.42555690759784,37.57444309240216,37.57444309240216
2016-01-08,437,385.35095834009763,51.649041659902366,51.649041659902366
2016-01-08,2902,2530.260179902753,371.73982009724705,371.73982009724705
2016-01-08,405,379.1798119527392,25.820188047260785,25.820188047260785
2016-01-08,538,495.80019315707085,42.19980684292915,42.19980684292915
2016-01-08,593,531.1911519928547,61.80884800714534,61.80884800714534
2016-01-08,901,818.1982924228505,82.8017075771495,82.8017075771495
2016-01-08,868,846.4818132443362,21.518186755663805,21.518186755663805
2016-01-08,2222,2163.6244398629838,58.37556013701624,58.37556013701624
2016-01-08,415,447.2857660203877,-32.28576602038771,32.28576602038771
2016-01-08,948,854.041732654458,93.95826734554203,93.95826734554203
2016-01-08,3780,3653.7003439075875,126.29965609241253,126.29965609241253
2016-01-08,831,689.885211990209,141.11478800979103,141.11478800979103
2016-01-08,1400,1251.838719217804,148.16128078219594,148.16128078219594
2016-01-09,5275,4466.773386398004,808.2266136019962,808.2266136019962
2016-01-09,2774,2681.235856947402,92.76414305259777,92.76414305259777
2016-01-09,1351,1298.7924325523343,52.207567447665724,52.207567447665724
2016-01-09,1366,1257.5706489148436,108.42935108515644,108.42935108515644
2016-01-09,1106,1156.6511939447096,-50.651193944709576,50.651193944709576
2016-01-09,589,585.1386044144385,3.8613955855614677,3.8613955855614677
2016-01-09,4010,3308.9285789042133,701.0714210957867,701.0714210957867
2016-01-09,3035,2954.453899896608,80.54610010339184,80.54610010339184
2016-01-09,705,719.9862728560291,-14.986272856029132,14.986272856029132
2016-01-09,1143,1107.4295163578408,35.57048364215916,35.57048364215916
2016-01-09,3753,3600.723250650737,152.2767493492629,152.2767493492629
2016-01-09,265,266.4566470766724,-1.456647076672425,1.456647076672425
2016-01-09,2593,2183.98720392587,409.01279607413016,409.01279607413016
2016-01-09,382,337.72967156627845,44.270328433721545,44.270328433721545
2016-01-09,385,440.7192563928402,-55.71925639284018,55.71925639284018
2016-01-09,1119,1011.6729798311,107.32702016890005,107.32702016890005
2016-01-09,1551,1484.2167915413227,66.78320845867734,66.78320845867734
2016-01-09,5039,4155.549845165764,883.450154834236,883.450154834236
2016-01-09,1965,1832.4211615722925,132.57883842770752,132.57883842770752
2016-01-09,520,557.0990789957226,-37.09907899572261,37.09907899572261
2016-01-09,1737,1631.6126885042609,105.38731149573914,105.38731149573914
2016-01-09,3576,3387.744421876093,188.25557812390707,188.25557812390707
2016-01-09,700,717.1727722747232,-17.17277227472323,17.17277227472323
2016-01-09,944,928.6634988392904,15.336501160709645,15.336501160709645
2016-01-09,568,518.5609559381858,49.43904406181423,49.43904406181423
2016-01-09,4006,3471.9929375162565,534.0070624837435,534.0070624837435
2016-01-09,430,394.047009190236,35.952990809764,35.952990809764
2016-01-09,519,396.411288482015,122.58871151798502,122.58871151798502
2016-01-09,341,415.7531139307043,-74.75311393070427,74.75311393070427
2016-01-09,1133,1066.3922202901285,66.60777970987147,66.60777970987147
2016-01-10,461,362.27088770290237,98.72911229709763,98.72911229709763
2016-01-10,892,736.3201129485302,155.6798870514698,155.6798870514698
2016-01-10,3117,2990.6097605376312,126.39023946236875,126.39023946236875
2016-01-10,238,298.24134308770937,-60.24134308770937,60.24134308770937
2016-01-10,3897,3509.0022321764422,387.99776782355775,387.99776782355775
2016-01-10,368,442.501418035728,-74.50141803572802,74.50141803572802
2016-01-10,584,526.5688820002381,57.43111799976191,57.43111799976191
2016-01-10,376,361.17082352295165,14.82917647704835,14.82917647704835
2016-01-10,1005,1091.0487609249358,-86.04876092493578,86.04876092493578
2016-01-10,5269,4952.740333802501,316.2596661974994,316.2596661974994
2016-01-10,2864,3030.6144791544243,-166.61447915442432,166.61447915442432
2016-01-10,752,945.2321697722015,-193.23216977220147,193.23216977220147
2016-01-10,414,444.4967885150134,-30.496788515013407,30.496788515013407
2016-01-10,1197,1311.1328941142428,-114.13289411424284,114.13289411424284
2016-01-10,3090,3082.4413092012696,7.5586907987303675,7.5586907987303675
2016-01-10,1357,1441.3582193847246,-84.35821938472463,84.35821938472463
2016-01-10,786,1050.2467085648152,-264.2467085648152,264.2467085648152
2016-01-10,808,985.5260306483226,-177.5260306483226,177.5260306483226
2016-01-10,489,594.8645503508773,-105.86455035087727,105.86455035087727
2016-01-10,1874,1936.0367989788494,-62.03679897884945,62.03679897884945
2016-01-10,166,241.97514466683575,-75.97514466683575,75.97514466683575
2016-01-10,1887,1789.0079829493504,97.99201705064957,97.99201705064957
2016-01-10,3402,3454.19607807224,-52.1960780722402,52.1960780722402
2016-01-10,551,515.9538317800581,35.04616821994193,35.04616821994193
2016-01-10,1084,1115.6157616864964,-31.6157616864964,31.6157616864964
2016-01-10,1274,1306.1192816908579,-32.11928169085786,32.11928169085786
2016-01-10,2678,2767.4165438273103,-89.4165438273103,89.4165438273103
2016-01-10,2292,2373.937506595922,-81.93750659592206,81.93750659592206
2016-01-10,423,379.48908014453644,43.510919855463555,43.510919855463555
2016-01-10,3774,3326.5496627707394,447.45033722926064,447.45033722926064
2016-01-11,2262,2598.281759284448,-336.28175928444807,336.28175928444807
2016-01-11,148,221.49047563407584,-73.49047563407584,73.49047563407584
2016-01-11,495,585.8455521430825,-90.8455521430825,90.8455521430825
2016-01-11,2683,2591.790927443713,91.20907255628708,91.20907255628708
2016-01-11,500,505.42214186100665,-5.422141861006651,5.422141861006651
2016-01-11,540,642.2193526963636,-102.21935269636356,102.21935269636356
2016-01-11,793,943.2017423202644,-150.20174232026443,150.20174232026443
2016-01-11,766,851.8120476462899,-85.8120476462899,85.8120476462899
2016-01-11,244,401.82024184824576,-157.82024184824576,157.82024184824576
2016-01-11,320,425.1868706044765,-105.1868706044765,105.1868706044765
2016-01-11,529,467.7820291905408,61.21797080945919,61.21797080945919
2016-01-11,2675,2416.1345789824154,258.8654210175846,258.8654210175846
2016-01-11,1617,1554.7476237329422,62.2523762670578,62.2523762670578
2016-01-11,130,212.84482731680802,-82.84482731680802,82.84482731680802
2016-01-11,818,1010.6152922054208,-192.61529220542081,192.61529220542081
2016-01-11,2669,2607.7663036609033,61.233696339096696,61.233696339096696
2016-01-11,223,328.08151266470634,-105.08151266470634,105.08151266470634
2016-01-11,2132,2269.9191991501557,-137.9191991501557,137.9191991501557
2016-01-11,2425,2338.9727025640514,86.02729743594864,86.02729743594864
2016-01-11,2019,1888.8473552259215,130.15264477407845,130.15264477407845
2016-01-11,376,345.0746044487367,30.925395551263307,30.925395551263307
2016-01-11,614,576.491640227748,37.50835977225199,37.50835977225199
2016-01-11,707,728.3735008111707,-21.373500811170743,21.373500811170743
2016-01-11,4210,3920.737411438974,289.26258856102595,289.26258856102595
2016-01-11,242,299.3994856258243,-57.3994856258243,57.3994856258243
2016-01-11,792,943.0661469526348,-151.06614695263477,151.06614695263477
2016-01-11,1417,1582.4678549712494,-165.46785497124938,165.46785497124938
2016-01-11,412,341.529181589213,70.47081841078699,70.47081841078699
2016-01-11,4409,3966.2314886521694,442.76851134783055,442.76851134783055
2016-01-11,819,1040.177589208997,-221.177589208997,221.177589208997
2016-01-12,241,337.71647353188405,-96.71647353188405,96.71647353188405
2016-01-12,1922,2190.9954257973322,-268.99542579733225,268.99542579733225
2016-01-12,2180,2337.6982330353885,-157.6982330353885,157.6982330353885
2016-01-12,3750,3637.9029095691153,112.09709043088469,112.09709043088469
2016-01-12,1395,1417.6941509761405,-22.694150976140463,22.694150976140463
2016-01-12,2921,2465.024636506303,455.97536349369693,455.97536349369693
2016-01-12,202,228.91018245537842,-26.91018245537842,26.91018245537842
2016-01-12,830,793.8281034306441,36.17189656935591,36.17189656935591
2016-01-12,743,818.4818889867313,-75.48188898673129,75.48188898673129
2016-01-12,327,313.26642194704715,13.73357805295285,13.73357805295285
2016-01-12,381,549.2559682165643,-168.25596821656427,168.25596821656427
2016-01-12,463,450.2903259273948,12.709674072605196,12.709674072605196
2016-01-12,2369,2299.0104271392497,69.98957286075029,69.98957286075029
2016-01-12,2548,2253.0334546157874,294.9665453842126,294.9665453842126
2016-01-12,660,757.7061090016881,-97.7061090016881,97.7061090016881
2016-01-12,386,381.91470752091504,4.085292479084956,4.085292479084956
2016-01-12,777,874.5267824059096,-97.52678240590956,97.52678240590956
2016-01-12,755,796.4170501464217,-41.41705014642173,41.41705014642173
2016-01-12,443,591.9304604813796,-148.93046048137955,148.93046048137955
2016-01-12,225,334.38136851627553,-109.38136851627553,109.38136851627553
2016-01-12,457,605.5601954954326,-148.5601954954326,148.5601954954326
2016-01-12,2163,1876.670881642879,286.32911835712093,286.32911835712093
2016-01-12,2232,2399.320774882538,-167.320774882538,167.320774882538
2016-01-12,465,503.00180160276886,-38.001801602768865,38.001801602768865
2016-01-12,333,320.5546302718866,12.445369728113405,12.445369728113405
2016-01-12,1250,1374.4346199164545,-124.4346199164545,124.4346199164545
2016-01-12,732,816.5356650194283,-84.53566501942828,84.53566501942828
2016-01-12,236,200.690738180222,35.30926181977799,35.30926181977799
2016-01-12,3492,3624.60993417505,-132.60993417505006,132.60993417505006
2016-01-12,244,221.11810399142087,22.881896008579133,22.881896008579133
2016-01-13,415,415.17973100148345,-0.17973100148344656,0.17973100148344656
2016-01-13,2127,2378.4020705539406,-251.40207055394058,251.40207055394058
2016-01-13,258,321.8894691651896,-63.88946916518961,63.88946916518961
2016-01-13,811,807.3602516483354,3.6397483516645934,3.6397483516645934
2016-01-13,710,711.5819328720997,-1.5819328720997419,1.5819328720997419
2016-01-13,355,367.6813392722933,-12.681339272293314,12.681339272293314
2016-01-13,552,560.7174848890938,-8.71748488909384,8.71748488909384
2016-01-13,276,278.2976730887424,-2.2976730887423855,2.2976730887423855
2016-01-13,3216,3411.9163849519546,-195.91638495195457,195.91638495195457
2016-01-13,161,252.12999783754944,-91.12999783754944,91.12999783754944
2016-01-13,357,312.49209478808274,44.50790521191726,44.50790521191726
2016-01-13,2418,2260.669293212153,157.3307067878468,157.3307067878468
2016-01-13,1832,1786.0557432652597,45.94425673474029,45.94425673474029
2016-01-13,1097,1279.1177276929102,-182.1177276929102,182.1177276929102
2016-01-13,736,705.5908412862221,30.409158713777856,30.409158713777856
2016-01-13,1311,1346.7881310417479,-35.788131041747874,35.788131041747874
2016-01-13,228,226.88727460951444,1.112725390485565,1.112725390485565
2016-01-13,389,460.02058018656373,-71.02058018656373,71.02058018656373
2016-01-13,651,733.501775479487,-82.50177547948704,82.50177547948704
2016-01-13,3182,3081.541410604447,100.45858939555319,100.45858939555319
2016-01-13,1870,2325.0155917032043,-455.01559170320434,455.01559170320434
2016-01-13,490,559.8332371634011,-69.83323716340112,69.83323716340112
2016-01-13,316,354.9612007768764,-38.96120077687641,38.96120077687641
2016-01-13,679,833.4227373202621,-154.42273732026206,154.42273732026206
2016-01-13,2366,2292.592040322891,73.40795967710892,73.40795967710892
2016-01-13,2063,2449.8644396594354,-386.86443965943545,386.86443965943545
2016-01-13,476,607.2449248815708,-131.2449248815708,131.2449248815708
2016-01-13,187,243.96507100438112,-56.965071004381116,56.965071004381116
2016-01-13,742,825.0140126555937,-83.01401265559366,83.01401265559366
2016-01-13,1960,2141.425953054152,-181.42595305415216,181.42595305415216
2016-01-14,1173,1202.5276503555885,-29.52765035558855,29.52765035558855
2016-01-14,728,762.2754296847588,-34.27542968475882,34.27542968475882
2016-01-14,312,235.89295912988206,76.10704087011794,76.10704087011794
2016-01-14,344,340.2803789546561,3.7196210453438994,3.7196210453438994
2016-01-14,3029,2554.2716131361453,474.72838686385467,474.72838686385467
2016-01-14,801,919.5548326158979,-118.55483261589791,118.55483261589791
2016-01-14,3060,3404.949702602162,-344.9497026021618,344.9497026021618
2016-01-14,278,230.0602801688844,47.93971983111561,47.93971983111561
2016-01-14,2176,2252.4167325573712,-76.41673255737123,76.41673255737123
2016-01-14,729,633.3924433981089,95.60755660189113,95.60755660189113
2016-01-14,696,627.0892909891352,68.91070901086482,68.91070901086482
2016-01-14,743,811.0680869082967,-68.06808690829666,68.06808690829666
2016-01-14,1300,1402.2767043229815,-102.27670432298146,102.27670432298146
2016-01-14,491,464.08642178811533,26.91357821188467,26.91357821188467
2016-01-14,359,330.6930247956046,28.306975204395428,28.306975204395428
2016-01-14,357,430.2850240705297,-73.28502407052969,73.28502407052969
2016-01-14,4281,3360.445934383469,920.5540656165308,920.5540656165308
2016-01-14,2210,2424.3178920939126,-214.31789209391263,214.31789209391263
2016-01-14,1720,1926.0231045766398,-206.02310457663975,206.02310457663975
2016-01-14,283,407.4118057324348,-124.4118057324348,124.4118057324348
2016-01-14,319,341.19647669160025,-22.196476691600253,22.196476691600253
2016-01-14,999,900.927392835332,98.07260716466806,98.07260716466806
2016-01-14,2100,2379.8524840157534,-279.85248401575336,279.85248401575336
2016-01-14,775,807.8184372046254,-32.81843720462541,32.81843720462541
2016-01-14,281,410.3349777795251,-129.3349777795251,129.3349777795251
2016-01-14,765,829.9233987292432,-64.92339872924322,64.92339872924322
2016-01-14,2644,2119.346751598814,524.6532484011859,524.6532484011859
2016-01-14,515,545.5359240717167,-30.53592407171675,30.53592407171675
2016-01-14,2149,2436.2922627534513,-287.29226275345127,287.29226275345127
2016-01-14,239,237.83913966539328,1.160860334606724,1.160860334606724
2016-01-15,1254,1000.1247795489389,253.87522045106107,253.87522045106107
2016-01-15,3154,2578.046993152161,575.9530068478389,575.9530068478389
2016-01-15,3552,2781.7759930967636,770.2240069032364,770.2240069032364
2016-01-15,880,879.1620954261745,0.83790457382554,0.83790457382554
2016-01-15,858,805.0124708679757,52.98752913202429,52.98752913202429
2016-01-15,408,396.15837850503,11.841621494970013,11.841621494970013
2016-01-15,492,538.6763961301326,-46.676396130132616,46.676396130132616
2016-01-15,909,734.796834513186,174.203165486814,174.203165486814
2016-01-15,210,286.54869515275095,-76.54869515275095,76.54869515275095
2016-01-15,291,285.3012999095829,5.6987000904171055,5.6987000904171055
2016-01-15,533,542.3986587288417,-9.398658728841724,9.398658728841724
2016-01-15,485,404.06539572206054,80.93460427793946,80.93460427793946
2016-01-15,2518,2455.1706398563433,62.829360143656686,62.829360143656686
2016-01-15,220,247.9578372931384,-27.957837293138397,27.957837293138397
2016-01-15,364,339.785082366447,24.214917633553,24.214917633553
2016-01-15,974,908.924036005877,65.07596399412296,65.07596399412296
2016-01-15,2613,2545.076739444511,67.92326055548892,67.92326055548892
2016-01-15,948,829.0332737486096,118.96672625139036,118.96672625139036
2016-01-15,2220,1894.0019520044475,325.9980479955525,325.9980479955525
2016-01-15,368,358.65883721608486,9.341162783915138,9.341162783915138
2016-01-15,1291,1307.0004769658603,-16.000476965860344,16.000476965860344
2016-01-15,466,430.84757708863583,35.15242291136417,35.15242291136417
2016-01-15,1534,1334.8446969863992,199.15530301360081,199.15530301360081
2016-01-15,912,747.6195261807326,164.38047381926742,164.38047381926742
2016-01-15,3550,3508.132476823001,41.86752317699893,41.86752317699893
2016-01-15,2691,2582.292243174922,108.70775682507792,108.70775682507792
2016-01-15,4355,3607.993869233685,747.006130766315,747.006130766315
2016-01-15,2433,2359.575161337872,73.42483866212797,73.42483866212797
2016-01-15,359,343.1225910293632,15.877408970636793,15.877408970636793
2016-01-15,948,930.7716612578743,17.228338742125743,17.228338742125743
2016-01-16,457,425.77289698451295,31.227103015487046,31.227103015487046
2016-01-16,378,360.69848316539674,17.301516834603262,17.301516834603262
2016-01-16,1304,1259.2099718520367,44.79002814796331,44.79002814796331
2016-01-16,4686,4541.692954546675,144.30704545332537,144.30704545332537
2016-01-16,1153,1123.0394288012337,29.960571198766274,29.960571198766274
2016-01-16,3716,3814.189901367543,-98.18990136754292,98.18990136754292
2016-01-16,2951,3031.5690394158028,-80.56903941580276,80.56903941580276
2016-01-16,1114,1132.2996822643563,-18.299682264356306,18.299682264356306
2016-01-16,392,415.5767289864999,-23.576728986499916,23.576728986499916
2016-01-16,670,768.2882549947417,-98.28825499474169,98.28825499474169
2016-01-16,413,503.9972747751751,-90.99727477517507,90.99727477517507
2016-01-16,4056,3276.583550417483,779.4164495825171,779.4164495825171
2016-01-16,3878,3559.7115641077435,318.28843589225653,318.28843589225653
2016-01-16,4203,3726.670655712642,476.3293442873578,476.3293442873578
2016-01-16,624,716.9649501258684,-92.96495012586843,92.96495012586843
2016-01-16,1034,1043.763704024935,-9.763704024934896,9.763704024934896
2016-01-16,2961,2759.0490021224314,201.95099787756862,201.95099787756862
2016-01-16,1545,1513.81882593075,31.18117406924989,31.18117406924989
2016-01-16,1332,1249.5306324034493,82.46936759655068,82.46936759655068
2016-01-16,337,360.3752981670519,-23.37529816705188,23.37529816705188
2016-01-16,310,274.7278957464808,35.27210425351922,35.27210425351922
2016-01-16,1260,1273.6716504034518,-13.67165040345185,13.67165040345185
2016-01-16,1063,1139.667568683412,-76.6675686834119,76.6675686834119
2016-01-16,697,585.8500986525873,111.14990134741265,111.14990134741265
2016-01-16,1930,1829.472430547152,100.52756945284796,100.52756945284796
2016-01-16,532,604.3692073886191,-72.36920738861909,72.36920738861909
2016-01-16,3771,3549.4369487844315,221.56305121556852,221.56305121556852
2016-01-16,2190,2522.206264969782,-332.20626496978184,332.20626496978184
2016-01-16,446,552.9335144286921,-106.93351442869209,106.93351442869209
2016-01-16,1743,1720.5758197653338,22.42418023466621,22.42418023466621
2016-01-17,1305,1284.8141552385794,20.18584476142064,20.18584476142064
2016-01-17,685,937.5651090160379,-252.56510901603792,252.56510901603792
2016-01-17,728,916.710067938932,-188.71006793893196,188.71006793893196
2016-01-17,3015,3578.1737716922507,-563.1737716922507,563.1737716922507
2016-01-17,1329,1261.0890338259542,67.91096617404583,67.91096617404583
2016-01-17,792,799.0876728641609,-7.087672864160936,7.087672864160936
2016-01-17,433,422.89706227124594,10.102937728754057,10.102937728754057
2016-01-17,959,1056.605336590264,-97.60533659026396,97.60533659026396
2016-01-17,2786,3087.23700282463,-301.23700282463005,301.23700282463005
2016-01-17,2368,2335.2183830069907,32.781616993009266,32.781616993009266
2016-01-17,1156,1149.3351160569277,6.664883943072255,6.664883943072255
2016-01-17,300,324.69047955867745,-24.690479558677453,24.690479558677453
2016-01-17,3531,3503.9370517353714,27.06294826462863,27.06294826462863
2016-01-17,2790,2686.961066106592,103.03893389340783,103.03893389340783
2016-01-17,452,504.36426036296234,-52.36426036296234,52.36426036296234
2016-01-17,197,235.38185150753122,-38.38185150753122,38.38185150753122
2016-01-17,1025,1109.125150285809,-84.12515028580901,84.12515028580901
2016-01-17,4647,4540.459443373632,106.54055662636802,106.54055662636802
2016-01-17,3285,2998.197749970306,286.8022500296938,286.8022500296938
2016-01-17,1913,1881.6181562002967,31.381843799703347,31.381843799703347
2016-01-17,506,555.1384009929225,-49.13840099292247,49.13840099292247
2016-01-17,2708,3048.1331223016186,-340.13312230161864,340.13312230161864
2016-01-17,316,460.81305347365293,-144.81305347365293,144.81305347365293
2016-01-17,1670,1694.1486698024382,-24.148669802438235,24.148669802438235
2016-01-17,583,574.8787074182691,8.121292581730927,8.121292581730927
2016-01-17,420,417.20236687896937,2.7976331210306284,2.7976331210306284
2016-01-17,459,441.9161555846787,17.083844415321323,17.083844415321323
2016-01-17,181,283.92861143215123,-102.92861143215123,102.92861143215123
2016-01-17,1460,1430.1784992108264,29.82150078917357,29.82150078917357
2016-01-17,3534,3590.442589008558,-56.442589008558116,56.442589008558116
2016-01-18,2905,2436.382439516921,468.61756048307916,468.61756048307916
2016-01-18,931,850.6412615985503,80.35873840144973,80.35873840144973
2016-01-18,1862,1439.4361111368426,422.56388886315744,422.56388886315744
2016-01-18,2267,2188.027480733446,78.97251926655417,78.97251926655417
2016-01-18,1230,923.8426019679839,306.1573980320161,306.1573980320161
2016-01-18,907,807.8146337452229,99.18536625477714,99.18536625477714
2016-01-18,1958,2146.5339283003486,-188.53392830034863,188.53392830034863
2016-01-18,527,649.5823383775627,-122.58233837756268,122.58233837756268
2016-01-18,508,477.65017570571166,30.34982429428834,30.34982429428834
2016-01-18,2949,2297.124894232226,651.8751057677741,651.8751057677741
2016-01-18,2015,1819.9802440873673,195.01975591263272,195.01975591263272
2016-01-18,991,949.6237569099837,41.37624309001626,41.37624309001626
2016-01-18,609,554.1762732844645,54.823726715535486,54.823726715535486
2016-01-18,1664,1405.8635822325452,258.13641776745476,258.13641776745476
2016-01-18,234,310.1380824210073,-76.13808242100731,76.13808242100731
2016-01-18,2391,2297.748880026986,93.25111997301383,93.25111997301383
2016-01-18,421,355.27673093237,65.72326906762999,65.72326906762999
2016-01-18,791,780.4112767002204,10.588723299779645,10.588723299779645
2016-01-18,2909,2832.179853149171,76.82014685082913,76.82014685082913
2016-01-18,620,640.1788809554139,-20.178880955413888,20.178880955413888
2016-01-18,234,287.8683415947843,-53.86834159478428,53.86834159478428
2016-01-18,379,356.25983236914146,22.740167630858537,22.740167630858537
2016-01-18,970,935.9300264440898,34.069973555910224,34.069973555910224
2016-01-18,2465,2063.503895723115,401.49610427688503,401.49610427688503
2016-01-18,308,383.59030951415565,-75.59030951415565,75.59030951415565
2016-01-18,427,556.4567862798983,-129.45678627989832,129.45678627989832
2016-01-18,4151,3678.5020326240087,472.49796737599127,472.49796737599127
2016-01-18,199,196.82726186127147,2.1727381387285334,2.1727381387285334
2016-01-18,372,370.19867163548446,1.8013283645155411,1.8013283645155411
2016-01-18,146,213.88651770324972,-67.88651770324972,67.88651770324972
2016-01-19,1563,1707.0578015546946,-144.0578015546946,144.0578015546946
2016-01-19,2015,1863.992148443576,151.00785155642393,151.00785155642393
2016-01-19,2125,2122.7204064121324,2.2795935878675664,2.2795935878675664
2016-01-19,2099,2099.882611737138,-0.882611737138177,0.882611737138177
2016-01-19,2311,2103.3547074825037,207.64529251749627,207.64529251749627
2016-01-19,598,618.5954165990876,-20.59541659908757,20.59541659908757
2016-01-19,387,540.4598141334554,-153.45981413345544,153.45981413345544
2016-01-19,168,209.61573974011796,-41.61573974011796,41.61573974011796
2016-01-19,3610,3348.791334142666,261.2086658573339,261.2086658573339
2016-01-19,294,298.2593571687819,-4.259357168781889,4.259357168781889
2016-01-19,2732,2704.6582918837457,27.341708116254267,27.341708116254267
2016-01-19,383,443.8519543026933,-60.85195430269329,60.85195430269329
2016-01-19,358,304.7200440296539,53.27995597034612,53.27995597034612
2016-01-19,776,829.1568996011325,-53.15689960113252,53.15689960113252
2016-01-19,2038,2289.300721947003,-251.30072194700278,251.30072194700278
2016-01-19,698,788.3692853760415,-90.36928537604149,90.36928537604149
2016-01-19,593,596.7377810794416,-3.737781079441561,3.737781079441561
2016-01-19,370,348.6180988690131,21.381901130986876,21.381901130986876
2016-01-19,628,784.4667064316614,-156.46670643166135,156.46670643166135
2016-01-19,360,487.66489665732337,-127.66489665732337,127.66489665732337
2016-01-19,250,229.6301924503021,20.369807549697896,20.369807549697896
2016-01-19,860,863.3386482142541,-3.3386482142541354,3.3386482142541354
2016-01-19,1168,1373.5868343957834,-205.5868343957834,205.5868343957834
2016-01-19,1995,2277.1427741564316,-282.14277415643164,282.14277415643164
2016-01-19,687,841.2516791269362,-154.2516791269362,154.2516791269362
2016-01-19,182,197.55121306036233,-15.551213060362329,15.551213060362329
2016-01-19,298,310.6378266708334,-12.63782667083342,12.63782667083342
2016-01-19,685,832.715970702396,-147.71597070239602,147.71597070239602
2016-01-19,1376,1424.7614583487095,-48.76145834870954,48.76145834870954
2016-01-19,381,346.25189157613346,34.74810842386654,34.74810842386654
2016-01-20,2169,2201.472831642067,-32.47283164206692,32.47283164206692
2016-01-20,361,331.23658116604184,29.763418833958156,29.763418833958156
2016-01-20,249,222.19817780856891,26.801822191431086,26.801822191431086
2016-01-20,2034,2078.6269610751333,-44.626961075133295,44.626961075133295
2016-01-20,495,480.05373066274865,14.946269337251351,14.946269337251351
2016-01-20,259,307.35938117393727,-48.359381173937265,48.359381173937265
2016-01-20,849,822.4923434149407,26.507656585059294,26.507656585059294
2016-01-20,221,244.10597819204665,-23.10597819204665,23.10597819204665
2016-01-20,502,413.2139944734807,88.78600552651932,88.78600552651932
2016-01-20,2157,1909.6946436190754,247.30535638092465,247.30535638092465
2016-01-20,741,798.8128416841117,-57.81284168411173,57.81284168411173
2016-01-20,3547,3313.5212190101315,233.47878098986848,233.47878098986848
2016-01-20,2074,2069.5050895307945,4.494910469205479,4.494910469205479
2016-01-20,277,400.91077829169745,-123.91077829169745,123.91077829169745
2016-01-20,540,615.3293673804012,-75.32936738040121,75.32936738040121
2016-01-20,406,349.60700496842645,56.39299503157355,56.39299503157355
2016-01-20,1277,1202.8858615127767,74.11413848722327,74.11413848722327
2016-01-20,421,400.55437836420987,20.445621635790133,20.445621635790133
2016-01-20,1887,2094.0514206490957,-207.0514206490957,207.0514206490957
2016-01-20,215,203.1822730585648,11.817726941435211,11.817726941435211
2016-01-20,2620,2669.281137582592,-49.28113758259178,49.28113758259178
2016-01-20,757,691.9731186040237,65.02688139597626,65.02688139597626
2016-01-20,1368,1359.2382377503955,8.761762249604544,8.761762249604544
2016-01-20,580,665.5245942515338,-85.52459425153381,85.52459425153381
2016-01-20,873,689.8219529387354,183.17804706126458,183.17804706126458
2016-01-20,414,363.39507554264793,50.60492445735207,50.60492445735207
2016-01-20,711,726.5882114226011,-15.588211422601148,15.588211422601148
2016-01-20,869,808.1215261845988,60.87847381540121,60.87847381540121
2016-01-20,1650,1647.7448867457233,2.2551132542766936,2.2551132542766936
2016-01-20,2161,2059.76056174289,101.23943825711012,101.23943825711012
2016-01-21,425,354.812833168901,70.18716683109898,70.18716683109898
2016-01-21,849,896.2084155033502,-47.20841550335024,47.20841550335024
2016-01-21,572,496.85347842803526,75.14652157196474,75.14652157196474
2016-01-21,458,384.77409246528174,73.22590753471826,73.22590753471826
2016-01-21,2186,2200.1860911733547,-14.186091173354725,14.186091173354725
2016-01-21,750,773.2111526325738,-23.21115263257377,23.21115263257377
2016-01-21,1294,1207.231807931323,86.76819206867708,86.76819206867708
2016-01-21,1909,2176.6224057878017,-267.62240578780165,267.62240578780165
2016-01-21,730,799.4532344804736,-69.45323448047361,69.45323448047361
2016-01-21,769,754.9953943020288,14.004605697971215,14.004605697971215
2016-01-21,2057,2107.2747922681174,-50.27479226811738,50.27479226811738
2016-01-21,362,333.64694765224243,28.35305234775757,28.35305234775757
2016-01-21,186,209.13939785918788,-23.13939785918788,23.13939785918788
2016-01-21,744,784.2074782084369,-40.207478208436896,40.207478208436896
2016-01-21,544,594.6419950196048,-50.64199501960479,50.64199501960479
2016-01-21,332,325.0955097239741,6.904490276025911,6.904490276025911
2016-01-21,331,341.96427756778337,-10.96427756778337,10.96427756778337
2016-01-21,222,249.36498351859146,-27.36498351859146,27.36498351859146
2016-01-21,2035,2030.620269806055,4.379730193945079,4.379730193945079
2016-01-21,1989,2162.7275006902537,-173.7275006902537,173.7275006902537
2016-01-21,1413,1706.7884539273912,-293.7884539273912,293.7884539273912
2016-01-21,504,467.39352224772233,36.60647775227767,36.60647775227767
2016-01-21,254,300.43915523411437,-46.43915523411437,46.43915523411437
2016-01-21,1967,2298.573985601636,-331.5739856016362,331.5739856016362
2016-01-21,529,658.0152221988907,-129.01522219889068,129.01522219889068
2016-01-21,186,231.57010158822948,-45.57010158822948,45.57010158822948
2016-01-21,845,874.2226650173836,-29.222665017383633,29.222665017383633
2016-01-21,3320,3343.205204070137,-23.205204070136915,23.205204070136915
2016-01-21,1364,1338.9942073807665,25.00579261923349,25.00579261923349
2016-01-21,2653,2650.909330471921,2.090669528079161,2.090669528079161
2016-01-22,800,814.3280819845961,-14.32808198459611,14.32808198459611
2016-01-22,2239,2138.6942890540035,100.30571094599645,100.30571094599645
2016-01-22,2320,2306.4913404925783,13.508659507421726,13.508659507421726
2016-01-22,569,496.5717509261578,72.42824907384221,72.42824907384221
2016-01-22,434,429.4578212937586,4.542178706241373,4.542178706241373
2016-01-22,2893,2545.492755941368,347.50724405863184,347.50724405863184
2016-01-22,227,226.5160457389709,0.4839542610291119,0.4839542610291119
2016-01-22,1026,885.3514141235796,140.64858587642038,140.64858587642038
2016-01-22,979,825.7998045780835,153.20019542191653,153.20019542191653
2016-01-22,2373,2329.7627666770522,43.23723332294776,43.23723332294776
2016-01-22,413,374.53589150062965,38.464108499370354,38.464108499370354
2016-01-22,881,815.6940831173399,65.30591688266009,65.30591688266009
2016-01-22,2413,2279.025571514682,133.97442848531819,133.97442848531819
2016-01-22,258,253.33594747885365,4.6640525211463455,4.6640525211463455
2016-01-22,414,336.2198489032286,77.78015109677142,77.78015109677142
2016-01-22,723,735.4405317856349,-12.440531785634903,12.440531785634903
2016-01-22,2504,2226.041304089506,277.95869591049404,277.95869591049404
2016-01-22,851,754.375051080556,96.62494891944402,96.62494891944402
2016-01-22,1830,1596.8979450664533,233.1020549335467,233.1020549335467
2016-01-22,1256,1184.6475517772942,71.35244822270579,71.35244822270579
2016-01-22,2377,2055.2664208775395,321.73357912246047,321.73357912246047
2016-01-22,1639,1403.9607357951566,235.03926420484345,235.03926420484345
2016-01-22,384,296.8053663355947,87.19463366440527,87.19463366440527
2016-01-22,784,694.4909149033859,89.50908509661406,89.50908509661406
2016-01-22,3399,3210.4618798078955,188.53812019210454,188.53812019210454
2016-01-22,402,377.4185669425175,24.581433057482514,24.581433057482514
2016-01-22,823,803.6843976018686,19.315602398131432,19.315602398131432
2016-01-22,469,509.7088878565079,-40.708887856507886,40.708887856507886
2016-01-22,406,340.4921833570569,65.50781664294311,65.50781664294311
2016-01-22,221,266.21193466313093,-45.21193466313093,45.21193466313093
2016-01-23,1070,1212.6207037811002,-142.62070378110025,142.62070378110025
2016-01-23,1376,1192.1631599189009,183.83684008109913,183.83684008109913
2016-01-23,2019,1753.9903116639261,265.00968833607385,265.00968833607385
2016-01-23,449,449.5997390139809,-0.5997390139809227,0.5997390139809227
2016-01-23,2846,2744.163849044956,101.8361509550441,101.8361509550441
2016-01-23,1956,2221.4617363267103,-265.46173632671025,265.46173632671025
2016-01-23,708,718.8109152676755,-10.810915267675455,10.810915267675455
2016-01-23,3366,3103.001039299469,262.9989607005309,262.9989607005309
2016-01-23,3663,3193.6497550140684,469.35024498593157,469.35024498593157
2016-01-23,3106,2796.1245150423497,309.8754849576503,309.8754849576503
2016-01-23,1483,1208.8828541375226,274.1171458624774,274.1171458624774
2016-01-23,712,671.4882049997282,40.51179500027183,40.51179500027183
2016-01-23,316,406.8314012834926,-90.8314012834926,90.8314012834926
2016-01-23,2500,2705.8587433685693,-205.85874336856932,205.85874336856932
2016-01-23,608,615.568217617097,-7.568217617097048,7.568217617097048
2016-01-23,614,551.0119488313833,62.98805116861672,62.98805116861672
2016-01-23,3728,3031.48922809558,696.5107719044199,696.5107719044199
2016-01-23,959,992.0565853445215,-33.05658534452152,33.05658534452152
2016-01-23,324,424.6653895565573,-100.66538955655727,100.66538955655727
2016-01-23,297,265.41935177966246,31.580648220337537,31.580648220337537
2016-01-23,5070,4546.018088946881,523.9819110531189,523.9819110531189
2016-01-23,416,469.8364201752806,-53.83642017528058,53.83642017528058
2016-01-23,1131,1173.0885149609067,-42.08851496090665,42.08851496090665
2016-01-23,368,346.2062544088713,21.793745591128697,21.793745591128697
2016-01-23,1680,1476.7141577792124,203.28584222078757,203.28584222078757
2016-01-23,615,545.709341777415,69.29065822258497,69.29065822258497
2016-01-23,3170,3048.8675679449652,121.13243205503477,121.13243205503477
2016-01-23,998,1052.7619618520273,-54.7619618520273,54.7619618520273
2016-01-23,2102,1816.0865588037343,285.9134411962657,285.9134411962657
2016-01-23,1277,1409.1594559843004,-132.1594559843004,132.1594559843004
2016-01-24,2049,1941.372900999018,107.62709900098207,107.62709900098207
2016-01-24,930,812.5110430330618,117.48895696693819,117.48895696693819
2016-01-24,2794,2493.3115197330167,300.68848026698333,300.68848026698333
2016-01-24,300,324.80633348281145,-24.806333482811453,24.806333482811453
2016-01-24,2188,2058.734592852916,129.2654071470838,129.2654071470838
2016-01-24,586,545.6548112712599,40.34518872874014,40.34518872874014
2016-01-24,765,782.1900323869266,-17.190032386926646,17.190032386926646
2016-01-24,3007,2749.858261561242,257.1417384387578,257.1417384387578
2016-01-24,2815,2772.8124292188104,42.187570781189606,42.187570781189606
2016-01-24,327,419.18103729294126,-92.18103729294126,92.18103729294126
2016-01-24,1151,1149.272865103899,1.7271348961010062,1.7271348961010062
2016-01-24,1874,1745.1555557064476,128.84444429355244,128.84444429355244
2016-01-24,1074,1042.8615960612951,31.13840393870487,31.13840393870487
2016-01-24,418,398.97822465347764,19.02177534652236,19.02177534652236
2016-01-24,231,224.33412111182133,6.665878888178668,6.665878888178668
2016-01-24,3440,3202.2020230944613,237.7979769055387,237.7979769055387
2016-01-24,1534,1457.5880579172187,76.41194208278125,76.41194208278125
2016-01-24,3202,2795.514279560062,406.4857204399382,406.4857204399382
2016-01-24,3253,2993.011014550359,259.98898544964095,259.98898544964095
2016-01-24,253,257.7451627630384,-4.745162763038422,4.745162763038422
2016-01-24,3687,3195.032208730362,491.9677912696379,491.9677912696379
2016-01-24,475,583.2852876168262,-108.28528761682617,108.28528761682617
2016-01-24,483,415.8296582296625,67.17034177033747,67.17034177033747
2016-01-24,5350,4607.704384965202,742.2956150347982,742.2956150347982
2016-01-24,429,388.968140031589,40.03185996841103,40.03185996841103
2016-01-24,426,521.8217586857421,-95.82175868574211,95.82175868574211
2016-01-24,1332,1306.8433242311535,25.156675768846526,25.156675768846526
2016-01-24,915,846.9332130193476,68.06678698065241,68.06678698065241
2016-01-24,1358,1294.150180379516,63.84981962048391,63.84981962048391
2016-01-24,1186,1033.6732999471137,152.32670005288628,152.32670005288628
2016-01-25,1016,981.0292129910716,34.97078700892837,34.97078700892837
2016-01-25,1962,1905.3544989697466,56.6455010302534,56.6455010302534
2016-01-25,767,884.3346407853459,-117.33464078534587,117.33464078534587
2016-01-25,475,485.8542453747389,-10.854245374738923,10.854245374738923
2016-01-25,288,197.07342913209808,90.92657086790192,90.92657086790192
2016-01-25,873,878.3201157287834,-5.320115728783435,5.320115728783435
2016-01-25,229,193.23443808535168,35.765561914648316,35.765561914648316
2016-01-25,321,345.2332414866584,-24.233241486658414,24.233241486658414
2016-01-25,1882,1887.0169919219381,-5.016991921938143,5.016991921938143
2016-01-25,757,1079.183053257723,-322.18305325772303,322.18305325772303
2016-01-25,636,550.8170531300723,85.18294686992772,85.18294686992772
2016-01-25,409,339.99334654268563,69.00665345731437,69.00665345731437
2016-01-25,554,506.3149038536686,47.685096146331375,47.685096146331375
2016-01-25,1771,1528.3454213850487,242.65457861495133,242.65457861495133
2016-01-25,282,306.33035388296105,-24.33035388296105,24.33035388296105
2016-01-25,326,344.36229187670216,-18.36229187670216,18.36229187670216
2016-01-25,834,733.9271203319021,100.07287966809793,100.07287966809793
2016-01-25,364,360.14574913708753,3.8542508629124654,3.8542508629124654
2016-01-25,2119,2498.225852447657,-379.22585244765696,379.22585244765696
2016-01-25,1691,1516.5485562074564,174.4514437925436,174.4514437925436
2016-01-25,4072,3741.610685398907,330.3893146010928,330.3893146010928
2016-01-25,2289,2424.5233786136746,-135.5233786136746,135.5233786136746
2016-01-25,2339,1959.0407593211269,379.95924067887313,379.95924067887313
2016-01-25,942,974.1469282204391,-32.14692822043912,32.14692822043912
2016-01-25,248,248.78692811788446,-0.7869281178844574,0.7869281178844574
2016-01-25,2016,2086.599608571249,-70.59960857124906,70.59960857124906
2016-01-25,528,553.3902832618639,-25.390283261863942,25.390283261863942
2016-01-25,2238,2554.2437016912377,-316.2437016912377,316.2437016912377
2016-01-25,1651,1737.1981512298526,-86.19815122985256,86.19815122985256
2016-01-25,510,506.98266544566917,3.01733455433083,3.01733455433083
2016-01-26,3368,3360.9867191405183,7.013280859481711,7.013280859481711
2016-01-26,529,550.2804474963515,-21.280447496351485,21.280447496351485
2016-01-26,294,224.09599854710285,69.90400145289715,69.90400145289715
2016-01-26,931,711.2802616800979,219.71973831990215,219.71973831990215
2016-01-26,272,341.27996585234513,-69.27996585234513,69.27996585234513
2016-01-26,544,417.5384095961956,126.4615904038044,126.4615904038044
2016-01-26,1737,1888.9068278452492,-151.90682784524915,151.90682784524915
2016-01-26,241,295.1254413136846,-54.125441313684576,54.125441313684576
2016-01-26,447,448.27704003476765,-1.2770400347676514,1.2770400347676514
2016-01-26,1825,1889.917006050501,-64.91700605050096,64.91700605050096
2016-01-26,2270,2223.8499190830175,46.15008091698246,46.15008091698246
2016-01-26,223,206.52799786387894,16.472002136121063,16.472002136121063
2016-01-26,750,765.234264817014,-15.234264817014036,15.234264817014036
2016-01-26,1932,1970.1579124377906,-38.15791243779063,38.15791243779063
2016-01-26,185,188.8011419338209,-3.801141933820901,3.801141933820901
2016-01-26,277,364.3000481340851,-87.3000481340851,87.3000481340851
2016-01-26,281,315.2333764941455,-34.23337649414549,34.23337649414549
2016-01-26,813,783.8271245179958,29.1728754820042,29.1728754820042
2016-01-26,1389,1342.5722594102194,46.42774058978057,46.42774058978057
2016-01-26,742,777.4726590133151,-35.47265901331514,35.47265901331514
2016-01-26,453,533.2084649211657,-80.20846492116573,80.20846492116573
2016-01-26,2209,2006.3239872329555,202.67601276704454,202.67601276704454
2016-01-26,2049,1980.6520021157464,68.34799788425357,68.34799788425357
2016-01-26,732,858.9686124773921,-126.96861247739207,126.96861247739207
2016-01-26,1332,1392.7887251396985,-60.7887251396985,60.7887251396985
2016-01-26,721,767.1320324940955,-46.13203249409548,46.13203249409548
2016-01-26,422,428.13298427747105,-6.132984277471053,6.132984277471053
2016-01-26,276,289.9408026879285,-13.94080268792851,13.94080268792851
2016-01-26,1390,1465.2976103637382,-75.29761036373816,75.29761036373816
2016-01-26,1812,1830.647484009834,-18.64748400983399,18.64748400983399
2016-01-27,699,703.4276401547755,-4.427640154775531,4.427640154775531
2016-01-27,906,893.1761630441162,12.823836955883849,12.823836955883849
2016-01-27,602,597.8239642635904,4.176035736409631,4.176035736409631
2016-01-27,660,778.5483956054886,-118.54839560548862,118.54839560548862
2016-01-27,1477,1286.5926344415673,190.40736555843273,190.40736555843273
2016-01-27,401,450.5575977912944,-49.55759779129443,49.55759779129443
2016-01-27,588,571.1479125850078,16.852087414992184,16.852087414992184
2016-01-27,1805,1825.7467593465028,-20.746759346502813,20.746759346502813
2016-01-27,1392,1336.4334736753813,55.566526324618735,55.566526324618735
2016-01-27,338,268.32262147828726,69.67737852171274,69.67737852171274
2016-01-27,275,241.48157024417455,33.51842975582545,33.51842975582545
2016-01-27,396,308.6705726858778,87.3294273141222,87.3294273141222
2016-01-27,652,716.8986841067947,-64.89868410679469,64.89868410679469
2016-01-27,747,793.5601980183872,-46.560198018387155,46.560198018387155
2016-01-27,2330,2238.3792125244313,91.6207874755687,91.6207874755687
2016-01-27,344,318.3340417695846,25.665958230415413,25.665958230415413
2016-01-27,582,542.3857329900897,39.61426700991035,39.61426700991035
2016-01-27,1891,1899.623064739882,-8.623064739882011,8.623064739882011
2016-01-27,450,330.4983251637975,119.50167483620248,119.50167483620248
2016-01-27,307,319.60059696864255,-12.600596968642549,12.600596968642549
2016-01-27,397,427.42282574171105,-30.42282574171105,30.42282574171105
2016-01-27,893,789.0228716731026,103.9771283268974,103.9771283268974
2016-01-27,1383,1481.052864111772,-98.0528641117719,98.0528641117719
2016-01-27,2028,2036.8737612795403,-8.873761279540304,8.873761279540304
2016-01-27,239,240.10617345290115,-1.106173452901146,1.106173452901146
2016-01-27,2098,2143.8980539054537,-45.89805390545371,45.89805390545371
2016-01-27,3250,3180.944339003499,69.05566099650105,69.05566099650105
2016-01-27,264,216.33789153488988,47.66210846511012,47.66210846511012
2016-01-27,1985,1843.2705815192946,141.72941848070536,141.72941848070536
2016-01-27,1970,2104.63300158834,-134.63300158834,134.63300158834
2016-01-28,743,736.7278954564165,6.272104543583509,6.272104543583509
2016-01-28,1404,1339.984986253208,64.01501374679196,64.01501374679196
2016-01-28,2079,2112.8168006799688,-33.816800679968765,33.816800679968765
2016-01-28,2080,1948.3127630840117,131.68723691598825,131.68723691598825
2016-01-28,2017,2161.7429185868245,-144.74291858682454,144.74291858682454
2016-01-28,696,731.5196148452425,-35.51961484524247,35.51961484524247
2016-01-28,887,952.1896724174352,-65.18967241743519,65.18967241743519
2016-01-28,429,413.5381078134294,15.461892186570594,15.461892186570594
2016-01-28,513,518.3491606906011,-5.349160690601138,5.349160690601138
2016-01-28,384,349.4132292230827,34.58677077691732,34.58677077691732
2016-01-28,1998,1970.57163853847,27.428361461529903,27.428361461529903
2016-01-28,603,675.8817485191161,-72.88174851911606,72.88174851911606
2016-01-28,1511,1478.020059753407,32.97994024659306,32.97994024659306
2016-01-28,735,747.5087988933298,-12.508798893329754,12.508798893329754
2016-01-28,549,693.3586238600218,-144.3586238600218,144.3586238600218
2016-01-28,382,366.21630604005077,15.783693959949233,15.783693959949233
2016-01-28,1342,1396.6801002320015,-54.68010023200145,54.68010023200145
2016-01-28,2071,1921.2051785756082,149.79482142439178,149.79482142439178
2016-01-28,251,255.89532105180874,-4.895321051808736,4.895321051808736
2016-01-28,228,228.32416086654223,-0.3241608665422291,0.3241608665422291
2016-01-28,241,229.8862938393491,11.113706160650906,11.113706160650906
2016-01-28,297,322.65727471133016,-25.65727471133016,25.65727471133016
2016-01-28,748,765.6854851080407,-17.685485108040666,17.685485108040666
2016-01-28,3344,3278.6142673560494,65.38573264395063,65.38573264395063
2016-01-28,343,373.9848833621978,-30.98488336219782,30.98488336219782
2016-01-28,460,463.1416592554574,-3.141659255457398,3.141659255457398
2016-01-28,2090,1965.0977086318337,124.90229136816629,124.90229136816629
2016-01-28,1141,1192.8493635490163,-51.84936354901629,51.84936354901629
2016-01-28,2579,2419.279777636914,159.72022236308612,159.72022236308612
2016-01-28,321,332.9344039316219,-11.934403931621887,11.934403931621887
2016-01-29,914,826.4312041758353,87.56879582416468,87.56879582416468
2016-01-29,2537,2348.614640785367,188.3853592146329,188.3853592146329
2016-01-29,1568,1462.4132579393963,105.58674206060368,105.58674206060368
2016-01-29,853,764.6665896029363,88.33341039706374,88.33341039706374
2016-01-29,236,279.70000688704897,-43.70000688704897,43.70000688704897
2016-01-29,283,243.8734894500632,39.126510549936796,39.126510549936796
2016-01-29,842,850.0123905077572,-8.012390507757232,8.012390507757232
2016-01-29,2556,2406.4421720689948,149.55782793100525,149.55782793100525
2016-01-29,431,404.1429212159248,26.857078784075213,26.857078784075213
2016-01-29,353,381.77495089412315,-28.77495089412315,28.77495089412315
2016-01-29,395,362.0244336812695,32.9755663187305,32.9755663187305
2016-01-29,2219,2175.4062061683085,43.59379383169153,43.59379383169153
2016-01-29,865,829.1355527064245,35.864447293575495,35.864447293575495
2016-01-29,2119,2206.8508852086425,-87.85088520864247,87.85088520864247
2016-01-29,850,784.3560089734003,65.64399102659968,65.64399102659968
2016-01-29,446,467.5162010092821,-21.5162010092821,21.5162010092821
2016-01-29,1048,940.1496260439602,107.85037395603979,107.85037395603979
2016-01-29,3466,3344.8214537588115,121.17854624118854,121.17854624118854
2016-01-29,1562,1471.0026831246596,90.9973168753404,90.9973168753404
2016-01-29,977,959.1420706746535,17.857929325346504,17.857929325346504
2016-01-29,1615,1687.271051156053,-72.27105115605309,72.27105115605309
2016-01-29,424,382.86573991304004,41.134260086959955,41.134260086959955
2016-01-29,1243,1129.6459539212299,113.35404607877012,113.35404607877012
2016-01-29,603,524.504301787999,78.495698212001,78.495698212001
2016-01-29,469,524.0601830714843,-55.06018307148429,55.06018307148429
2016-01-29,470,447.30277657883477,22.697223421165234,22.697223421165234
2016-01-29,314,287.02682320851443,26.97317679148557,26.97317679148557
2016-01-29,2525,2307.012489874659,217.98751012534103,217.98751012534103
2016-01-29,2413,2270.884542651224,142.1154573487761,142.1154573487761
2016-01-29,3043,2693.5528180076103,349.4471819923897,349.4471819923897
2016-01-30,1033,1211.252526207053,-178.25252620705305,178.25252620705305
2016-01-30,340,341.9165161798454,-1.9165161798454164,1.9165161798454164
2016-01-30,4287,4680.89073206386,-393.89073206386,393.89073206386
2016-01-30,1045,1164.3502308034315,-119.35023080343149,119.35023080343149
2016-01-30,1102,1164.276834812754,-62.27683481275403,62.27683481275403
2016-01-30,3703,3603.9916282421173,99.00837175788274,99.00837175788274
2016-01-30,1143,1092.114988419747,50.88501158025292,50.88501158025292
2016-01-30,3758,3519.1867592798135,238.8132407201865,238.8132407201865
2016-01-30,3130,3321.565605762845,-191.56560576284483,191.56560576284483
2016-01-30,2171,2090.5970174404533,80.40298255954667,80.40298255954667
2016-01-30,1295,1366.2431033703997,-71.2431033703997,71.2431033703997
2016-01-30,380,399.4335111457179,-19.433511145717887,19.433511145717887
2016-01-30,1915,2013.9961069054211,-98.99610690542113,98.99610690542113
2016-01-30,1743,1878.560957163014,-135.5609571630141,135.5609571630141
2016-01-30,571,669.8305472663819,-98.83054726638193,98.83054726638193
2016-01-30,512,499.12886436469864,12.871135635301357,12.871135635301357
2016-01-30,759,742.8549566232948,16.14504337670519,16.14504337670519
2016-01-30,1372,1421.7070017176343,-49.707001717634284,49.707001717634284
2016-01-30,1655,1630.1640901089286,24.835909891071424,24.835909891071424
2016-01-30,2657,2806.2687791779213,-149.26877917792126,149.26877917792126
2016-01-30,3481,3584.6622448346197,-103.66224483461974,103.66224483461974
2016-01-30,1715,1414.8029916664682,300.1970083335318,300.1970083335318
2016-01-30,2658,2760.0706154750633,-102.07061547506328,102.07061547506328
2016-01-30,515,603.5138166836141,-88.5138166836141,88.5138166836141
2016-01-30,735,702.9317947537204,32.068205246279604,32.068205246279604
2016-01-30,645,759.2489173089309,-114.24891730893091,114.24891730893091
2016-01-30,431,459.1687457995226,-28.168745799522583,28.168745799522583
2016-01-30,330,380.19381249635205,-50.19381249635205,50.19381249635205
2016-01-30,3531,3812.6559721961044,-281.65597219610436,281.65597219610436
2016-01-30,492,512.6530323675954,-20.653032367595415,20.653032367595415
2016-01-31,227,336.5913263340385,-109.59132633403851,109.59132633403851
2016-01-31,449,462.61799907677033,-13.617999076770332,13.617999076770332
2016-01-31,4848,4462.4315942738485,385.56840572615147,385.56840572615147
2016-01-31,3910,3711.2903735126356,198.7096264873644,198.7096264873644
2016-01-31,2952,3028.206139462137,-76.20613946213689,76.20613946213689
2016-01-31,1019,1082.4181804925558,-63.41818049255585,63.41818049255585
2016-01-31,655,493.5762864183165,161.4237135816835,161.4237135816835
2016-01-31,518,539.557353351881,-21.557353351881034,21.557353351881034
2016-01-31,361,367.26290037979714,-6.262900379797145,6.262900379797145
2016-01-31,1064,1165.2292373330959,-101.22923733309585,101.22923733309585
2016-01-31,2055,1948.0664546514156,106.9335453485844,106.9335453485844
2016-01-31,2258,2179.954055436733,78.04594456326686,78.04594456326686
2016-01-31,1448,1412.5971182583799,35.40288174162015,35.40288174162015
2016-01-31,1685,1616.5990704642836,68.40092953571639,68.40092953571639
2016-01-31,604,484.99000814501295,119.00999185498705,119.00999185498705
2016-01-31,1108,1257.0592550144115,-149.05925501441152,149.05925501441152
2016-01-31,3397,3579.325572232468,-182.32557223246795,182.32557223246795
2016-01-31,300,337.0411236072917,-37.041123607291695,37.041123607291695
2016-01-31,2398,2228.6260816167865,169.37391838321355,169.37391838321355
2016-01-31,3043,3052.799868960633,-9.79986896063292,9.79986896063292
2016-01-31,848,830.3740672727122,17.625932727287818,17.625932727287818
2016-01-31,674,629.028885514067,44.97111448593296,44.97111448593296
2016-01-31,1022,1017.6357855341889,4.364214465811074,4.364214465811074
2016-01-31,3494,3145.7094919391016,348.29050806089845,348.29050806089845
2016-01-31,633,629.9409985292938,3.059001470706221,3.059001470706221
2016-01-31,1311,1398.4469959531737,-87.44699595317365,87.44699595317365
2016-01-31,3834,3642.066928416802,191.93307158319794,191.93307158319794
2016-01-31,1291,1441.1799758406794,-150.1799758406794,150.1799758406794
2016-01-31,2907,2856.716770597501,50.28322940249882,50.28322940249882
2016-01-31,518,506.5464531186214,11.4535468813786,11.4535468813786
2016-02-01,410,396.73820658119575,13.261793418804245,13.261793418804245
2016-02-01,740,613.2400167597109,126.7599832402891,126.7599832402891
2016-02-01,3398,2925.685978512642,472.3140214873579,472.3140214873579
2016-02-01,1727,1909.9064670283503,-182.90646702835033,182.90646702835033
2016-02-01,245,304.2021183802228,-59.20211838022283,59.20211838022283
2016-02-01,1057,1031.5038365115468,25.49616348845325,25.49616348845325
2016-02-01,2606,2910.7161334660163,-304.71613346601634,304.71613346601634
2016-02-01,1060,831.2631529228304,228.7368470771696,228.7368470771696
2016-02-01,947,969.6862815689828,-22.68628156898285,22.68628156898285
2016-02-01,2619,2360.3164349530684,258.68356504693156,258.68356504693156
2016-02-01,372,434.67654848420557,-62.67654848420557,62.67654848420557
2016-02-01,426,371.5572699663817,54.44273003361832,54.44273003361832
2016-02-01,411,409.1264390319608,1.8735609680392145,1.8735609680392145
2016-02-01,2574,2428.342716766149,145.6572832338511,145.6572832338511
2016-02-01,527,586.7059775863149,-59.70597758631493,59.70597758631493
2016-02-01,2783,2475.0996533029675,307.90034669703255,307.90034669703255
2016-02-01,3979,4389.8429542344775,-410.8429542344775,410.8429542344775
2016-02-01,524,578.6480651417123,-54.64806514171232,54.64806514171232
2016-02-01,695,748.1991385721797,-53.19913857217966,53.19913857217966
2016-02-01,1958,1122.4961801415875,835.5038198584125,835.5038198584125
2016-02-01,2794,2504.3401954337623,289.65980456623765,289.65980456623765
2016-02-01,978,1169.8679246256409,-191.86792462564085,191.86792462564085
2016-02-01,942,1138.4612889106238,-196.4612889106238,196.4612889106238
2016-02-01,1032,1170.7247421247262,-138.72474212472616,138.72474212472616
2016-02-01,362,259.4834548693863,102.51654513061368,102.51654513061368
2016-02-01,1747,1832.0444478762713,-85.0444478762713,85.0444478762713
2016-02-01,304,299.93758171374566,4.062418286254342,4.062418286254342
2016-02-01,2169,2689.8471399208383,-520.8471399208383,520.8471399208383
2016-02-01,2021,1942.2697931967418,78.73020680325817,78.73020680325817
2016-02-01,307,398.8137048486329,-91.81370484863288,91.81370484863288
2016-02-02,421,369.84809284324473,51.15190715675527,51.15190715675527
2016-02-02,290,263.0813171614106,26.918682838589405,26.918682838589405
2016-02-02,1985,2397.3126787203496,-412.3126787203496,412.3126787203496
2016-02-02,1222,1366.0972278791971,-144.09722787919713,144.09722787919713
2016-02-02,314,320.1712526236232,-6.171252623623218,6.171252623623218
2016-02-02,2467,2440.0896404485266,26.910359551473448,26.910359551473448
2016-02-02,3666,3624.1776488442606,41.8223511557394,41.8223511557394
2016-02-02,175,264.13723061938015,-89.13723061938015,89.13723061938015
2016-02-02,310,351.32134322527696,-41.32134322527696,41.32134322527696
2016-02-02,451,471.308362941587,-20.308362941587006,20.308362941587006
2016-02-02,808,875.366525339353,-67.36652533935296,67.36652533935296
2016-02-02,806,897.270480064145,-91.27048006414498,91.27048006414498
2016-02-02,1427,1534.9137351721758,-107.91373517217585,107.91373517217585
2016-02-02,306,321.4061748776411,-15.406174877641092,15.406174877641092
2016-02-02,208,347.2340947339865,-139.23409473398652,139.23409473398652
2016-02-02,846,896.8154496829535,-50.8154496829535,50.8154496829535
2016-02-02,429,449.4433981792209,-20.44339817922088,20.44339817922088
2016-02-02,776,947.8352316222783,-171.83523162227834,171.83523162227834
2016-02-02,2039,2296.579403824146,-257.5794038241461,257.5794038241461
2016-02-02,1585,1683.2662966286794,-98.26629662867936,98.26629662867936
2016-02-02,2398,3059.874432617647,-661.874432617647,661.874432617647
2016-02-02,1825,2387.724550816608,-562.7245508166079,562.7245508166079
2016-02-02,570,628.830364739793,-58.830364739793026,58.830364739793026
2016-02-02,637,844.0029971268124,-207.00299712681237,207.00299712681237
2016-02-02,1449,1550.5553463191236,-101.5553463191236,101.5553463191236
2016-02-02,3703,3964.5034382924064,-261.5034382924064,261.5034382924064
2016-02-02,869,855.1701392526169,13.829860747383123,13.829860747383123
2016-02-02,427,692.3038898768727,-265.30388987687274,265.30388987687274
2016-02-02,2238,2322.175975338964,-84.17597533896378,84.17597533896378
2016-02-02,281,266.91672722557263,14.083272774427371,14.083272774427371
2016-02-03,4096,3945.4094271487816,150.59057285121844,150.59057285121844
2016-02-03,1520,1477.207384569003,42.7926154309971,42.7926154309971
2016-02-03,2070,2452.6608115122103,-382.66081151221033,382.66081151221033
2016-02-03,638,449.24029070095975,188.75970929904025,188.75970929904025
2016-02-03,312,304.8257039302021,7.17429606979789,7.17429606979789
2016-02-03,331,338.97408102575577,-7.9740810257557655,7.9740810257557655
2016-02-03,3091,2945.6403515450615,145.35964845493845,145.35964845493845
2016-02-03,788,728.7863030971745,59.21369690282552,59.21369690282552
2016-02-03,2212,2331.516109820296,-119.51610982029615,119.51610982029615
2016-02-03,893,908.3414933491534,-15.341493349153438,15.341493349153438
2016-02-03,418,354.98773924952286,63.01226075047714,63.01226075047714
2016-02-03,592,658.1637876490502,-66.16378764905016,66.16378764905016
2016-02-03,326,271.4486874344702,54.55131256552983,54.55131256552983
2016-02-03,1388,1250.0407902540553,137.9592097459447,137.9592097459447
2016-02-03,371,424.96583160282455,-53.96583160282455,53.96583160282455
2016-02-03,808,872.1060338934575,-64.1060338934575,64.1060338934575
2016-02-03,281,339.05488796043323,-58.054887960433234,58.054887960433234
2016-02-03,963,890.5757534240315,72.42424657596848,72.42424657596848
2016-02-03,885,813.002386177956,71.99761382204395,71.99761382204395
2016-02-03,2676,2308.378173259708,367.6218267402919,367.6218267402919
2016-02-03,2517,2278.5162651784053,238.48373482159468,238.48373482159468
2016-02-03,444,432.9042814764127,11.095718523587323,11.095718523587323
2016-02-03,480,581.885530277958,-101.88553027795797,101.88553027795797
2016-02-03,2537,2615.719511041326,-78.71951104132586,78.71951104132586
2016-02-03,274,259.29308641923365,14.706913580766354,14.706913580766354
2016-02-03,1551,1501.965681493728,49.03431850627203,49.03431850627203
2016-02-03,302,273.35118940704797,28.64881059295203,28.64881059295203
2016-02-03,3709,3941.7045070208055,-232.70450702080552,232.70450702080552
2016-02-03,1870,1652.2583123840707,217.74168761592932,217.74168761592932
2016-02-03,997,827.6145491347376,169.38545086526244,169.38545086526244
2016-02-04,816,917.8759121029669,-101.87591210296694,101.87591210296694
2016-02-04,2118,2315.582065241336,-197.58206524133584,197.58206524133584
2016-02-04,1358,1445.042219576985,-87.04221957698496,87.04221957698496
2016-02-04,2616,2465.7452660387607,150.25473396123925,150.25473396123925
2016-02-04,1210,1223.5781070406733,-13.57810704067333,13.57810704067333
2016-02-04,451,344.9931888113919,106.00681118860808,106.00681118860808
2016-02-04,226,230.61180194175648,-4.611801941756482,4.611801941756482
2016-02-04,350,305.2077953363142,44.79220466368582,44.79220466368582
2016-02-04,603,596.1097758567772,6.890224143222781,6.890224143222781
2016-02-04,2302,2191.321094449699,110.6789055503009,110.6789055503009
2016-02-04,486,461.44307320619794,24.556926793802063,24.556926793802063
2016-02-04,718,677.8201727271856,40.17982727281435,40.17982727281435
2016-02-04,313,343.8661323067633,-30.86613230676329,30.86613230676329
2016-02-04,3154,3185.666719708314,-31.66671970831385,31.66671970831385
2016-02-04,491,546.6844871389158,-55.684487138915756,55.684487138915756
2016-02-04,1601,1454.8752097591785,146.12479024082154,146.12479024082154
2016-02-04,400,389.03013788200434,10.96986211799566,10.96986211799566
2016-02-04,254,257.3465086862141,-3.346508686214122,3.346508686214122
2016-02-04,1915,2183.9483840631838,-268.94838406318377,268.94838406318377
2016-02-04,852,873.0150091583606,-21.015009158360613,21.015009158360613
2016-02-04,704,842.6475916766898,-138.64759167668979,138.64759167668979
2016-02-04,821,815.5725937971125,5.427406202887482,5.427406202887482
2016-02-04,2079,2306.109673769681,-227.1096737696812,227.1096737696812
2016-02-04,327,355.448532652351,-28.44853265235099,28.44853265235099
2016-02-04,716,818.549257231633,-102.54925723163296,102.54925723163296
2016-02-04,2275,2396.153948342821,-121.15394834282097,121.15394834282097
2016-02-04,1675,1633.425232957745,41.57476704225496,41.57476704225496
2016-02-04,243,239.2547165926679,3.7452834073320957,3.7452834073320957
2016-02-04,3808,3813.622022624377,-5.622022624377223,5.622022624377223
2016-02-04,542,493.5892027820241,48.410797217975926,48.410797217975926
2016-02-05,996,920.8517797254119,75.14822027458808,75.14822027458808
2016-02-05,1879,1918.2814851120534,-39.28148511205336,39.28148511205336
2016-02-05,301,251.17922020330042,49.82077979669958,49.82077979669958
2016-02-05,918,919.6615692946543,-1.6615692946543277,1.6615692946543277
2016-02-05,418,410.774557915963,7.225442084037013,7.225442084037013
2016-02-05,814,821.7555066833027,-7.755506683302656,7.755506683302656
2016-02-05,937,981.1623333905751,-44.1623333905751,44.1623333905751
2016-02-05,534,397.58259072607336,136.41740927392664,136.41740927392664
2016-02-05,487,571.7840442248355,-84.7840442248355,84.7840442248355
2016-02-05,387,349.01177292751896,37.98822707248104,37.98822707248104
2016-02-05,2746,2597.7209544771313,148.27904552286873,148.27904552286873
2016-02-05,2660,2966.6941962901997,-306.69419629019967,306.69419629019967
2016-02-05,1473,1545.365458574657,-72.36545857465694,72.36545857465694
2016-02-05,1248,1268.8533018305943,-20.85330183059432,20.85330183059432
2016-02-05,2413,2505.5523006493227,-92.55230064932266,92.55230064932266
2016-02-05,295,261.83630399231396,33.16369600768604,33.16369600768604
2016-02-05,3957,3678.413420532918,278.5865794670822,278.5865794670822
2016-02-05,1601,1608.8811488812562,-7.881148881256195,7.881148881256195
2016-02-05,751,793.8700238539066,-42.87002385390656,42.87002385390656
2016-02-05,445,477.5315511785107,-32.53155117851071,32.53155117851071
2016-02-05,775,858.0486198004437,-83.0486198004437,83.0486198004437
2016-02-05,2507,2516.5503013297625,-9.550301329762533,9.550301329762533
2016-02-05,434,402.50319309169294,31.496806908307065,31.496806908307065
2016-02-05,282,267.1663298412428,14.833670158757172,14.833670158757172
2016-02-05,2877,2889.7228173151093,-12.722817315109296,12.722817315109296
2016-02-05,398,391.8469094752738,6.153090524726224,6.153090524726224
2016-02-05,3898,3977.198788801664,-79.1987888016638,79.1987888016638
2016-02-05,503,520.6533941130207,-17.65339411302068,17.65339411302068
2016-02-05,2312,2511.975438083227,-199.9754380832269,199.9754380832269
2016-02-05,947,928.3211084805799,18.678891519420063,18.678891519420063
2016-02-06,1127,1095.626618432965,31.37338156703504,31.37338156703504
2016-02-06,428,403.2177672803721,24.782232719627928,24.782232719627928
2016-02-06,4043,3938.1812278994507,104.81877210054927,104.81877210054927
2016-02-06,3508,3138.177832116211,369.822167883789,369.822167883789
2016-02-06,1397,1364.1911894968473,32.8088105031527,32.8088105031527
2016-02-06,2231,1851.8614564788995,379.1385435211005,379.1385435211005
2016-02-06,4300,4243.266289792983,56.733710207016884,56.733710207016884
2016-02-06,473,482.6272624862065,-9.627262486206519,9.627262486206519
2016-02-06,3699,3675.6177241100067,23.382275889993252,23.382275889993252
2016-02-06,2848,2959.355209052863,-111.35520905286285,111.35520905286285
2016-02-06,592,619.9598898483165,-27.959889848316493,27.959889848316493
2016-02-06,1191,1162.2970148044628,28.702985195537167,28.702985195537167
2016-02-06,573,588.6669938800806,-15.666993880080554,15.666993880080554
2016-02-06,735,728.7561033307278,6.243896669272203,6.243896669272203
2016-02-06,1111,1192.6257211099,-81.62572110990004,81.62572110990004
2016-02-06,356,319.0139095544361,36.98609044556389,36.98609044556389
2016-02-06,2458,2438.985808674777,19.014191325222782,19.014191325222782
2016-02-06,4777,5268.035511792314,-491.0355117923136,491.0355117923136
2016-02-06,1304,1338.294632187688,-34.29463218768797,34.29463218768797
2016-02-06,715,693.665229483771,21.334770516229014,21.334770516229014
2016-02-06,1835,2179.6825777246036,-344.68257772460356,344.68257772460356
2016-02-06,4264,3869.1086715149627,394.8913284850373,394.8913284850373
2016-02-06,359,351.7914147110755,7.208585288924496,7.208585288924496
2016-02-06,1406,1582.6280429576436,-176.62804295764363,176.62804295764363
2016-02-06,1034,1124.119976197717,-90.11997619771705,90.11997619771705
2016-02-06,5284,4490.417131806527,793.5828681934727,793.5828681934727
2016-02-06,478,518.8707227711856,-40.87072277118557,40.87072277118557
2016-02-06,1534,1745.6251776878096,-211.62517768780958,211.62517768780958
2016-02-06,290,385.23941877822733,-95.23941877822733,95.23941877822733
2016-02-06,690,606.4487533795834,83.55124662041658,83.55124662041658
2016-02-07,2602,2442.6270188779927,159.37298112200733,159.37298112200733
2016-02-07,1833,2136.903647243865,-303.9036472438652,303.9036472438652
2016-02-07,820,1026.792808556143,-206.79280855614297,206.79280855614297
2016-02-07,481,616.5897732504778,-135.58977325047783,135.58977325047783
2016-02-07,270,504.8164542186646,-234.8164542186646,234.8164542186646
2016-02-07,3320,2916.777846491179,403.22215350882107,403.22215350882107
2016-02-07,1041,1416.443822799051,-375.4438227990511,375.4438227990511
2016-02-07,1257,1320.181241350086,-63.18124135008611,63.18124135008611
2016-02-07,873,1041.3759452303107,-168.37594523031066,168.37594523031066
2016-02-07,463,601.1996180022309,-138.19961800223086,138.19961800223086
2016-02-07,1699,2091.9509718907643,-392.9509718907643,392.9509718907643
2016-02-07,459,335.8867084165903,123.1132915834097,123.1132915834097
2016-02-07,3500,3386.694367390406,113.30563260959389,113.30563260959389
2016-02-07,3397,3463.9738142232522,-66.97381422325225,66.97381422325225
2016-02-07,578,799.2063089336847,-221.20630893368468,221.20630893368468
2016-02-07,227,256.2886025203686,-29.288602520368613,29.288602520368613
2016-02-07,969,1539.5810614993795,-570.5810614993795,570.5810614993795
2016-02-07,3214,3452.8009323476413,-238.80093234764126,238.80093234764126
2016-02-07,427,497.5358714631868,-70.53587146318682,70.53587146318682
2016-02-07,1159,1340.0203176398652,-181.0203176398652,181.0203176398652
2016-02-07,3012,3808.579991746275,-796.579991746275,796.579991746275
2016-02-07,4419,5659.617850197001,-1240.6178501970007,1240.6178501970007
2016-02-07,453,489.4634570237109,-36.46345702371087,36.46345702371087
2016-02-07,3464,3908.0212602466504,-444.0212602466504,444.0212602466504
2016-02-07,1132,1144.8532493351834,-12.853249335183364,12.853249335183364
2016-02-07,307,286.87843617795875,20.121563822041253,20.121563822041253
2016-02-07,973,1195.4221971989166,-222.4221971989166,222.4221971989166
2016-02-07,3660,4032.179023668051,-372.17902366805083,372.17902366805083
2016-02-07,431,454.61702516088013,-23.617025160880132,23.617025160880132
2016-02-07,453,431.22493893137795,21.77506106862205,21.77506106862205
2016-02-08,301,380.52196515838256,-79.52196515838256,79.52196515838256
2016-02-08,2518,2559.685659058366,-41.68565905836613,41.68565905836613
2016-02-08,1576,1566.8894429595239,9.110557040476124,9.110557040476124
2016-02-08,372,376.2605047482333,-4.260504748233302,4.260504748233302
2016-02-08,242,330.2998643888728,-88.29986438887278,88.29986438887278
2016-02-08,2412,2519.653111518789,-107.65311151878905,107.65311151878905
2016-02-08,392,485.17351191855767,-93.17351191855767,93.17351191855767
2016-02-08,946,1275.4573517577446,-329.4573517577446,329.4573517577446
2016-02-08,3724,3737.265271136043,-13.265271136042884,13.265271136042884
2016-02-08,2330,2433.438631135738,-103.43863113573798,103.43863113573798
2016-02-08,895,1026.859982875133,-131.85998287513303,131.85998287513303
2016-02-08,215,246.37395147058774,-31.37395147058774,31.37395147058774
2016-02-08,3753,4391.519869875321,-638.5198698753211,638.5198698753211
2016-02-08,1795,1976.5883660788754,-181.58836607887542,181.58836607887542
2016-02-08,1937,2341.563101288017,-404.56310128801715,404.56310128801715
2016-02-08,923,972.5316481001128,-49.53164810011276,49.53164810011276
2016-02-08,824,839.4683834834617,-15.468383483461707,15.468383483461707
2016-02-08,1438,1646.7327760234273,-208.73277602342728,208.73277602342728
2016-02-08,414,497.9050135122344,-83.9050135122344,83.9050135122344
2016-02-08,418,640.5884044335143,-222.58840443351426,222.58840443351426
2016-02-08,2645,2593.6963881161705,51.30361188382949,51.30361188382949
2016-02-08,936,840.5956751449096,95.40432485509041,95.40432485509041
2016-02-08,271,295.99467231428986,-24.994672314289858,24.994672314289858
2016-02-08,608,753.4727263463922,-145.47272634639216,145.47272634639216
2016-02-08,314,342.648095302099,-28.648095302099023,28.648095302099023
2016-02-08,601,583.391214052373,17.608785947626984,17.608785947626984
2016-02-08,2592,2698.9192874474006,-106.91928744740062,106.91928744740062
2016-02-08,949,919.9437900690857,29.056209930914292,29.056209930914292
2016-02-08,226,292.83717393121765,-66.83717393121765,66.83717393121765
2016-02-08,237,226.79874120441434,10.201258795585659,10.201258795585659
2016-02-09,2575,2405.028418493848,169.97158150615178,169.97158150615178
2016-02-09,1564,1462.4877075941113,101.51229240588873,101.51229240588873
2016-02-09,1947,1853.1017465622372,93.89825343776283,93.89825343776283
2016-02-09,318,354.0159141076513,-36.01591410765133,36.01591410765133
2016-02-09,594,461.2169580868047,132.7830419131953,132.7830419131953
2016-02-09,786,847.7153854585613,-61.715385458561286,61.715385458561286
2016-02-09,1432,1421.3835181415882,10.616481858411817,10.616481858411817
2016-02-09,2639,2396.3561726598823,242.6438273401177,242.6438273401177
2016-02-09,3994,3591.3974735988286,402.6025264011714,402.6025264011714
2016-02-09,1088,976.3535538112967,111.6464461887033,111.6464461887033
2016-02-09,2406,2447.136133667392,-41.13613366739219,41.13613366739219
2016-02-09,460,425.0236149617198,34.97638503828023,34.97638503828023
2016-02-09,457,434.35756592528185,22.642434074718153,22.642434074718153
2016-02-09,612,568.6044220265047,43.39557797349528,43.39557797349528
2016-02-09,357,302.64696039266215,54.35303960733785,54.35303960733785
2016-02-09,221,263.21797641980123,-42.21797641980123,42.21797641980123
2016-02-09,2350,2104.3082014696083,245.69179853039168,245.69179853039168
2016-02-09,414,289.85479359338666,124.14520640661334,124.14520640661334
2016-02-09,369,275.27200056670335,93.72799943329665,93.72799943329665
2016-02-09,337,327.0961699937271,9.903830006272926,9.903830006272926
2016-02-09,887,809.1048268887989,77.89517311120107,77.89517311120107
2016-02-09,913,826.1794974002212,86.82050259977882,86.82050259977882
2016-02-09,810,792.9337008450234,17.066299154976605,17.066299154976605
2016-02-09,611,480.2382529807446,130.76174701925538,130.76174701925538
2016-02-09,837,840.4854255225459,-3.4854255225459383,3.4854255225459383
2016-02-09,2436,2423.9862371082936,12.013762891706392,12.013762891706392
2016-02-09,2886,2714.864495774285,171.13550422571507,171.13550422571507
2016-02-09,230,216.92679595471714,13.073204045282864,13.073204045282864
2016-02-09,276,227.81907750729349,48.180922492706515,48.180922492706515
2016-02-09,3707,3636.7068330393568,70.29316696064325,70.29316696064325
2016-02-10,1517,1446.1214992346477,70.87850076535233,70.87850076535233
2016-02-10,2674,2477.607545392492,196.39245460750817,196.39245460750817
2016-02-10,2161,2083.567120808233,77.43287919176692,77.43287919176692
2016-02-10,857,823.5620494973251,33.43795050267488,33.43795050267488
2016-02-10,1143,886.9244285815312,256.0755714184688,256.0755714184688
2016-02-10,441,436.2058481446667,4.794151855333325,4.794151855333325
2016-02-10,2739,2361.0153214530874,377.9846785469126,377.9846785469126
2016-02-10,365,361.12721473474164,3.872785265258358,3.872785265258358
2016-02-10,213,264.22047619155575,-51.22047619155575,51.22047619155575
2016-02-10,831,786.9034979628085,44.0965020371915,44.0965020371915
2016-02-10,1701,1813.4789280316338,-112.47892803163381,112.47892803163381
2016-02-10,538,449.82268332164466,88.17731667835534,88.17731667835534
2016-02-10,350,330.3235405259165,19.676459474083515,19.676459474083515
2016-02-10,452,525.7054902717459,-73.70549027174593,73.70549027174593
2016-02-10,1572,1522.6522087036283,49.347791296371724,49.347791296371724
2016-02-10,383,369.9550908878452,13.044909112154812,13.044909112154812
2016-02-10,2440,2343.591774874261,96.40822512573914,96.40822512573914
2016-02-10,783,798.9927816131091,-15.99278161310906,15.99278161310906
2016-02-10,669,573.7478969737631,95.25210302623691,95.25210302623691
2016-02-10,1008,850.1897420645382,157.81025793546178,157.81025793546178
2016-02-10,801,673.5354226403218,127.46457735967817,127.46457735967817
2016-02-10,2420,2204.9915887395323,215.0084112604677,215.0084112604677
2016-02-10,2691,2319.0669126609105,371.9330873390895,371.9330873390895
2016-02-10,309,335.2892051184071,-26.289205118407097,26.289205118407097
2016-02-10,425,324.03298655432894,100.96701344567106,100.96701344567106
2016-02-10,3372,3222.015676425868,149.98432357413185,149.98432357413185
2016-02-10,4397,3646.68233852684,750.3176614731601,750.3176614731601
2016-02-10,1511,1114.3904290510752,396.6095709489248,396.6095709489248
2016-02-10,293,233.7120449851781,59.287955014821904,59.287955014821904
2016-02-10,297,246.8713320468992,50.1286679531008,50.1286679531008
2016-02-11,973,770.7010093838965,202.29899061610354,202.29899061610354
2016-02-11,2114,1803.9838261439338,310.0161738560662,310.0161738560662
2016-02-11,525,482.3498544365826,42.650145563417425,42.650145563417425
2016-02-11,838,812.050463153718,25.949536846281944,25.949536846281944
2016-02-11,2793,2413.706785551648,379.29321444835205,379.29321444835205
2016-02-11,4329,3779.6868068513213,549.3131931486787,549.3131931486787
2016-02-11,451,425.4706556999374,25.529344300062576,25.529344300062576
2016-02-11,344,273.3158834920165,70.6841165079835,70.6841165079835
2016-02-11,1120,958.3031762180465,161.69682378195353,161.69682378195353
2016-02-11,3296,2569.361419089153,726.6385809108469,726.6385809108469
2016-02-11,370,340.3579567319623,29.642043268037696,29.642043268037696
2016-02-11,427,383.2841821506329,43.71581784936711,43.71581784936711
2016-02-11,1618,1262.8193825170997,355.1806174829003,355.1806174829003
2016-02-11,4416,3684.520515241168,731.4794847588319,731.4794847588319
2016-02-11,1656,1529.6424246049146,126.3575753950854,126.3575753950854
2016-02-11,755,644.8404837756306,110.15951622436944,110.15951622436944
2016-02-11,351,349.6513477763274,1.348652223672616,1.348652223672616
2016-02-11,562,508.20775499116127,53.792245008838734,53.792245008838734
2016-02-11,254,257.8267815383669,-3.8267815383669017,3.8267815383669017
2016-02-11,2743,2510.9028589612253,232.09714103877468,232.09714103877468
2016-02-11,3590,2889.024619390061,700.9753806099388,700.9753806099388
2016-02-11,3022,2554.901279048736,467.0987209512641,467.0987209512641
2016-02-11,299,253.54297735159767,45.45702264840233,45.45702264840233
2016-02-11,383,340.5364041974789,42.46359580252113,42.46359580252113
2016-02-11,381,375.20323669840104,5.796763301598958,5.796763301598958
2016-02-11,1505,1428.5882410601032,76.4117589398968,76.4117589398968
2016-02-11,1035,878.4753374548577,156.5246625451423,156.5246625451423
2016-02-11,2644,2511.7577137036155,132.24228629638446,132.24228629638446
2016-02-11,913,805.7492184486044,107.25078155139556,107.25078155139556
2016-02-11,877,720.24114939108,156.75885060892006,156.75885060892006
2016-02-12,1057,1050.2704951350443,6.729504864955743,6.729504864955743
2016-02-12,253,302.29674637401416,-49.29674637401416,49.29674637401416
2016-02-12,2074,2204.6935986495705,-130.6935986495705,130.6935986495705
2016-02-12,4646,4192.923167473459,453.0768325265408,453.0768325265408
2016-02-12,328,434.1255108834266,-106.12551088342661,106.12551088342661
2016-02-12,2871,2926.3093397788275,-55.30933977882751,55.30933977882751
2016-02-12,992,1005.6097369427579,-13.609736942757877,13.609736942757877
2016-02-12,2885,2811.7449314485407,73.25506855145932,73.25506855145932
2016-02-12,824,952.3764582319458,-128.37645823194578,128.37645823194578
2016-02-12,463,558.8871657995754,-95.88716579957543,95.88716579957543
2016-02-12,2755,2839.445826510414,-84.44582651041401,84.44582651041401
2016-02-12,886,910.0195572130057,-24.01955721300567,24.01955721300567
2016-02-12,416,518.2657278390311,-102.26572783903111,102.26572783903111
2016-02-12,512,406.3130005320923,105.6869994679077,105.6869994679077
2016-02-12,1080,1076.3836345394452,3.616365460554789,3.616365460554789
2016-02-12,327,296.92400186207595,30.075998137924046,30.075998137924046
2016-02-12,3927,3837.5196363480586,89.48036365194139,89.48036365194139
2016-02-12,2793,2749.4653177014065,43.53468229859345,43.53468229859345
2016-02-12,330,386.4561977376481,-56.4561977376481,56.4561977376481
2016-02-12,460,458.71006870522984,1.289931294770156,1.289931294770156
2016-02-12,1484,1416.9766388174066,67.02336118259336,67.02336118259336
2016-02-12,1016,925.895038409343,90.10496159065701,90.10496159065701
2016-02-12,3059,3002.2607522163953,56.7392477836047,56.7392477836047
2016-02-12,413,406.13046452344435,6.869535476555654,6.869535476555654
2016-02-12,333,296.93469495808455,36.06530504191545,36.06530504191545
2016-02-12,1538,1635.2255794790135,-97.2255794790135,97.2255794790135
2016-02-12,789,850.6561425094104,-61.656142509410415,61.656142509410415
2016-02-12,1692,1585.882871588972,106.11712841102803,106.11712841102803
2016-02-12,3546,3507.4413529623744,38.55864703762563,38.55864703762563
2016-02-12,473,487.4357292028552,-14.435729202855214,14.435729202855214
2016-02-13,4357,4882.5008790738,-525.5008790738002,525.5008790738002
2016-02-13,563,510.69616659900834,52.303833400991664,52.303833400991664
2016-02-13,729,692.1059825874531,36.89401741254687,36.89401741254687
2016-02-13,1150,1122.8952695307605,27.104730469239485,27.104730469239485
2016-02-13,3599,3974.1078988726645,-375.10789887266446,375.10789887266446
2016-02-13,2583,2543.3550602239734,39.644939776026604,39.644939776026604
2016-02-13,3115,3241.3276535934133,-126.32765359341329,126.32765359341329
2016-02-13,372,344.9846046464016,27.01539535359842,27.01539535359842
2016-02-13,642,686.5116947320801,-44.51169473208006,44.51169473208006
2016-02-13,3692,3854.194651286198,-162.19465128619822,162.19465128619822
2016-02-13,1387,1671.3651484835652,-284.36514848356524,284.36514848356524
2016-02-13,598,639.7489411217176,-41.74894112171762,41.74894112171762
2016-02-13,1251,1217.3665124851602,33.63348751483977,33.63348751483977
2016-02-13,372,366.5142567051858,5.485743294814199,5.485743294814199
2016-02-13,1639,1541.0712730328557,97.92872696714426,97.92872696714426
2016-02-13,352,346.7331668791016,5.266833120898411,5.266833120898411
2016-02-13,1286,1286.5530239586576,-0.5530239586576045,0.5530239586576045
2016-02-13,1241,1128.4943894884143,112.5056105115857,112.5056105115857
2016-02-13,1152,1231.042934417941,-79.04293441794107,79.04293441794107
2016-02-13,1370,1324.2532272700998,45.74677272990016,45.74677272990016
2016-02-13,5135,4943.852434341084,191.1475656589164,191.1475656589164
2016-02-13,3698,3950.0734506611584,-252.0734506611584,252.0734506611584
2016-02-13,396,439.1708609851287,-43.170860985128684,43.170860985128684
2016-02-13,1893,1999.11640157582,-106.11640157581996,106.11640157581996
2016-02-13,375,510.0039780780482,-135.0039780780482,135.0039780780482
2016-02-13,531,595.0555870216682,-64.0555870216682,64.0555870216682
2016-02-13,2057,2044.3432963884613,12.65670361153866,12.65670361153866
2016-02-13,3561,3581.8315962182987,-20.831596218298728,20.831596218298728
2016-02-13,566,520.6734380657686,45.32656193423145,45.32656193423145
2016-02-13,4053,4129.292080603682,-76.29208060368182,76.29208060368182
2016-02-14,1864,2071.9414957155045,-207.94149571550452,207.94149571550452
2016-02-14,358,439.753055722328,-81.75305572232799,81.75305572232799
2016-02-14,3260,3190.493166631593,69.50683336840711,69.50683336840711
2016-02-14,397,424.1298932829118,-27.12989328291178,27.12989328291178
2016-02-14,506,549.1293046224982,-43.12930462249824,43.12930462249824
2016-02-14,1186,1424.3287071218556,-238.3287071218556,238.3287071218556
2016-02-14,240,253.08105116797816,-13.08105116797816,13.08105116797816
2016-02-14,482,496.4616940915147,-14.461694091514687,14.461694091514687
2016-02-14,606,696.4831418188975,-90.48314181889748,90.48314181889748
2016-02-14,3316,3451.5866475529624,-135.5866475529624,135.5866475529624
2016-02-14,849,946.6162230258469,-97.61622302584692,97.61622302584692
2016-02-14,3169,3617.8504672229847,-448.85046722298466,448.85046722298466
2016-02-14,997,1088.0047405999273,-91.00474059992735,91.00474059992735
2016-02-14,194,285.8570599068915,-91.8570599068915,91.8570599068915
2016-02-14,1117,1186.117478975042,-69.1174789750421,69.1174789750421
2016-02-14,4382,4938.017386880631,-556.0173868806314,556.0173868806314
2016-02-14,1571,1903.6981595100092,-332.6981595100092,332.6981595100092
2016-02-14,459,478.9284346492692,-19.928434649269207,19.928434649269207
2016-02-14,3212,3621.809373971819,-409.8093739718188,409.8093739718188
2016-02-14,4782,3829.680457751712,952.3195422482881,952.3195422482881
2016-02-14,3024,3095.858207138106,-71.85820713810608,71.85820713810608
2016-02-14,1107,1289.6016725264255,-182.60167252642555,182.60167252642555
2016-02-14,1042,1192.0423954832822,-150.04239548328223,150.04239548328223
2016-02-14,1222,1360.1162697735017,-138.1162697735017,138.1162697735017
2016-02-14,458,430.30630472770827,27.693695272291734,27.693695272291734
2016-02-14,1346,1382.6639383540269,-36.66393835402687,36.66393835402687
2016-02-14,558,570.7536881223235,-12.753688122323524,12.753688122323524
2016-02-14,351,351.3825341882501,-0.38253418825007657,0.38253418825007657
2016-02-14,3841,3459.7985516840367,381.20144831596326,381.20144831596326
2016-02-14,2441,2441.5204245457417,-0.5204245457416619,0.5204245457416619
2016-02-15,2840,2795.51012712888,44.48987287112004,44.48987287112004
2016-02-15,3452,3298.9433866253744,153.0566133746256,153.0566133746256
2016-02-15,229,232.67189839399717,-3.671898393997168,3.671898393997168
2016-02-15,562,493.59287432186295,68.40712567813705,68.40712567813705
2016-02-15,4845,3805.835294597157,1039.164705402843,1039.164705402843
2016-02-15,636,564.8259224713624,71.17407752863755,71.17407752863755
2016-02-15,339,356.08031099837547,-17.080310998375467,17.080310998375467
2016-02-15,2938,2838.585993188322,99.41400681167806,99.41400681167806
2016-02-15,2757,2749.5283394252288,7.471660574771249,7.471660574771249
2016-02-15,1132,952.7565062682647,179.24349373173527,179.24349373173527
2016-02-15,2522,2341.9413363308063,180.05866366919372,180.05866366919372
2016-02-15,358,345.1791019227285,12.820898077271522,12.820898077271522
2016-02-15,1752,1538.6812647562986,213.31873524370144,213.31873524370144
2016-02-15,1983,1671.6055216175125,311.3944783824875,311.3944783824875
2016-02-15,1285,1100.6127890841735,184.38721091582647,184.38721091582647
2016-02-15,2222,2155.2118640768776,66.78813592312235,66.78813592312235
2016-02-15,367,381.3855378197305,-14.385537819730473,14.385537819730473
2016-02-15,261,247.90154217298655,13.098457827013448,13.098457827013448
2016-02-15,1103,1031.9306594892894,71.06934051071062,71.06934051071062
2016-02-15,818,725.7566947878613,92.2433052121387,92.2433052121387
2016-02-15,295,263.6055276846782,31.39447231532182,31.39447231532182
2016-02-15,1177,1158.5329938994976,18.46700610050243,18.46700610050243
2016-02-15,329,327.20452269203884,1.7954773079611641,1.7954773079611641
2016-02-15,476,487.7248797566607,-11.724879756660698,11.724879756660698
2016-02-15,1103,992.5515107916366,110.44848920836341,110.44848920836341
2016-02-15,673,620.7821187943774,52.217881205622575,52.217881205622575
2016-02-15,5345,3855.514491388075,1489.485508611925,1489.485508611925
2016-02-15,303,355.1071848601334,-52.10718486013337,52.10718486013337
2016-02-15,1041,980.2914072328766,60.70859276712338,60.70859276712338
2016-02-15,3009,2798.51506939829,210.48493060170995,210.48493060170995
2016-02-16,798,903.7018720600108,-105.70187206001083,105.70187206001083
2016-02-16,420,452.893904594526,-32.89390459452602,32.89390459452602
2016-02-16,2637,2865.0927415681003,-228.09274156810034,228.09274156810034
2016-02-16,1988,1840.5932075328176,147.4067924671824,147.4067924671824
2016-02-16,2391,2221.8784408728343,169.1215591271657,169.1215591271657
2016-02-16,581,584.9992439459736,-3.9992439459736033,3.9992439459736033
2016-02-16,322,333.7668437350757,-11.766843735075724,11.766843735075724
2016-02-16,2215,2275.81759742625,-60.817597426249904,60.817597426249904
2016-02-16,776,875.1702923259612,-99.17029232596121,99.17029232596121
2016-02-16,3775,3717.1789130136754,57.821086986324644,57.821086986324644
2016-02-16,427,327.5833884915224,99.41661150847762,99.41661150847762
2016-02-16,495,419.2644955290635,75.73550447093652,75.73550447093652
2016-02-16,2520,2278.659141713223,241.3408582867769,241.3408582867769
2016-02-16,905,904.8535585170131,0.14644148298691562,0.14644148298691562
2016-02-16,329,313.2390556503155,15.760944349684507,15.760944349684507
2016-02-16,873,931.6318115300139,-58.63181153001392,58.63181153001392
2016-02-16,369,350.1301416190109,18.869858380989115,18.869858380989115
2016-02-16,1566,1537.6892311692422,28.310768830757752,28.310768830757752
2016-02-16,1383,1424.5884337799102,-41.58843377991025,41.58843377991025
2016-02-16,2379,2438.1962190637155,-59.19621906371549,59.19621906371549
2016-02-16,646,514.6510268991113,131.34897310088866,131.34897310088866
2016-02-16,180,250.93011445176774,-70.93011445176774,70.93011445176774
2016-02-16,3991,3342.5146772295457,648.4853227704543,648.4853227704543
2016-02-16,285,338.0359249581957,-53.03592495819572,53.03592495819572
2016-02-16,1195,1112.652653611712,82.34734638828809,82.34734638828809
2016-02-16,254,225.40625260231423,28.593747397685775,28.593747397685775
2016-02-16,2263,2104.016142017245,158.98385798275513,158.98385798275513
2016-02-16,818,898.1476116848946,-80.14761168489463,80.14761168489463
2016-02-16,682,662.9607881282506,19.039211871749444,19.039211871749444
2016-02-16,239,265.7666387161286,-26.766638716128625,26.766638716128625
2016-02-17,3557,3592.6513592007323,-35.65135920073226,35.65135920073226
2016-02-17,557,524.9306016103044,32.06939838969561,32.06939838969561
2016-02-17,800,872.7102362350877,-72.71023623508768,72.71023623508768
2016-02-17,341,313.58689721071806,27.413102789281936,27.413102789281936
2016-02-17,373,354.5048576183181,18.495142381681887,18.495142381681887
2016-02-17,261,255.86659370046553,5.133406299534471,5.133406299534471
2016-02-17,273,361.63085460043334,-88.63085460043334,88.63085460043334
2016-02-17,359,342.97887174995986,16.021128250040135,16.021128250040135
2016-02-17,849,833.5736208594631,15.426379140536937,15.426379140536937
2016-02-17,3786,3141.9585283293336,644.0414716706664,644.0414716706664
2016-02-17,453,510.97943484979766,-57.979434849797656,57.979434849797656
2016-02-17,1060,988.6993496563143,71.30065034368567,71.30065034368567
2016-02-17,1272,1323.157058823618,-51.157058823617945,51.157058823617945
2016-02-17,2473,2415.3860225402427,57.61397745975728,57.61397745975728
2016-02-17,730,616.7482278596058,113.25177214039422,113.25177214039422
2016-02-17,2191,2176.4841688963184,14.515831103681649,14.515831103681649
2016-02-17,430,445.8919706786044,-15.891970678604423,15.891970678604423
2016-02-17,1455,1496.5075884711082,-41.50758847110819,41.50758847110819
2016-02-17,798,897.3278176032535,-99.3278176032535,99.3278176032535
2016-02-17,2316,2121.883426725803,194.11657327419698,194.11657327419698
2016-02-17,1814,1784.013432863961,29.986567136038957,29.986567136038957
2016-02-17,2222,2236.2783894923186,-14.278389492318638,14.278389492318638
2016-02-17,213,257.31905362963573,-44.31905362963573,44.31905362963573
2016-02-17,676,734.2464678049738,-58.246467804973804,58.246467804973804
2016-02-17,2371,2342.9834958960673,28.016504103932675,28.016504103932675
2016-02-17,251,255.9283504881192,-4.928350488119207,4.928350488119207
2016-02-17,1356,1415.0153570604778,-59.015357060477754,59.015357060477754
2016-02-17,2273,2224.2055514644953,48.79444853550467,48.79444853550467
2016-02-17,722,849.0462835930973,-127.04628359309731,127.04628359309731
2016-02-17,313,332.0004290823013,-19.00042908230131,19.00042908230131
2016-02-18,796,842.5672812874562,-46.56728128745624,46.56728128745624
2016-02-18,1564,1491.8339471501222,72.16605284987781,72.16605284987781
2016-02-18,3234,3119.334858584471,114.66514141552898,114.66514141552898
2016-02-18,2246,2084.0226817801686,161.97731821983143,161.97731821983143
2016-02-18,338,328.4255169234346,9.5744830765654,9.5744830765654
2016-02-18,316,339.48987522941815,-23.489875229418146,23.489875229418146
2016-02-18,441,467.433856345282,-26.43385634528198,26.43385634528198
2016-02-18,506,511.8919908484643,-5.891990848464275,5.891990848464275
2016-02-18,259,266.5874471175571,-7.587447117557076,7.587447117557076
2016-02-18,1824,1665.5803356806807,158.41966431931928,158.41966431931928
2016-02-18,1355,1341.0459676656685,13.954032334331487,13.954032334331487
2016-02-18,2243,2154.256938715037,88.743061284963,88.743061284963
2016-02-18,1062,993.3119876458908,68.68801235410922,68.68801235410922
2016-02-18,272,250.40760731430518,21.59239268569482,21.59239268569482
2016-02-18,380,372.79675609750234,7.203243902497661,7.203243902497661
2016-02-18,2381,2151.505438066517,229.49456193348306,229.49456193348306
2016-02-18,3354,3544.955292356256,-190.955292356256,190.955292356256
2016-02-18,332,340.7112697212163,-8.711269721216297,8.711269721216297
2016-02-18,209,233.9751621251037,-24.975162125103708,24.975162125103708
2016-02-18,514,514.031160461637,-0.03116046163700048,0.03116046163700048
2016-02-18,1501,1397.0394999995178,103.96050000048217,103.96050000048217
2016-02-18,878,832.8318225162344,45.16817748376559,45.16817748376559
2016-02-18,2476,2290.716705900936,185.28329409906382,185.28329409906382
2016-02-18,619,741.1968409468222,-122.19684094682225,122.19684094682225
2016-02-18,851,901.0766364304804,-50.07663643048045,50.07663643048045
2016-02-18,629,680.393642439729,-51.39364243972898,51.39364243972898
2016-02-18,477,366.949258240661,110.05074175933902,110.05074175933902
2016-02-18,2132,2222.9326018918696,-90.93260189186958,90.93260189186958
2016-02-18,898,811.2657366930168,86.73426330698317,86.73426330698317
2016-02-18,2349,2179.876692596374,169.12330740362586,169.12330740362586
2016-02-19,373,434.4625968336741,-61.46259683367413,61.46259683367413
2016-02-19,405,420.5231331565536,-15.523133156553627,15.523133156553627
2016-02-19,1092,1060.0236414378005,31.976358562199493,31.976358562199493
2016-02-19,732,758.9323703623651,-26.932370362365077,26.932370362365077
2016-02-19,315,403.01227227706465,-88.01227227706465,88.01227227706465
2016-02-19,1053,904.9258937108353,148.07410628916466,148.07410628916466
2016-02-19,707,521.3532797220331,185.6467202779669,185.6467202779669
2016-02-19,942,1031.5362989517237,-89.53629895172367,89.53629895172367
2016-02-19,3179,3322.9251298656623,-143.92512986566226,143.92512986566226
2016-02-19,1874,1900.8192030822042,-26.81920308220424,26.81920308220424
2016-02-19,565,483.1389931746434,81.86100682535658,81.86100682535658
2016-02-19,234,284.4546756093142,-50.45467560931422,50.45467560931422
2016-02-19,2659,2448.9669043316785,210.0330956683215,210.0330956683215
2016-02-19,1555,1593.8346443563782,-38.83464435637825,38.83464435637825
2016-02-19,1614,1577.1321357708548,36.8678642291452,36.8678642291452
2016-02-19,2679,2513.216485292203,165.78351470779717,165.78351470779717
2016-02-19,1338,1336.4967645968404,1.5032354031595787,1.5032354031595787
2016-02-19,288,274.9944186030847,13.005581396915318,13.005581396915318
2016-02-19,2713,2483.635329621173,229.3646703788272,229.3646703788272
2016-02-19,401,420.3907606849127,-19.39076068491272,19.39076068491272
2016-02-19,2795,2648.784059956853,146.21594004314693,146.21594004314693
2016-02-19,988,889.6470615097917,98.35293849020832,98.35293849020832
2016-02-19,510,476.5609688396771,33.439031160322884,33.439031160322884
2016-02-19,332,371.2950517770974,-39.2950517770974,39.2950517770974
2016-02-19,824,842.6867114857482,-18.68671148574822,18.68671148574822
2016-02-19,2848,2569.143225149616,278.8567748503842,278.8567748503842
2016-02-19,318,285.5017108471043,32.49828915289572,32.49828915289572
2016-02-19,2249,2377.436712858994,-128.43671285899381,128.43671285899381
2016-02-19,973,927.0440104683782,45.95598953162175,45.95598953162175
2016-02-19,3837,3567.455741714697,269.54425828530293,269.54425828530293
2016-02-20,3469,3610.1457493521866,-141.1457493521866,141.1457493521866
2016-02-20,329,315.49027766792983,13.509722332070169,13.509722332070169
2016-02-20,1520,1475.2051226684268,44.79487733157316,44.79487733157316
2016-02-20,1133,1064.696722814966,68.30327718503395,68.30327718503395
2016-02-20,386,336.2581218712511,49.74187812874891,49.74187812874891
2016-02-20,1192,1200.6428325688134,-8.642832568813446,8.642832568813446
2016-02-20,1227,1374.5868639694936,-147.5868639694936,147.5868639694936
2016-02-20,685,586.5882231126201,98.41177688737992,98.41177688737992
2016-02-20,2705,2703.1037330947047,1.896266905295306,1.896266905295306
2016-02-20,3720,3401.224735931658,318.77526406834204,318.77526406834204
2016-02-20,1482,1461.6947882401196,20.30521175988042,20.30521175988042
2016-02-20,4746,4665.890428096887,80.10957190311274,80.10957190311274
2016-02-20,235,314.5539655129167,-79.5539655129167,79.5539655129167
2016-02-20,397,455.6702592057209,-58.670259205720924,58.670259205720924
2016-02-20,3636,3592.8847899087214,43.11521009127864,43.11521009127864
2016-02-20,3447,3220.5374349915187,226.4625650084813,226.4625650084813
2016-02-20,2117,2063.894876738144,53.10512326185608,53.10512326185608
2016-02-20,461,479.9171357841665,-18.917135784166476,18.917135784166476
2016-02-20,1696,1870.7610254211274,-174.76102542112744,174.76102542112744
2016-02-20,805,755.2212273013924,49.778772698607554,49.778772698607554
2016-02-20,587,672.1192731860309,-85.11927318603091,85.11927318603091
2016-02-20,1195,1093.5124589381771,101.48754106182287,101.48754106182287
2016-02-20,3184,3239.378621598084,-55.37862159808401,55.37862159808401
2016-02-20,2241,2328.310476242013,-87.31047624201301,87.31047624201301
2016-02-20,1426,1292.6039163735086,133.39608362649142,133.39608362649142
2016-02-20,1338,1189.6914567531817,148.30854324681832,148.30854324681832
2016-02-20,406,384.73312480595064,21.266875194049362,21.266875194049362
2016-02-20,613,502.5197299069712,110.48027009302882,110.48027009302882
2016-02-20,3906,3740.869038472569,165.13096152743083,165.13096152743083
2016-02-20,573,603.44091440402,-30.440914404019964,30.440914404019964
2016-02-21,1353,1239.478557064985,113.5214429350151,113.5214429350151
2016-02-21,3497,3157.6440066146265,339.3559933853735,339.3559933853735
2016-02-21,1634,1448.8907919183382,185.1092080816618,185.1092080816618
2016-02-21,1527,1374.2178617069096,152.78213829309038,152.78213829309038
2016-02-21,1360,1196.391833070145,163.6081669298551,163.6081669298551
2016-02-21,621,541.4509473530923,79.54905264690774,79.54905264690774
2016-02-21,301,235.47278128410005,65.52721871589995,65.52721871589995
2016-02-21,2176,2047.6102526513182,128.3897473486818,128.3897473486818
2016-02-21,656,529.0901882773711,126.90981172262889,126.90981172262889
2016-02-21,1848,1762.0100554003313,85.98994459966866,85.98994459966866
2016-02-21,3997,3546.5578437965623,450.44215620343766,450.44215620343766
2016-02-21,412,448.8139758731085,-36.81397587310852,36.81397587310852
2016-02-21,364,399.09832286034725,-35.09832286034725,35.09832286034725
2016-02-21,3598,3576.39367688782,21.60632311217978,21.60632311217978
2016-02-21,281,285.31607770435636,-4.31607770435636,4.31607770435636
2016-02-21,1350,1351.1282274179646,-1.128227417964581,1.128227417964581
2016-02-21,5202,5152.3656717080585,49.63432829194153,49.63432829194153
2016-02-21,1051,981.4425835812465,69.55741641875352,69.55741641875352
2016-02-21,455,408.0152055846602,46.98479441533982,46.98479441533982
2016-02-21,483,430.0439490277091,52.95605097229088,52.95605097229088
2016-02-21,3409,3258.7726322248045,150.2273677751955,150.2273677751955
2016-02-21,2557,2384.8492368477955,172.1507631522045,172.1507631522045
2016-02-21,1283,1169.886032322768,113.11396767723204,113.11396767723204
2016-02-21,459,361.64262677242203,97.35737322757797,97.35737322757797
2016-02-21,606,690.7770879474779,-84.77708794747787,84.77708794747787
2016-02-21,3316,3343.7110752005087,-27.71107520050873,27.71107520050873
2016-02-21,1002,1051.6032828260145,-49.60328282601449,49.60328282601449
2016-02-21,3014,2978.2970498087257,35.70295019127434,35.70295019127434
2016-02-21,3758,3677.5551792170954,80.44482078290457,80.44482078290457
2016-02-21,511,457.5067847372992,53.4932152627008,53.4932152627008
2016-02-22,1769,1807.9517200810355,-38.951720081035546,38.951720081035546
2016-02-22,253,243.43575050526417,9.564249494735833,9.564249494735833
2016-02-22,539,477.08382200591114,61.916177994088855,61.916177994088855
2016-02-22,4141,3901.071266644264,239.92873335573586,239.92873335573586
2016-02-22,2850,3083.111490308198,-233.11149030819797,233.11149030819797
2016-02-22,409,343.3196283214236,65.68037167857642,65.68037167857642
2016-02-22,974,1144.4471636845255,-170.44716368452555,170.44716368452555
2016-02-22,1271,1114.0652103261334,156.9347896738666,156.9347896738666
2016-02-22,866,1164.1777853523952,-298.1777853523952,298.1777853523952
2016-02-22,1675,1791.0528358814724,-116.05283588147245,116.05283588147245
2016-02-22,2298,2461.538583103604,-163.5385831036042,163.5385831036042
2016-02-22,1066,1048.937377486524,17.06262251347607,17.06262251347607
2016-02-22,2174,2143.6277908116313,30.372209188368743,30.372209188368743
2016-02-22,219,246.81127868068214,-27.811278680682136,27.811278680682136
2016-02-22,1564,1609.0009028297227,-45.00090282972269,45.00090282972269
2016-02-22,864,1015.9726508661282,-151.97265086612822,151.97265086612822
2016-02-22,2466,2650.703123182662,-184.70312318266178,184.70312318266178
2016-02-22,900,1056.2118601343323,-156.21186013433226,156.21186013433226
2016-02-22,307,319.6345237720261,-12.634523772026114,12.634523772026114
2016-02-22,689,770.859870397119,-81.85987039711904,81.85987039711904
2016-02-22,614,667.0776893850382,-53.077689385038184,53.077689385038184
2016-02-22,247,302.58820843121066,-55.58820843121066,55.58820843121066
2016-02-22,395,348.2841953803409,46.71580461965908,46.71580461965908
2016-02-22,416,314.56171696994056,101.43828303005944,101.43828303005944
2016-02-22,518,498.2129436992246,19.78705630077542,19.78705630077542
2016-02-22,2519,2487.9610900401053,31.03890995989468,31.03890995989468
2016-02-22,431,363.6910999377479,67.30890006225212,67.30890006225212
2016-02-22,2150,2345.116479895241,-195.1164798952409,195.1164798952409
2016-02-22,477,548.801922898697,-71.80192289869694,71.80192289869694
2016-02-22,2267,2471.9892947395556,-204.9892947395556,204.9892947395556
2016-02-23,297,330.8862788240517,-33.886278824051715,33.886278824051715
2016-02-23,348,333.97454148323163,14.025458516768367,14.025458516768367
2016-02-23,760,655.7396039577617,104.26039604223831,104.26039604223831
2016-02-23,2787,2716.892479479325,70.10752052067483,70.10752052067483
2016-02-23,2006,2043.7594855954067,-37.75948559540666,37.75948559540666
2016-02-23,229,247.31344247784736,-18.31344247784736,18.31344247784736
2016-02-23,530,551.472187784615,-21.472187784615016,21.472187784615016
2016-02-23,850,863.5583227894106,-13.558322789410568,13.558322789410568
2016-02-23,483,576.5128397866117,-93.51283978661172,93.51283978661172
2016-02-23,369,324.4843605948107,44.51563940518929,44.51563940518929
2016-02-23,2066,2178.5044814124726,-112.50448141247261,112.50448141247261
2016-02-23,422,451.83345078359054,-29.833450783590536,29.833450783590536
2016-02-23,1487,1391.6417202332339,95.35827976676615,95.35827976676615
2016-02-23,1066,1126.4290577482668,-60.429057748266814,60.429057748266814
2016-02-23,934,892.1843236508729,41.8156763491271,41.8156763491271
2016-02-23,3537,3549.6419920403355,-12.64199204033548,12.64199204033548
2016-02-23,347,353.0633597208538,-6.063359720853782,6.063359720853782
2016-02-23,203,235.38793548086028,-32.38793548086028,32.38793548086028
2016-02-23,1964,2096.8698410493735,-132.86984104937346,132.86984104937346
2016-02-23,1549,1481.3810692967415,67.61893070325846,67.61893070325846
2016-02-23,2406,2179.5339944528723,226.46600554712768,226.46600554712768
2016-02-23,268,225.4096979058396,42.59030209416039,42.59030209416039
2016-02-23,921,876.8781637150989,44.121836284901065,44.121836284901065
2016-02-23,2359,2175.1465280587163,183.85347194128371,183.85347194128371
2016-02-23,414,465.80071152977865,-51.80071152977865,51.80071152977865
2016-02-23,290,320.8743210119285,-30.874321011928487,30.874321011928487
2016-02-23,1527,1668.840715086918,-141.84071508691795,141.84071508691795
2016-02-23,1994,2013.6988426641817,-19.69884266418171,19.69884266418171
2016-02-23,775,823.1325906639263,-48.132590663926294,48.132590663926294
2016-02-23,793,823.3267755820407,-30.326775582040682,30.326775582040682
2016-02-24,2021,1996.8594315293217,24.140568470678318,24.140568470678318
2016-02-24,258,247.10744967043038,10.892550329569616,10.892550329569616
2016-02-24,244,259.49488676700685,-15.494886767006847,15.494886767006847
2016-02-24,946,1016.5385654877117,-70.53856548771171,70.53856548771171
2016-02-24,2375,2195.8359978003623,179.1640021996377,179.1640021996377
2016-02-24,350,332.6566524360759,17.343347563924112,17.343347563924112
2016-02-24,2963,2653.8956045520977,309.10439544790233,309.10439544790233
2016-02-24,820,781.528229896404,38.471770103595986,38.471770103595986
2016-02-24,302,352.1135562965735,-50.113556296573506,50.113556296573506
2016-02-24,2089,1978.0304495814546,110.9695504185454,110.9695504185454
2016-02-24,3505,3474.4643312326125,30.535668767387506,30.535668767387506
2016-02-24,473,456.96295842664927,16.037041573350734,16.037041573350734
2016-02-24,346,359.7441853738019,-13.744185373801884,13.744185373801884
2016-02-24,423,425.46939844225216,-2.4693984422521567,2.4693984422521567
2016-02-24,1296,1391.9234487966244,-95.92344879662437,95.92344879662437
2016-02-24,1966,2129.2107737377983,-163.21077373779826,163.21077373779826
2016-02-24,1639,1570.4515244762026,68.54847552379738,68.54847552379738
2016-02-24,983,847.9974284645989,135.0025715354011,135.0025715354011
2016-02-24,2076,2182.6598531108307,-106.65985311083068,106.65985311083068
2016-02-24,281,334.93431473892724,-53.93431473892724,53.93431473892724
2016-02-24,587,728.7430087154289,-141.7430087154289,141.7430087154289
2016-02-24,911,810.3900947635624,100.60990523643761,100.60990523643761
2016-02-24,220,234.56773602974815,-14.567736029748147,14.567736029748147
2016-02-24,760,785.5084814474246,-25.50848144742463,25.50848144742463
2016-02-24,2031,2085.492319915855,-54.492319915855205,54.492319915855205
2016-02-24,295,329.07459263210956,-34.07459263210956,34.07459263210956
2016-02-24,1266,1131.8516768600552,134.14832313994475,134.14832313994475
2016-02-24,1437,1504.6587218842692,-67.6587218842692,67.6587218842692
2016-02-24,670,625.0677096002399,44.93229039976006,44.93229039976006
2016-02-24,535,491.0002269330411,43.99977306695888,43.99977306695888
2016-02-25,830,865.6176846966389,-35.61768469663889,35.61768469663889
2016-02-25,498,505.7819075054565,-7.781907505456502,7.781907505456502
2016-02-25,451,480.50035614121566,-29.50035614121566,29.50035614121566
2016-02-25,256,229.63285205969848,26.36714794030152,26.36714794030152
2016-02-25,2811,2869.7368919955247,-58.73689199552473,58.73689199552473
2016-02-25,1371,1393.2922757473816,-22.29227574738161,22.29227574738161
2016-02-25,683,643.7105480612239,39.2894519387761,39.2894519387761
2016-02-25,779,883.5891538881535,-104.58915388815353,104.58915388815353
2016-02-25,2156,2016.6246219571808,139.3753780428192,139.3753780428192
2016-02-25,2333,2251.8623774383386,81.13762256166137,81.13762256166137
2016-02-25,363,320.5992232620573,42.40077673794269,42.40077673794269
2016-02-25,2152,2145.259083031044,6.740916968955844,6.740916968955844
2016-02-25,317,351.42481679310754,-34.42481679310754,34.42481679310754
2016-02-25,627,653.2154134394384,-26.215413439438407,26.215413439438407
2016-02-25,201,269.98482386467293,-68.98482386467293,68.98482386467293
2016-02-25,1351,1235.0680603944304,115.9319396055696,115.9319396055696
2016-02-25,254,247.53125654444528,6.468743455554716,6.468743455554716
2016-02-25,1898,2013.1212250596352,-115.12122505963521,115.12122505963521
2016-02-25,2251,2110.9086081846553,140.09139181534465,140.09139181534465
2016-02-25,476,443.36853351286726,32.63146648713274,32.63146648713274
2016-02-25,316,323.9880789686998,-7.988078968699824,7.988078968699824
2016-02-25,996,1020.0870930478275,-24.087093047827466,24.087093047827466
2016-02-25,3546,3479.3976010143747,66.60239898562531,66.60239898562531
2016-02-25,893,893.4604236637138,-0.46042366371375465,0.46042366371375465
2016-02-25,320,370.366595741786,-50.366595741786,50.366595741786
2016-02-25,338,350.9405050269795,-12.940505026979508,12.940505026979508
2016-02-25,2176,2140.2147101393884,35.785289860611556,35.785289860611556
2016-02-25,1712,1612.7853619409884,99.21463805901158,99.21463805901158
2016-02-25,1491,1463.044607876493,27.955392123506954,27.955392123506954
2016-02-25,769,828.3227326889322,-59.322732688932206,59.322732688932206
2016-02-26,855,838.6861628270195,16.31383717298047,16.31383717298047
2016-02-26,820,938.5852354777638,-118.58523547776383,118.58523547776383
2016-02-26,421,429.4354938412423,-8.435493841242305,8.435493841242305
2016-02-26,3832,3744.381852416045,87.61814758395485,87.61814758395485
2016-02-26,1301,1312.5153530519933,-11.515353051993316,11.515353051993316
2016-02-26,542,572.7504305483003,-30.7504305483003,30.7504305483003
2016-02-26,819,1006.9633115677427,-187.96331156774272,187.96331156774272
2016-02-26,2398,2517.4286164047885,-119.4286164047885,119.4286164047885
2016-02-26,489,502.1802993849136,-13.18029938491361,13.18029938491361
2016-02-26,301,291.3262423916733,9.673757608326696,9.673757608326696
2016-02-26,1949,2206.8955248095226,-257.8955248095226,257.8955248095226
2016-02-26,497,383.2609073095182,113.73909269048181,113.73909269048181
2016-02-26,2305,2461.9980424125806,-156.99804241258062,156.99804241258062
2016-02-26,450,355.3871332803136,94.6128667196864,94.6128667196864
2016-02-26,1566,1551.4143143560404,14.58568564395955,14.58568564395955
2016-02-26,839,772.9404819028176,66.05951809718238,66.05951809718238
2016-02-26,365,394.0040252708942,-29.004025270894203,29.004025270894203
2016-02-26,1740,1750.3836789658817,-10.3836789658817,10.3836789658817
2016-02-26,849,920.9567294962569,-71.95672949625691,71.95672949625691
2016-02-26,2350,2407.3305412739405,-57.330541273940526,57.330541273940526
2016-02-26,1084,1075.0289088063973,8.97109119360266,8.97109119360266
2016-02-26,969,995.3110509996267,-26.311050999626673,26.311050999626673
2016-02-26,2576,2522.461867816664,53.538132183336074,53.538132183336074
2016-02-26,2779,2920.630655337287,-141.63065533728695,141.63065533728695
2016-02-26,272,256.9229863137286,15.077013686271414,15.077013686271414
2016-02-26,1459,1611.3428550106198,-152.34285501061981,152.34285501061981
2016-02-26,255,290.4861908021996,-35.48619080219959,35.48619080219959
2016-02-26,2713,2645.4504615665396,67.54953843346038,67.54953843346038
2016-02-26,329,397.50408313614656,-68.50408313614656,68.50408313614656
2016-02-26,525,489.9737066930029,35.026293306997104,35.026293306997104
2016-02-27,1801,1775.8567445587876,25.143255441212432,25.143255441212432
2016-02-27,2831,3015.1328355171236,-184.13283551712357,184.13283551712357
2016-02-27,420,437.01682087429253,-17.016820874292534,17.016820874292534
2016-02-27,600,610.9071791088033,-10.907179108803348,10.907179108803348
2016-02-27,1091,1163.3876021708427,-72.38760217084268,72.38760217084268
2016-02-27,3904,3347.2550556172414,556.7449443827586,556.7449443827586
2016-02-27,373,499.75028851646874,-126.75028851646874,126.75028851646874
2016-02-27,1125,1099.2057025567,25.79429744329991,25.79429744329991
2016-02-27,4784,4643.36418795923,140.63581204077036,140.63581204077036
2016-02-27,602,585.5757278837644,16.424272116235556,16.424272116235556
2016-02-27,1087,1142.9506599738013,-55.950659973801294,55.950659973801294
2016-02-27,3459,3411.9453130641255,47.05468693587454,47.05468693587454
2016-02-27,343,299.2508795229035,43.74912047709648,43.74912047709648
2016-02-27,607,652.7228549855588,-45.7228549855588,45.7228549855588
2016-02-27,1043,1150.4882994572592,-107.48829945725925,107.48829945725925
2016-02-27,587,747.3906477440182,-160.39064774401822,160.39064774401822
2016-02-27,3367,3312.787727710331,54.21227228966882,54.21227228966882
2016-02-27,2035,2070.7543065770246,-35.754306577024636,35.754306577024636
2016-02-27,1442,1565.6455363104997,-123.64553631049966,123.64553631049966
2016-02-27,2384,2570.3335649032283,-186.3335649032283,186.3335649032283
2016-02-27,1163,1325.0121256483128,-162.0121256483128,162.0121256483128
2016-02-27,3242,3073.624927615025,168.37507238497483,168.37507238497483
2016-02-27,562,573.9104293895534,-11.910429389553428,11.910429389553428
2016-02-27,369,410.8852811915426,-41.88528119154262,41.88528119154262
2016-02-27,1604,1551.2649419675286,52.73505803247144,52.73505803247144
2016-02-27,239,332.6010674943129,-93.60106749431287,93.60106749431287
2016-02-27,2004,2039.0783872950738,-35.07838729507375,35.07838729507375
2016-02-27,289,335.5134735021005,-46.51347350210051,46.51347350210051
2016-02-27,1270,1235.8345919467215,34.1654080532785,34.1654080532785
2016-02-27,3260,3354.799178163474,-94.79917816347415,94.79917816347415
2016-02-28,740,597.8288873572935,142.17111264270648,142.17111264270648
2016-02-28,2802,2778.399839055066,23.600160944934032,23.600160944934032
2016-02-28,2120,1848.2695877508993,271.7304122491007,271.7304122491007
2016-02-28,3475,3199.025610959618,275.974389040382,275.974389040382
2016-02-28,471,431.2362512307005,39.763748769299525,39.763748769299525
2016-02-28,438,453.9009857225846,-15.900985722584608,15.900985722584608
2016-02-28,551,449.5374805196753,101.46251948032472,101.46251948032472
2016-02-28,590,579.2814391875628,10.718560812437204,10.718560812437204
2016-02-28,1624,1612.7904140563044,11.209585943695629,11.209585943695629
2016-02-28,240,268.1323186207103,-28.132318620710294,28.132318620710294
2016-02-28,3979,3623.6631402913818,355.33685970861825,355.33685970861825
2016-02-28,1075,1064.1353192758902,10.864680724109803,10.864680724109803
2016-02-28,874,641.0395018471529,232.9604981528471,232.9604981528471
2016-02-28,2172,2160.141178166435,11.858821833564889,11.858821833564889
2016-02-28,1293,1186.0829001274647,106.91709987253535,106.91709987253535
2016-02-28,431,485.68599256444855,-54.685992564448554,54.685992564448554
2016-02-28,355,268.7501562848569,86.24984371514307,86.24984371514307
2016-02-28,4837,5106.1849028960105,-269.1849028960105,269.1849028960105
2016-02-28,352,342.14627048640006,9.853729513599944,9.853729513599944
2016-02-28,1479,1333.092606302057,145.907393697943,145.907393697943
2016-02-28,3271,3526.175621373575,-255.1756213735748,255.1756213735748
2016-02-28,1436,1344.0404576911292,91.95954230887082,91.95954230887082
2016-02-28,1305,1332.3767882002362,-27.376788200236206,27.376788200236206
2016-02-28,1210,1138.6663438242365,71.33365617576351,71.33365617576351
2016-02-28,3840,3601.2754562693685,238.72454373063147,238.72454373063147
2016-02-28,3129,3075.173043081434,53.826956918565884,53.826956918565884
2016-02-28,1013,1046.5852718709957,-33.58527187099571,33.58527187099571
2016-02-28,432,412.46984299450037,19.530157005499632,19.530157005499632
2016-02-28,3097,3219.661246760542,-122.66124676054187,122.66124676054187
2016-02-28,2284,2311.0871343610293,-27.087134361029257,27.087134361029257
2016-02-29,2395,2180.9877388899404,214.01226111005963,214.01226111005963
2016-02-29,290,228.45592145598363,61.54407854401637,61.54407854401637
2016-02-29,1918,1691.6151737245978,226.38482627540225,226.38482627540225
2016-02-29,780,823.0036397014952,-43.00363970149522,43.00363970149522
2016-02-29,414,525.442878144356,-111.44287814435597,111.44287814435597
2016-02-29,918,1048.1303915391438,-130.13039153914383,130.13039153914383
2016-02-29,2465,2461.8454917113313,3.154508288668694,3.154508288668694
2016-02-29,459,503.0562039347333,-44.056203934733276,44.056203934733276
2016-02-29,691,689.1626911505535,1.8373088494464582,1.8373088494464582
2016-02-29,3912,3730.116862151535,181.88313784846514,181.88313784846514
2016-02-29,2932,2911.313679120274,20.686320879725827,20.686320879725827
2016-02-29,370,355.4450370504628,14.554962949537185,14.554962949537185
2016-02-29,984,997.3311006074763,-13.331100607476287,13.331100607476287
2016-02-29,2320,2455.3989543616485,-135.39895436164852,135.39895436164852
2016-02-29,290,267.0993385409957,22.90066145900431,22.90066145900431
2016-02-29,2355,2439.2407527938526,-84.24075279385261,84.24075279385261
2016-02-29,321,368.09548000727125,-47.09548000727125,47.09548000727125
2016-02-29,355,351.023505284715,3.976494715285014,3.976494715285014
2016-02-29,1139,1289.3016432004258,-150.30164320042581,150.30164320042581
2016-02-29,1806,1596.539137141418,209.460862858582,209.460862858582
2016-02-29,365,369.3311170017124,-4.331117001712414,4.331117001712414
2016-02-29,313,354.68655031155555,-41.68655031155555,41.68655031155555
2016-02-29,2138,2265.9525901282864,-127.95259012828637,127.95259012828637
2016-02-29,996,1046.1360491319338,-50.13604913193376,50.13604913193376
2016-02-29,962,977.2972326640509,-15.297232664050853,15.297232664050853
2016-02-29,2182,2222.0539515723226,-40.0539515723226,40.0539515723226
2016-02-29,461,626.2043522678304,-165.20435226783036,165.20435226783036
2016-02-29,876,1058.8518612486548,-182.8518612486548,182.8518612486548
2016-02-29,270,270.36278257767174,-0.36278257767173727,0.36278257767173727
2016-02-29,1582,1829.7386134627595,-247.73861346275953,247.73861346275953
2016-03-01,192,291.07879850480407,-99.07879850480407,99.07879850480407
2016-03-01,973,914.460412716091,58.539587283908986,58.539587283908986
2016-03-01,2289,2486.1166172166263,-197.1166172166263,197.1166172166263
2016-03-01,859,980.2785135341147,-121.27851353411472,121.27851353411472
2016-03-01,389,359.58301698293457,29.416983017065434,29.416983017065434
2016-03-01,1532,2264.3858410753496,-732.3858410753496,732.3858410753496
2016-03-01,2454,2470.838261392923,-16.83826139292296,16.83826139292296
2016-03-01,2404,2701.144049302515,-297.1440493025152,297.1440493025152
2016-03-01,1531,1601.4072925452103,-70.40729254521034,70.40729254521034
2016-03-01,434,636.6587703009569,-202.65877030095692,202.65877030095692
2016-03-01,474,338.51628643724854,135.48371356275146,135.48371356275146
2016-03-01,1962,2382.3206599609002,-420.32065996090023,420.32065996090023
2016-03-01,1729,1679.5731196403817,49.42688035961828,49.42688035961828
2016-03-01,568,475.9745650615212,92.02543493847878,92.02543493847878
2016-03-01,4244,3961.1647347809326,282.8352652190674,282.8352652190674
2016-03-01,1370,1282.617874647625,87.38212535237494,87.38212535237494
2016-03-01,1019,977.527376500317,41.47262349968298,41.47262349968298
2016-03-01,733,818.3100496029077,-85.31004960290772,85.31004960290772
2016-03-01,370,336.058298932262,33.941701067737995,33.941701067737995
2016-03-01,1069,989.1364078196149,79.86359218038513,79.86359218038513
2016-03-01,244,314.48193518194483,-70.48193518194483,70.48193518194483
2016-03-01,222,352.49410286277526,-130.49410286277526,130.49410286277526
2016-03-01,2708,3229.782998099262,-521.7829980992619,521.7829980992619
2016-03-01,1840,1803.4531833836845,36.54681661631548,36.54681661631548
2016-03-01,263,276.0935790763993,-13.093579076399294,13.093579076399294
2016-03-01,489,604.9197975879482,-115.91979758794821,115.91979758794821
2016-03-01,302,373.4233624811601,-71.4233624811601,71.4233624811601
2016-03-01,521,481.24611597102336,39.75388402897664,39.75388402897664
2016-03-01,2494,2366.541630909497,127.45836909050286,127.45836909050286
2016-03-01,858,952.2346395537679,-94.23463955376792,94.23463955376792
2016-03-02,2307,2151.9244818776124,155.07551812238762,155.07551812238762
2016-03-02,586,322.75307219797145,263.24692780202855,263.24692780202855
2016-03-02,534,520.5237088593027,13.476291140697299,13.476291140697299
2016-03-02,482,470.79218793254375,11.207812067456246,11.207812067456246
2016-03-02,1520,1551.901321750378,-31.901321750377974,31.901321750377974
2016-03-02,803,965.6097010228431,-162.60970102284307,162.60970102284307
2016-03-02,889,1022.2800928845403,-133.2800928845403,133.2800928845403
2016-03-02,2819,3137.452647317494,-318.4526473174942,318.4526473174942
2016-03-02,1704,1793.362846799285,-89.36284679928508,89.36284679928508
2016-03-02,274,258.487445040798,15.51255495920202,15.51255495920202
2016-03-02,2188,2320.815912930266,-132.81591293026622,132.81591293026622
2016-03-02,269,342.24813610700085,-73.24813610700085,73.24813610700085
2016-03-02,333,353.2876323566351,-20.287632356635072,20.287632356635072
2016-03-02,281,302.81528074641614,-21.815280746416136,21.815280746416136
2016-03-02,446,327.51655699334475,118.48344300665525,118.48344300665525
2016-03-02,754,676.8868175377966,77.11318246220344,77.11318246220344
2016-03-02,970,1031.8471471195994,-61.84714711959941,61.84714711959941
2016-03-02,2435,2726.097085397561,-291.09708539756093,291.09708539756093
2016-03-02,916,919.8412759724578,-3.8412759724577654,3.8412759724577654
2016-03-02,304,369.8924986051787,-65.89249860517867,65.89249860517867
2016-03-02,3942,3910.0711799641754,31.92882003582463,31.92882003582463
2016-03-02,3633,4240.00233163511,-607.0023316351098,607.0023316351098
2016-03-02,1447,1446.3206912134995,0.6793087865005418,0.6793087865005418
2016-03-02,871,820.1238822482595,50.87611775174048,50.87611775174048
2016-03-02,830,911.7429410126402,-81.74294101264024,81.74294101264024
2016-03-02,297,280.1409665686733,16.85903343132668,16.85903343132668
2016-03-02,2338,2531.4512984291805,-193.4512984291805,193.4512984291805
2016-03-02,2264,2544.8167742183873,-280.8167742183873,280.8167742183873
2016-03-02,489,575.6733093293533,-86.67330932935329,86.67330932935329
2016-03-02,1533,1613.5121361847753,-80.51213618477527,80.51213618477527
2016-03-03,1963,1818.8225273315704,144.17747266842957,144.17747266842957
2016-03-03,382,369.04936118129194,12.950638818708057,12.950638818708057
2016-03-03,486,494.53468877683844,-8.534688776838436,8.534688776838436
2016-03-03,396,326.7757308329545,69.22426916704552,69.22426916704552
2016-03-03,868,893.2750943966455,-25.2750943966455,25.2750943966455
2016-03-03,1118,945.6101979960076,172.38980200399237,172.38980200399237
2016-03-03,364,300.6452629729367,63.35473702706332,63.35473702706332
2016-03-03,4678,3611.2341526464834,1066.7658473535166,1066.7658473535166
2016-03-03,225,264.06722352088525,-39.06722352088525,39.06722352088525
2016-03-03,1514,1463.6573402640497,50.34265973595029,50.34265973595029
2016-03-03,584,551.7176411408951,32.282358859104875,32.282358859104875
2016-03-03,397,355.72176518428125,41.27823481571875,41.27823481571875
2016-03-03,2465,2798.666458441847,-333.6664584418472,333.6664584418472
2016-03-03,678,709.8694780476206,-31.869478047620646,31.869478047620646
2016-03-03,403,411.6459933855545,-8.645993385554505,8.645993385554505
2016-03-03,2235,2525.905526448792,-290.905526448792,290.905526448792
2016-03-03,2678,2455.940385029647,222.05961497035287,222.05961497035287
2016-03-03,1061,831.1764208060625,229.82357919393746,229.82357919393746
2016-03-03,389,321.76386455785314,67.23613544214686,67.23613544214686
2016-03-03,1063,1014.4615016890083,48.53849831099171,48.53849831099171
2016-03-03,1438,1522.5099933004599,-84.50999330045988,84.50999330045988
2016-03-03,436,514.7078019723846,-78.70780197238457,78.70780197238457
2016-03-03,909,886.7286007390162,22.2713992609838,22.2713992609838
2016-03-03,2421,2330.5515451549536,90.4484548450464,90.4484548450464
2016-03-03,284,268.6931173602579,15.306882639742128,15.306882639742128
2016-03-03,3701,4194.9593808149675,-493.9593808149675,493.9593808149675
2016-03-03,2617,2392.8545871151505,224.14541288484952,224.14541288484952
2016-03-03,954,854.4434153806926,99.55658461930739,99.55658461930739
2016-03-03,3045,2990.167485905702,54.83251409429795,54.83251409429795
2016-03-03,1707,1662.2378838999134,44.76211610008659,44.76211610008659
2016-03-04,262,313.73251996740385,-51.732519967403846,51.732519967403846
2016-03-04,360,411.942603455676,-51.94260345567602,51.94260345567602
2016-03-04,887,921.619730719224,-34.61973071922398,34.61973071922398
2016-03-04,866,1043.7144938622966,-177.71449386229665,177.71449386229665
2016-03-04,824,763.6914023510591,60.30859764894092,60.30859764894092
2016-03-04,3564,3596.391226850387,-32.39122685038683,32.39122685038683
2016-03-04,441,512.0433161111537,-71.04331611115367,71.04331611115367
2016-03-04,266,258.27273955211905,7.727260447880951,7.727260447880951
2016-03-04,1585,1543.9076822658756,41.092317734124435,41.092317734124435
2016-03-04,1585,1637.473986924114,-52.47398692411389,52.47398692411389
2016-03-04,2835,2796.36280904319,38.63719095681017,38.63719095681017
2016-03-04,2295,2339.7223467036447,-44.72234670364469,44.72234670364469
2016-03-04,366,380.2001438213503,-14.20014382135031,14.20014382135031
2016-03-04,2790,2764.992454510403,25.00754548959685,25.00754548959685
2016-03-04,913,911.6961545358743,1.303845464125743,1.303845464125743
2016-03-04,271,271.4701313461688,-0.4701313461687846,0.4701313461687846
2016-03-04,541,602.8652702811446,-61.8652702811446,61.8652702811446
2016-03-04,1459,1389.315591584936,69.6844084150639,69.6844084150639
2016-03-04,315,387.63734315284165,-72.63734315284165,72.63734315284165
2016-03-04,886,898.1439808409266,-12.143980840926588,12.143980840926588
2016-03-04,1850,1883.9041648684263,-33.90416486842628,33.90416486842628
2016-03-04,964,987.2717551441561,-23.271755144156145,23.271755144156145
2016-03-04,456,410.91625981951086,45.083740180489144,45.083740180489144
2016-03-04,425,362.6321815351777,62.36781846482228,62.36781846482228
2016-03-04,2350,2553.2561590359546,-203.25615903595462,203.25615903595462
2016-03-04,2629,2433.79889335803,195.20110664197,195.20110664197
2016-03-04,2556,2543.257977006231,12.742022993768842,12.742022993768842
2016-03-04,491,493.35831274508257,-2.3583127450825714,2.3583127450825714
2016-03-04,869,965.6237134162706,-96.62371341627056,96.62371341627056
2016-03-04,3424,3950.8998848112174,-526.8998848112174,526.8998848112174
2016-03-05,2302,2381.002389568745,-79.002389568745,79.002389568745
2016-03-05,414,425.99837470468236,-11.998374704682362,11.998374704682362
2016-03-05,5340,4436.63011367877,903.3698863212303,903.3698863212303
2016-03-05,268,305.81922024338616,-37.819220243386155,37.819220243386155
2016-03-05,1373,1247.0487872710664,125.95121272893357,125.95121272893357
2016-03-05,1373,1591.662029216367,-218.66202921636705,218.66202921636705
2016-03-05,576,573.0981961319205,2.901803868079469,2.901803868079469
2016-03-05,710,738.4670334958772,-28.467033495877217,28.467033495877217
2016-03-05,1074,1174.5964995049171,-100.59649950491712,100.59649950491712
2016-03-05,2137,2024.6243544568142,112.37564554318578,112.37564554318578
2016-03-05,1204,1211.1375054431164,-7.137505443116424,7.137505443116424
2016-03-05,1425,1567.7170715421441,-142.71707154214414,142.71707154214414
2016-03-05,1193,1157.6076649340632,35.39233506593678,35.39233506593678
2016-03-05,272,334.05525126225933,-62.05525126225933,62.05525126225933
2016-03-05,596,619.534939080597,-23.53493908059704,23.53493908059704
2016-03-05,3075,3234.938954081726,-159.93895408172602,159.93895408172602
2016-03-05,1016,1106.5596976630452,-90.5596976630452,90.5596976630452
2016-03-05,3661,3868.4149732772953,-207.4149732772953,207.4149732772953
2016-03-05,710,607.0191299339922,102.98087006600781,102.98087006600781
2016-03-05,3875,3503.9646777935636,371.0353222064364,371.0353222064364
2016-03-05,370,442.03199421853196,-72.03199421853196,72.03199421853196
2016-03-05,585,597.2108726756716,-12.210872675671567,12.210872675671567
2016-03-05,1106,1134.3639845874463,-28.36398458744634,28.36398458744634
2016-03-05,396,423.17524312516053,-27.175243125160534,27.175243125160534
2016-03-05,3670,3611.8788759142462,58.12112408575376,58.12112408575376
2016-03-05,2613,2880.9817244448,-267.98172444479997,267.98172444479997
2016-03-05,324,311.35519790568475,12.644802094315253,12.644802094315253
2016-03-05,4720,4897.375219107513,-177.37521910751275,177.37521910751275
2016-03-05,3994,3906.7288225769053,87.27117742309474,87.27117742309474
2016-03-05,1950,2076.9154893453633,-126.91548934536331,126.91548934536331
2016-03-06,826,622.6408844365095,203.3591155634905,203.3591155634905
2016-03-06,604,435.88023918341815,168.11976081658185,168.11976081658185
2016-03-06,2832,3112.8981466201453,-280.8981466201453,280.8981466201453
2016-03-06,699,697.7194132907541,1.2805867092458811,1.2805867092458811
2016-03-06,4435,3914.2800505321266,520.7199494678734,520.7199494678734
2016-03-06,708,564.3863708117514,143.61362918824864,143.61362918824864
2016-03-06,316,297.88270844294163,18.117291557058365,18.117291557058365
2016-03-06,1338,1382.9560166748422,-44.9560166748422,44.9560166748422
2016-03-06,4034,3929.808226306957,104.19177369304316,104.19177369304316
2016-03-06,430,413.5249921988175,16.475007801182528,16.475007801182528
2016-03-06,1389,1296.7484144299144,92.25158557008558,92.25158557008558
2016-03-06,1269,1169.7243954753744,99.27560452462558,99.27560452462558
2016-03-06,476,513.4567011162341,-37.45670111623406,37.45670111623406
2016-03-06,418,441.93865018207117,-23.93865018207117,23.93865018207117
2016-03-06,4068,3564.008806905345,503.99119309465505,503.99119309465505
2016-03-06,3941,3530.6669245934763,410.3330754065237,410.3330754065237
2016-03-06,1568,1337.7091194808745,230.2908805191255,230.2908805191255
2016-03-06,285,273.921902865186,11.078097134814016,11.078097134814016
2016-03-06,1112,1089.0475728561726,22.952427143827435,22.952427143827435
2016-03-06,5615,5505.376703717902,109.62329628209773,109.62329628209773
2016-03-06,1712,1385.2339493029438,326.76605069705624,326.76605069705624
2016-03-06,1034,994.2230627419469,39.77693725805307,39.77693725805307
2016-03-06,407,381.6741248995182,25.325875100481824,25.325875100481824
2016-03-06,3567,3557.51126314754,9.488736852460079,9.488736852460079
2016-03-06,2100,2031.1810496241692,68.81895037583081,68.81895037583081
2016-03-06,2459,2157.431084557461,301.56891544253904,301.56891544253904
2016-03-06,1203,1208.2953262753501,-5.295326275350135,5.295326275350135
2016-03-06,2652,2559.4375194641975,92.56248053580248,92.56248053580248
2016-03-06,5303,4232.828080591884,1070.171919408116,1070.171919408116
2016-03-06,418,427.6922677342572,-9.6922677342572,9.6922677342572
2016-03-07,2954,2465.223112073999,488.7768879260011,488.7768879260011
2016-03-07,229,266.1114721376795,-37.11147213767953,37.11147213767953
2016-03-07,894,927.7128074087027,-33.7128074087027,33.7128074087027
2016-03-07,767,732.9994889271943,34.00051107280569,34.00051107280569
2016-03-07,225,246.40337298956442,-21.403372989564417,21.403372989564417
2016-03-07,950,963.1953586081082,-13.195358608108222,13.195358608108222
2016-03-07,795,1057.3700136567043,-262.37001365670426,262.37001365670426
2016-03-07,299,262.65490708670706,36.345092913292945,36.345092913292945
2016-03-07,3031,2626.6037774632373,404.3962225367627,404.3962225367627
2016-03-07,4366,4232.042061560394,133.95793843960564,133.95793843960564
2016-03-07,543,637.0345810629383,-94.03458106293829,94.03458106293829
2016-03-07,301,354.9792510882147,-53.97925108821471,53.97925108821471
2016-03-07,1812,1639.702270363964,172.2977296360359,172.2977296360359
2016-03-07,322,332.32536878147414,-10.32536878147414,10.32536878147414
2016-03-07,1123,1176.124535500296,-53.124535500295906,53.124535500295906
2016-03-07,3374,3764.982485661236,-390.98248566123584,390.98248566123584
2016-03-07,2977,2663.0226748819996,313.9773251180004,313.9773251180004
2016-03-07,2210,2431.7385860805525,-221.73858608055252,221.73858608055252
2016-03-07,1038,1020.9080350641808,17.091964935819192,17.091964935819192
2016-03-07,946,1070.1378293007294,-124.13782930072944,124.13782930072944
2016-03-07,500,530.4737976893271,-30.473797689327057,30.473797689327057
2016-03-07,350,342.9754667045397,7.024533295460287,7.024533295460287
2016-03-07,480,488.01397605463694,-8.013976054636942,8.013976054636942
2016-03-07,239,341.32308630627017,-102.32308630627017,102.32308630627017
2016-03-07,470,495.9961781448206,-25.99617814482059,25.99617814482059
2016-03-07,2388,2529.601110427033,-141.60111042703284,141.60111042703284
2016-03-07,1692,1843.72467567536,-151.72467567536,151.72467567536
2016-03-07,1989,1876.7900845745994,112.2099154254006,112.2099154254006
2016-03-07,421,347.91656717832046,73.08343282167954,73.08343282167954
2016-03-07,2877,2662.89155402158,214.10844597842015,214.10844597842015
2016-03-08,820,955.7657647921656,-135.76576479216556,135.76576479216556
2016-03-08,760,845.9616068089134,-85.96160680891342,85.96160680891342
2016-03-08,1600,1592.9930066665488,7.006993333451192,7.006993333451192
2016-03-08,787,834.4886757837722,-47.48867578377224,47.48867578377224
2016-03-08,2688,2551.2102179730437,136.78978202695635,136.78978202695635
2016-03-08,2316,2380.513210009967,-64.51321000996722,64.51321000996722
2016-03-08,703,698.4533931554437,4.546606844556322,4.546606844556322
2016-03-08,455,463.99502709866636,-8.995027098666355,8.995027098666355
2016-03-08,237,234.5155870110609,2.4844129889391127,2.4844129889391127
2016-03-08,731,822.8427753238026,-91.84277532380258,91.84277532380258
2016-03-08,528,524.1717866174167,3.8282133825832716,3.8282133825832716
2016-03-08,284,309.4311083921965,-25.431108392196506,25.431108392196506
2016-03-08,943,1153.6141001907868,-210.61410019078676,210.61410019078676
2016-03-08,353,324.894149952019,28.105850047980994,28.105850047980994
2016-03-08,2280,2583.527882360698,-303.5278823606982,303.5278823606982
2016-03-08,201,214.55145907629864,-13.551459076298642,13.551459076298642
2016-03-08,2074,2211.268275535802,-137.26827553580188,137.26827553580188
2016-03-08,1813,1863.2950967303736,-50.29509673037364,50.29509673037364
2016-03-08,293,310.096675020171,-17.096675020171006,17.096675020171006
2016-03-08,210,268.21875934270696,-58.21875934270696,58.21875934270696
2016-03-08,426,459.5700862174057,-33.570086217405674,33.570086217405674
2016-03-08,4082,4070.957210373123,11.042789626877038,11.042789626877038
2016-03-08,294,363.1979417384574,-69.19794173845742,69.19794173845742
2016-03-08,338,347.5815671427655,-9.581567142765493,9.581567142765493
2016-03-08,2474,2473.712527941772,0.2874720582281043,0.2874720582281043
2016-03-08,913,944.7919675558746,-31.791967555874635,31.791967555874635
2016-03-08,2890,2761.3903988136576,128.6096011863424,128.6096011863424
2016-03-08,1634,1517.5886169170294,116.41138308297059,116.41138308297059
2016-03-08,575,518.0240463538921,56.97595364610788,56.97595364610788
2016-03-08,4025,3737.1133177566594,287.8866822433406,287.8866822433406
2016-03-09,751,813.9885809851116,-62.98858098511164,62.98858098511164
2016-03-09,310,349.43680419412414,-39.436804194124136,39.436804194124136
2016-03-09,166,252.54233720342734,-86.54233720342734,86.54233720342734
2016-03-09,276,366.2286589162735,-90.2286589162735,90.2286589162735
2016-03-09,825,802.7890202309387,22.210979769061282,22.210979769061282
2016-03-09,307,344.8420386431373,-37.8420386431373,37.8420386431373
2016-03-09,840,983.7607122092979,-143.76071220929794,143.76071220929794
2016-03-09,4043,3790.3952516193713,252.60474838062873,252.60474838062873
2016-03-09,2596,2456.8694794912926,139.13052050870738,139.13052050870738
2016-03-09,1455,1518.1239997557552,-63.12399975575522,63.12399975575522
2016-03-09,235,237.2976079841977,-2.297607984197697,2.297607984197697
2016-03-09,1062,1328.249264673951,-266.2492646739511,266.2492646739511
2016-03-09,2485,2322.9796593328,162.0203406671999,162.0203406671999
2016-03-09,2131,2581.669102796083,-450.6691027960828,450.6691027960828
2016-03-09,1674,1741.8091942613335,-67.80919426133346,67.80919426133346
2016-03-09,578,628.250183769789,-50.25018376978903,50.25018376978903
2016-03-09,1457,1530.4739665537443,-73.47396655374428,73.47396655374428
2016-03-09,2109,2337.5856728943254,-228.5856728943254,228.5856728943254
2016-03-09,464,477.5129822357739,-13.512982235773904,13.512982235773904
2016-03-09,715,808.5813367915611,-93.58133679156106,93.58133679156106
2016-03-09,477,434.37935735941915,42.620642640580854,42.620642640580854
2016-03-09,519,511.02748434053797,7.972515659462033,7.972515659462033
2016-03-09,318,326.7089228355197,-8.708922835519672,8.708922835519672
2016-03-09,3936,4158.745239671015,-222.74523967101504,222.74523967101504
2016-03-09,2679,2874.148830324591,-195.14883032459102,195.14883032459102
2016-03-09,728,712.6495818532085,15.350418146791526,15.350418146791526
2016-03-09,331,327.627896268985,3.372103731014988,3.372103731014988
2016-03-09,2493,2559.9476343875385,-66.94763438753853,66.94763438753853
2016-03-09,795,925.4341370180971,-130.4341370180971,130.4341370180971
2016-03-09,277,262.9637076526839,14.036292347316078,14.036292347316078
2016-03-10,1408,1550.3778319854496,-142.37783198544957,142.37783198544957
2016-03-10,823,880.4242579529845,-57.424257952984476,57.424257952984476
2016-03-10,2466,2335.105200506056,130.894799493944,130.894799493944
2016-03-10,279,330.3962179816198,-51.39621798161983,51.39621798161983
2016-03-10,375,345.5257671419916,29.474232858008406,29.474232858008406
2016-03-10,2233,2505.9914796036664,-272.99147960366645,272.99147960366645
2016-03-10,366,282.87587469479786,83.12412530520214,83.12412530520214
2016-03-10,2511,2547.0349216635964,-36.03492166359638,36.03492166359638
2016-03-10,324,346.0724944464012,-22.07249444640121,22.07249444640121
2016-03-10,1635,1486.4276526944784,148.5723473055216,148.5723473055216
2016-03-10,256,248.18282084309553,7.817179156904473,7.817179156904473
2016-03-10,565,465.48019807780855,99.51980192219145,99.51980192219145
2016-03-10,3813,4093.7459296644574,-280.74592966445744,280.74592966445744
2016-03-10,654,806.0809906360752,-152.08099063607517,152.08099063607517
2016-03-10,479,464.46865998309926,14.531340016900742,14.531340016900742
2016-03-10,2440,2863.5044110185518,-423.50441101855176,423.50441101855176
2016-03-10,1197,1379.2148353997302,-182.2148353997302,182.2148353997302
2016-03-10,337,341.3127453855497,-4.312745385549704,4.312745385549704
2016-03-10,1093,966.8884104317517,126.11158956824829,126.11158956824829
2016-03-10,801,783.7250705275112,17.274929472488793,17.274929472488793
2016-03-10,599,523.5012178268792,75.49878217312084,75.49878217312084
2016-03-10,2516,2511.7338492504373,4.266150749562712,4.266150749562712
2016-03-10,3617,4040.3810000119292,-423.38100001192925,423.38100001192925
2016-03-10,325,239.9835988310572,85.01640116894279,85.01640116894279
2016-03-10,361,355.2623821397029,5.737617860297121,5.737617860297121
2016-03-10,939,841.1699559730703,97.83004402692973,97.83004402692973
2016-03-10,2446,2547.094711174428,-101.09471117442808,101.09471117442808
2016-03-10,949,936.3262586742306,12.673741325769356,12.673741325769356
2016-03-10,646,651.2177367050142,-5.217736705014204,5.217736705014204
2016-03-10,1814,1775.4517134918947,38.54828650810532,38.54828650810532
2016-03-11,2501,2823.287077144903,-322.2870771449029,322.2870771449029
2016-03-11,2620,2610.7143439469446,9.28565605305539,9.28565605305539
2016-03-11,1974,1966.6413990831338,7.35860091686618,7.35860091686618
2016-03-11,1117,1024.3646388402183,92.63536115978172,92.63536115978172
2016-03-11,274,400.63653901039646,-126.63653901039646,126.63653901039646
2016-03-11,935,967.4524179367841,-32.45241793678406,32.45241793678406
2016-03-11,4297,3860.2515095677595,436.7484904322405,436.7484904322405
2016-03-11,978,932.8561350270307,45.143864972969254,45.143864972969254
2016-03-11,2835,2932.878754617136,-97.87875461713611,97.87875461713611
2016-03-11,281,362.07832254214486,-81.07832254214486,81.07832254214486
2016-03-11,832,804.1954332998034,27.804566700196574,27.804566700196574
2016-03-11,844,872.3831085950699,-28.38310859506987,28.38310859506987
2016-03-11,457,409.50886466443467,47.49113533556533,47.49113533556533
2016-03-11,265,312.7492770650111,-47.749277065011086,47.749277065011086
2016-03-11,364,508.2971516846825,-144.2971516846825,144.2971516846825
2016-03-11,257,353.3162492393339,-96.3162492393339,96.3162492393339
2016-03-11,2773,2803.1437317739355,-30.143731773935542,30.143731773935542
2016-03-11,410,495.80235794058217,-85.80235794058217,85.80235794058217
2016-03-11,2877,3129.7133238240585,-252.71332382405853,252.71332382405853
2016-03-11,2745,2809.731016867671,-64.73101686767086,64.73101686767086
2016-03-11,1635,1649.4439753362126,-14.443975336212588,14.443975336212588
2016-03-11,3640,4010.759742166316,-370.75974216631585,370.75974216631585
2016-03-11,1205,1387.1410396611677,-182.14103966116772,182.14103966116772
2016-03-11,268,274.13254763263245,-6.132547632632452,6.132547632632452
2016-03-11,225,285.2002531092896,-60.20025310928958,60.20025310928958
2016-03-11,850,869.6779514388559,-19.67795143885587,19.67795143885587
2016-03-11,547,547.1709740494965,-0.17097404949652173,0.17097404949652173
2016-03-11,884,940.2144917269746,-56.21449172697464,56.21449172697464
2016-03-11,395,407.22847959373576,-12.228479593735756,12.228479593735756
2016-03-11,1602,1586.7520562656864,15.247943734313594,15.247943734313594
2016-03-12,2834,2963.167462974094,-129.16746297409418,129.16746297409418
2016-03-12,1190,1158.7141834916442,31.285816508355765,31.285816508355765
2016-03-12,1009,1118.534675359419,-109.534675359419,109.534675359419
2016-03-12,1251,1277.8643259131245,-26.864325913124503,26.864325913124503
2016-03-12,743,569.9117758525088,173.08822414749125,173.08822414749125
2016-03-12,4623,4614.474791353111,8.525208646889041,8.525208646889041
2016-03-12,297,324.9507374852246,-27.95073748522458,27.95073748522458
2016-03-12,405,379.53957780554276,25.460422194457237,25.460422194457237
2016-03-12,3033,3402.868878898641,-369.868878898641,369.868878898641
2016-03-12,1417,1186.1058390282349,230.89416097176513,230.89416097176513
2016-03-12,1426,1415.9315268470389,10.068473152961133,10.068473152961133
2016-03-12,1667,1373.5936050348346,293.4063949651654,293.4063949651654
2016-03-12,2243,2069.2842670435334,173.71573295646658,173.71573295646658
2016-03-12,354,298.2626878600334,55.737312139966605,55.737312139966605
2016-03-12,1107,1076.2411675068242,30.75883249317576,30.75883249317576
2016-03-12,601,614.2114111681472,-13.211411168147151,13.211411168147151
2016-03-12,601,562.328164784095,38.67183521590505,38.67183521590505
2016-03-12,2465,2486.4706138795154,-21.47061387951544,21.47061387951544
2016-03-12,372,382.28100504917745,-10.281005049177452,10.281005049177452
2016-03-12,736,678.7138845964347,57.286115403565304,57.286115403565304
2016-03-12,420,383.7869530374095,36.21304696259051,36.21304696259051
2016-03-12,3488,3467.768948024793,20.23105197520681,20.23105197520681
2016-03-12,1256,1089.1259341238497,166.87406587615033,166.87406587615033
2016-03-12,307,298.97929040365045,8.020709596349548,8.020709596349548
2016-03-12,1763,1930.115924642254,-167.11592464225396,167.11592464225396
2016-03-12,5057,4529.140432036314,527.8595679636855,527.8595679636855
2016-03-12,3954,3659.2797759961018,294.72022400389824,294.72022400389824
2016-03-12,3744,3787.549186942148,-43.549186942148026,43.549186942148026
2016-03-12,575,533.7896375466393,41.210362453360744,41.210362453360744
2016-03-12,3773,3627.488231780832,145.51176821916806,145.51176821916806
2016-03-13,1802,1825.369772301467,-23.369772301467037,23.369772301467037
2016-03-13,555,601.1522206466489,-46.15222064664886,46.15222064664886
2016-03-13,2305,2175.1903156239205,129.80968437607953,129.80968437607953
2016-03-13,356,340.5401893740512,15.459810625948819,15.459810625948819
2016-03-13,292,264.1918850838543,27.808114916145712,27.808114916145712
2016-03-13,627,722.3303910851548,-95.33039108515482,95.33039108515482
2016-03-13,1209,1241.0181831618797,-32.01818316187973,32.01818316187973
2016-03-13,4942,5078.792101854946,-136.79210185494594,136.79210185494594
2016-03-13,3649,3679.3972355359756,-30.397235535975597,30.397235535975597
2016-03-13,3596,3656.5735113326364,-60.57351133263637,60.57351133263637
2016-03-13,931,1003.5732066498174,-72.5732066498174,72.5732066498174
2016-03-13,323,427.89234975432163,-104.89234975432163,104.89234975432163
2016-03-13,390,392.4602993557535,-2.4602993557534774,2.4602993557534774
2016-03-13,3848,3711.190581148107,136.80941885189304,136.80941885189304
2016-03-13,313,416.4669524993809,-103.46695249938091,103.46695249938091
2016-03-13,1327,1284.9075847097934,42.092415290206645,42.092415290206645
2016-03-13,597,695.2157022939363,-98.21570229393626,98.21570229393626
2016-03-13,1253,1362.0837770109167,-109.08377701091672,109.08377701091672
2016-03-13,4586,4775.698777677373,-189.69877767737307,189.69877767737307
2016-03-13,3618,3219.748754742075,398.2512452579249,398.2512452579249
2016-03-13,1035,1024.303332989354,10.696667010646024,10.696667010646024
2016-03-13,1036,1139.909202452758,-103.90920245275811,103.90920245275811
2016-03-13,3379,3498.8138888940844,-119.81388889408436,119.81388889408436
2016-03-13,2825,2890.9451992541617,-65.94519925416171,65.94519925416171
2016-03-13,454,470.6743793507154,-16.674379350715412,16.674379350715412
2016-03-13,512,482.36825037021435,29.631749629785645,29.631749629785645
2016-03-13,1254,1189.9889986129692,64.01100138703077,64.01100138703077
2016-03-13,2465,2549.1020866392187,-84.10208663921867,84.10208663921867
2016-03-13,1577,1526.0032564205908,50.99674357940921,50.99674357940921
2016-03-13,365,292.3995163228914,72.60048367710863,72.60048367710863
2016-03-14,2633,2503.3373155841305,129.66268441586953,129.66268441586953
2016-03-14,1020,1010.031552988765,9.968447011234957,9.968447011234957
2016-03-14,337,338.57859313858836,-1.57859313858836,1.57859313858836
2016-03-14,2360,2746.236505848002,-386.2365058480018,386.2365058480018
2016-03-14,333,344.08406551523296,-11.084065515232965,11.084065515232965
2016-03-14,4179,4292.714883010179,-113.71488301017871,113.71488301017871
2016-03-14,4721,4031.407408697243,689.5925913027568,689.5925913027568
2016-03-14,335,323.28101029909175,11.718989700908253,11.718989700908253
2016-03-14,233,280.0052558739915,-47.00525587399147,47.00525587399147
2016-03-14,971,1136.0107556757566,-165.01075567575663,165.01075567575663
2016-03-14,2360,2527.1610344092983,-167.16103440929828,167.16103440929828
2016-03-14,867,1091.4132036319158,-224.41320363191585,224.41320363191585
2016-03-14,563,494.7035207509608,68.29647924903918,68.29647924903918
2016-03-14,2224,2088.1737585982137,135.82624140178632,135.82624140178632
2016-03-14,595,520.4510669188502,74.54893308114981,74.54893308114981
2016-03-14,2775,2833.6385856227816,-58.63858562278165,58.63858562278165
2016-03-14,954,997.8337891382056,-43.83378913820559,43.83378913820559
2016-03-14,994,954.4101883131914,39.589811686808616,39.589811686808616
2016-03-14,2931,2757.7264948736924,173.27350512630755,173.27350512630755
2016-03-14,1022,1011.1563551908695,10.843644809130524,10.843644809130524
2016-03-14,3161,3111.206753582906,49.793246417094,49.793246417094
2016-03-14,461,454.2910567852408,6.708943214759188,6.708943214759188
2016-03-14,466,313.43846058767673,152.56153941232327,152.56153941232327
2016-03-14,677,761.442853527914,-84.44285352791405,84.44285352791405
2016-03-14,345,336.39500830107704,8.604991698922959,8.604991698922959
2016-03-14,1742,1732.6477969205669,9.352203079433139,9.352203079433139
2016-03-14,257,268.1947321266201,-11.194732126620124,11.194732126620124
2016-03-14,1684,1936.5404979230645,-252.54049792306455,252.54049792306455
2016-03-14,231,244.74841870199174,-13.748418701991739,13.748418701991739
2016-03-14,604,652.9011871436767,-48.90118714367668,48.90118714367668
2016-03-15,351,365.1151106643976,-14.115110664397605,14.115110664397605
2016-03-15,1627,1493.6690154830962,133.33098451690375,133.33098451690375
2016-03-15,2242,2508.1495575702206,-266.1495575702206,266.1495575702206
2016-03-15,383,320.1195670372868,62.8804329627132,62.8804329627132
2016-03-15,351,309.9059686214993,41.09403137850069,41.09403137850069
2016-03-15,326,337.06892001017644,-11.068920010176441,11.068920010176441
2016-03-15,823,834.1406781223459,-11.14067812234589,11.14067812234589
2016-03-15,1033,851.1587705291283,181.84122947087167,181.84122947087167
2016-03-15,4687,3915.9172434289776,771.0827565710224,771.0827565710224
2016-03-15,295,242.11264348689994,52.88735651310006,52.88735651310006
2016-03-15,2273,2115.5815136770602,157.41848632293977,157.41848632293977
2016-03-15,428,338.7720808337985,89.2279191662015,89.2279191662015
2016-03-15,510,539.0313802755661,-29.031380275566107,29.031380275566107
2016-03-15,1080,1059.5247452485037,20.475254751496323,20.475254751496323
2016-03-15,2327,2415.2953364429995,-88.29533644299954,88.29533644299954
2016-03-15,2694,2480.5558025733467,213.44419742665332,213.44419742665332
2016-03-15,431,483.887245953222,-52.88724595322202,52.88724595322202
2016-03-15,203,221.73463992135893,-18.734639921358934,18.734639921358934
2016-03-15,531,540.407051928465,-9.407051928464966,9.407051928464966
2016-03-15,3289,3003.136814323241,285.8631856767588,285.8631856767588
2016-03-15,274,232.10077206521083,41.89922793478917,41.89922793478917
2016-03-15,665,677.9319684915672,-12.931968491567204,12.931968491567204
2016-03-15,2698,2688.254514471653,9.745485528347217,9.745485528347217
2016-03-15,925,879.2870798124283,45.71292018757174,45.71292018757174
2016-03-15,987,949.6494422919682,37.35055770803183,37.35055770803183
2016-03-15,3663,3746.572892851101,-83.57289285110119,83.57289285110119
2016-03-15,837,837.6396304356754,-0.6396304356753717,0.6396304356753717
2016-03-15,1488,1562.108931116745,-74.108931116745,74.108931116745
2016-03-15,2203,2464.651313997019,-261.65131399701886,261.65131399701886
2016-03-15,493,464.5228193181237,28.47718068187629,28.47718068187629
2016-03-16,2349,2174.2125287476456,174.7874712523544,174.7874712523544
2016-03-16,1961,1815.1237032363442,145.87629676365577,145.87629676365577
2016-03-16,2291,2608.2718196410196,-317.27181964101965,317.27181964101965
2016-03-16,592,492.9404585765922,99.05954142340778,99.05954142340778
2016-03-16,887,913.7455895470279,-26.745589547027862,26.745589547027862
2016-03-16,753,790.8747593760335,-37.87475937603347,37.87475937603347
2016-03-16,280,259.9880596735497,20.011940326450315,20.011940326450315
2016-03-16,340,317.14410108292947,22.855898917070533,22.855898917070533
2016-03-16,918,826.4546141459188,91.54538585408125,91.54538585408125
2016-03-16,433,460.36341047860645,-27.363410478606454,27.363410478606454
2016-03-16,963,843.748494721208,119.25150527879202,119.25150527879202
2016-03-16,2295,2297.265481329366,-2.265481329366139,2.265481329366139
2016-03-16,239,228.22856270046466,10.771437299535336,10.771437299535336
2016-03-16,797,814.0575787808328,-17.05757878083284,17.05757878083284
2016-03-16,324,356.7397090759752,-32.73970907597521,32.73970907597521
2016-03-16,1532,1440.4359060670286,91.56409393297145,91.56409393297145
2016-03-16,512,652.0802045137226,-140.0802045137226,140.0802045137226
2016-03-16,1470,1426.7041426729352,43.29585732706482,43.29585732706482
2016-03-16,2362,2271.186631839591,90.81336816040903,90.81336816040903
2016-03-16,3388,3488.0605367235617,-100.06053672356165,100.06053672356165
2016-03-16,313,321.16981122270903,-8.16981122270903,8.16981122270903
2016-03-16,2505,2269.240818369006,235.75918163099414,235.75918163099414
2016-03-16,450,328.58116172756166,121.41883827243834,121.41883827243834
2016-03-16,1020,1117.2500976001727,-97.2500976001727,97.2500976001727
2016-03-16,472,479.87691300975933,-7.876913009759335,7.876913009759335
2016-03-16,296,263.35757306407857,32.642426935921435,32.642426935921435
2016-03-16,3750,3772.0833529250713,-22.083352925071267,22.083352925071267
2016-03-16,315,367.27164310978753,-52.27164310978753,52.27164310978753
2016-03-16,2234,2205.637362094299,28.36263790570092,28.36263790570092
2016-03-16,565,707.8126437314861,-142.8126437314861,142.8126437314861
2016-03-17,1894,1856.969342217218,37.0306577827821,37.0306577827821
2016-03-17,416,322.08918498527623,93.91081501472377,93.91081501472377
2016-03-17,2152,2287.194472337437,-135.19447233743722,135.19447233743722
2016-03-17,3032,3327.027600291543,-295.02760029154297,295.02760029154297
2016-03-17,2433,2230.7915911492923,202.20840885070766,202.20840885070766
2016-03-17,334,326.2994339288698,7.700566071130197,7.700566071130197
2016-03-17,335,489.35683344985085,-154.35683344985085,154.35683344985085
2016-03-17,1417,1483.2264246603156,-66.22642466031562,66.22642466031562
2016-03-17,969,1183.9652311459351,-214.96523114593515,214.96523114593515
2016-03-17,561,551.268743566728,9.731256433272051,9.731256433272051
2016-03-17,239,270.7021204575116,-31.702120457511626,31.702120457511626
2016-03-17,751,851.2822080591521,-100.28220805915214,100.28220805915214
2016-03-17,2170,2198.171051536691,-28.17105153669081,28.17105153669081
2016-03-17,857,898.7246718703377,-41.724671870337716,41.724671870337716
2016-03-17,311,359.09985750129954,-48.09985750129954,48.09985750129954
2016-03-17,997,973.793809593816,23.206190406183964,23.206190406183964
2016-03-17,662,642.9518404353695,19.04815956463051,19.04815956463051
2016-03-17,783,814.4435301610296,-31.44353016102957,31.44353016102957
2016-03-17,2211,2316.91597803047,-105.91597803046989,105.91597803046989
2016-03-17,451,453.3870307904335,-2.3870307904335277,2.3870307904335277
2016-03-17,334,360.989238516407,-26.989238516407,26.989238516407
2016-03-17,2533,2135.1839049179675,397.81609508203246,397.81609508203246
2016-03-17,217,231.81879311811818,-14.81879311811818,14.81879311811818
2016-03-17,3334,3520.431355829503,-186.431355829503,186.431355829503
2016-03-17,1382,1483.3340746765844,-101.33407467658435,101.33407467658435
2016-03-17,589,613.6097606238505,-24.609760623850548,24.609760623850548
2016-03-17,2326,2206.339796223711,119.66020377628911,119.66020377628911
2016-03-17,269,351.6251510872547,-82.62515108725472,82.62515108725472
2016-03-17,848,937.7998566035964,-89.79985660359637,89.79985660359637
2016-03-17,202,287.45676270589723,-85.45676270589723,85.45676270589723
2016-03-18,324,401.7545969342146,-77.75459693421459,77.75459693421459
2016-03-18,1895,1988.5636382498485,-93.56363824984851,93.56363824984851
2016-03-18,947,942.530834858424,4.469165141576013,4.469165141576013
2016-03-18,2749,2684.145307078605,64.85469292139487,64.85469292139487
2016-03-18,1045,1196.2751248165478,-151.27512481654776,151.27512481654776
2016-03-18,314,353.9252872523839,-39.925287252383896,39.925287252383896
2016-03-18,951,909.8137136614741,41.18628633852586,41.18628633852586
2016-03-18,313,264.65706792715315,48.34293207284685,48.34293207284685
2016-03-18,501,489.6797720025987,11.320227997401275,11.320227997401275
2016-03-18,236,258.97508771009126,-22.97508771009126,22.97508771009126
2016-03-18,385,383.27001290184904,1.729987098150957,1.729987098150957
2016-03-18,2272,2333.1848270383557,-61.18482703835571,61.18482703835571
2016-03-18,642,597.7569939607914,44.24300603920858,44.24300603920858
2016-03-18,804,813.3278490511634,-9.327849051163412,9.327849051163412
2016-03-18,2627,2647.723759640807,-20.723759640807202,20.723759640807202
2016-03-18,3440,3632.026694540806,-192.02669454080615,192.02669454080615
2016-03-18,995,909.9632747369852,85.03672526301477,85.03672526301477
2016-03-18,2747,2604.7670437161055,142.2329562838945,142.2329562838945
2016-03-18,868,916.3177629887633,-48.31776298876332,48.31776298876332
2016-03-18,349,329.5980370191081,19.40196298089188,19.40196298089188
2016-03-18,1562,1597.6061935427313,-35.60619354273126,35.60619354273126
2016-03-18,2476,2497.408690308796,-21.40869030879594,21.40869030879594
2016-03-18,283,267.4626763055265,15.537323694473514,15.537323694473514
2016-03-18,2854,2589.3281265906726,264.6718734093274,264.6718734093274
2016-03-18,1021,1018.3397791983487,2.6602208016513487,2.6602208016513487
2016-03-18,1744,1597.5563666492662,146.44363335073376,146.44363335073376
2016-03-18,585,449.1191072069992,135.88089279300078,135.88089279300078
2016-03-18,3651,3385.6102429896036,265.38975701039635,265.38975701039635
2016-03-18,363,344.58001441709575,18.419985582904246,18.419985582904246
2016-03-18,709,779.5556665855867,-70.55566658558666,70.55566658558666
2016-03-19,1156,1359.2200700733322,-203.22007007333218,203.22007007333218
2016-03-19,487,392.31567464770313,94.68432535229687,94.68432535229687
2016-03-19,2121,2331.1960490397805,-210.19604903978052,210.19604903978052
2016-03-19,1773,3536.890585517741,-1763.8905855177409,1763.8905855177409
2016-03-19,2109,2058.2529951622773,50.74700483772267,50.74700483772267
2016-03-19,706,1495.5163744629665,-789.5163744629665,789.5163744629665
2016-03-19,3283,3452.054732328456,-169.05473232845588,169.05473232845588
2016-03-19,2799,3146.120907420951,-347.12090742095097,347.12090742095097
2016-03-19,2469,2589.4849692509565,-120.48496925095651,120.48496925095651
2016-03-19,1242,1236.85769603785,5.142303962149981,5.142303962149981
2016-03-19,476,412.4698628043797,63.530137195620284,63.530137195620284
2016-03-19,678,744.9531106059441,-66.95311060594406,66.95311060594406
2016-03-19,4721,4506.886154170829,214.1138458291707,214.1138458291707
2016-03-19,1875,1860.4206792402033,14.579320759796701,14.579320759796701
2016-03-19,1150,1139.854663729909,10.145336270091093,10.145336270091093
2016-03-19,1068,1041.0738658226676,26.926134177332415,26.926134177332415
2016-03-19,3444,3332.7316159762495,111.26838402375051,111.26838402375051
2016-03-19,1322,1218.9802762856914,103.01972371430861,103.01972371430861
2016-03-19,3725,3438.3835841396453,286.61641586035466,286.61641586035466
2016-03-19,751,630.8993870109489,120.10061298905111,120.10061298905111
2016-03-19,362,304.51684504626405,57.48315495373595,57.48315495373595
2016-03-19,300,540.0193882679504,-240.01938826795038,240.01938826795038
2016-03-19,984,1089.131464528305,-105.13146452830506,105.13146452830506
2016-03-19,612,628.7668064446001,-16.766806444600093,16.766806444600093
2016-03-19,606,600.0726092588307,5.927390741169347,5.927390741169347
2016-03-19,314,328.00567937850684,-14.00567937850684,14.00567937850684
2016-03-19,1104,1210.9052600236014,-106.90526002360139,106.90526002360139
2016-03-19,473,413.1041728314247,59.895827168575295,59.895827168575295
2016-03-19,282,284.9433579876239,-2.9433579876239264,2.9433579876239264
2016-03-19,3789,4313.166682189964,-524.1666821899644,524.1666821899644
2016-03-20,454,418.5857802738519,35.414219726148076,35.414219726148076
2016-03-20,679,1474.2477123892,-795.2477123891999,795.2477123891999
2016-03-20,3508,3190.078859947641,317.9211400523591,317.9211400523591
2016-03-20,2815,2688.587677394462,126.41232260553807,126.41232260553807
2016-03-20,4755,5289.539639882495,-534.5396398824951,534.5396398824951
2016-03-20,215,476.28713372588874,-261.28713372588874,261.28713372588874
2016-03-20,1406,2939.105213140072,-1533.105213140072,1533.105213140072
2016-03-20,1098,1175.1785839452314,-77.17858394523137,77.17858394523137
2016-03-20,4240,3736.939989119061,503.060010880939,503.060010880939
2016-03-20,3120,3485.3175488407455,-365.31754884074553,365.31754884074553
2016-03-20,273,279.98018245425186,-6.98018245425186,6.98018245425186
2016-03-20,416,379.1068653594156,36.89313464058438,36.89313464058438
2016-03-20,4159,4164.797322497048,-5.797322497048299,5.797322497048299
2016-03-20,493,647.6336091232062,-154.63360912320616,154.63360912320616
2016-03-20,292,276.0091621201537,15.99083787984631,15.99083787984631
2016-03-20,2453,2385.857907342394,67.1420926576061,67.1420926576061
2016-03-20,688,669.5316257438909,18.468374256109087,18.468374256109087
2016-03-20,1206,1199.3430590828375,6.656940917162501,6.656940917162501
2016-03-20,1033,1001.6567271890432,31.34327281095682,31.34327281095682
2016-03-20,645,626.3711902240924,18.628809775907598,18.628809775907598
2016-03-20,2332,2188.786156200791,143.21384379920892,143.21384379920892
2016-03-20,1464,1294.5327602674997,169.46723973250027,169.46723973250027
2016-03-20,320,362.72493535510836,-42.72493535510836,42.72493535510836
2016-03-20,1321,1338.4077952420364,-17.4077952420364,17.4077952420364
2016-03-20,923,1011.8131319259517,-88.81313192595167,88.81313192595167
2016-03-20,2088,1955.6639749079727,132.33602509202728,132.33602509202728
2016-03-20,462,494.2253770191193,-32.22537701911932,32.22537701911932
2016-03-20,1360,1200.3000011651916,159.6999988348084,159.6999988348084
2016-03-20,393,413.836941521275,-20.83694152127498,20.83694152127498
2016-03-20,3214,3215.573842303486,-1.5738423034858897,1.5738423034858897
2016-03-21,4003,3837.916952902437,165.08304709756294,165.08304709756294
2016-03-21,533,517.9689063655762,15.031093634423769,15.031093634423769
2016-03-21,200,254.37820664879206,-54.37820664879206,54.37820664879206
2016-03-21,2766,2657.1933616626716,108.80663833732842,108.80663833732842
2016-03-21,331,353.05503364428256,-22.05503364428256,22.05503364428256
2016-03-21,905,1001.2504829761673,-96.25048297616729,96.25048297616729
2016-03-21,171,228.98065368866764,-57.980653688667644,57.980653688667644
2016-03-21,2464,2501.230171572487,-37.23017157248705,37.23017157248705
2016-03-21,508,529.5870942779651,-21.587094277965093,21.587094277965093
2016-03-21,413,332.54882780119493,80.45117219880507,80.45117219880507
2016-03-21,2180,2319.7244484762427,-139.72444847624274,139.72444847624274
2016-03-21,690,700.4481297368558,-10.448129736855776,10.448129736855776
2016-03-21,2245,1830.5979382999935,414.40206170000647,414.40206170000647
2016-03-21,2290,2230.7337881098424,59.26621189015759,59.26621189015759
2016-03-21,219,254.98404514647208,-35.984045146472084,35.984045146472084
2016-03-21,931,958.0451448660749,-27.045144866074907,27.045144866074907
2016-03-21,656,623.3853272746561,32.614672725343894,32.614672725343894
2016-03-21,838,955.6439582170793,-117.64395821707933,117.64395821707933
2016-03-21,342,300.73304044476254,41.26695955523746,41.26695955523746
2016-03-21,3309,3141.225776437472,167.77422356252782,167.77422356252782
2016-03-21,1728,1654.582063423349,73.41793657665107,73.41793657665107
2016-03-21,974,1024.7449071339154,-50.744907133915376,50.744907133915376
2016-03-21,297,326.9170345483492,-29.917034548349193,29.917034548349193
2016-03-21,2234,2353.393606278591,-119.39360627859105,119.39360627859105
2016-03-21,909,741.5412932380823,167.4587067619177,167.4587067619177
2016-03-21,944,996.0888794537068,-52.088879453706795,52.088879453706795
2016-03-21,1700,1608.7526853913944,91.24731460860562,91.24731460860562
2016-03-21,329,395.0145805549004,-66.01458055490042,66.01458055490042
2016-03-21,1719,1853.122161679104,-134.122161679104,134.122161679104
2016-03-21,532,471.88184590647717,60.11815409352283,60.11815409352283
2016-03-22,913,916.5032992268422,-3.5032992268421594,3.5032992268421594
2016-03-22,439,503.79337167535,-64.79337167534999,64.79337167534999
2016-03-22,361,327.4528343915768,33.5471656084232,33.5471656084232
2016-03-22,220,238.8336679190278,-18.83366791902779,18.83366791902779
2016-03-22,286,312.296535493804,-26.296535493804015,26.296535493804015
2016-03-22,738,826.3204269181309,-88.32042691813092,88.32042691813092
2016-03-22,1751,1626.3865760669821,124.61342393301788,124.61342393301788
2016-03-22,534,549.3782622122548,-15.378262212254754,15.378262212254754
2016-03-22,1503,1506.79370485876,-3.7937048587600657,3.7937048587600657
2016-03-22,3761,3493.445470799035,267.55452920096513,267.55452920096513
2016-03-22,2390,2218.0625859011925,171.9374140988075,171.9374140988075
2016-03-22,779,900.2888381499793,-121.28883814997926,121.28883814997926
2016-03-22,862,970.6042285555291,-108.60422855552906,108.60422855552906
2016-03-22,462,446.2461906019836,15.753809398016415,15.753809398016415
2016-03-22,2514,1952.344975614633,561.6550243853669,561.6550243853669
2016-03-22,171,198.21495654106047,-27.214956541060474,27.214956541060474
2016-03-22,2984,2928.6306695716644,55.369330428335616,55.369330428335616
2016-03-22,845,791.4240521741905,53.57594782580952,53.57594782580952
2016-03-22,222,234.30885004696975,-12.308850046969752,12.308850046969752
2016-03-22,611,680.006444124775,-69.00644412477504,69.00644412477504
2016-03-22,440,430.14807030596035,9.851929694039654,9.851929694039654
2016-03-22,302,332.2255240014055,-30.225524001405518,30.225524001405518
2016-03-22,2185,2078.966795977546,106.0332040224539,106.0332040224539
2016-03-22,846,841.4824118689862,4.517588131013781,4.517588131013781
2016-03-22,2197,2075.0709036764256,121.92909632357441,121.92909632357441
2016-03-22,393,310.66706625907483,82.33293374092517,82.33293374092517
2016-03-22,306,316.5501520332579,-10.550152033257916,10.550152033257916
2016-03-22,1602,1491.1448706181225,110.85512938187753,110.85512938187753
2016-03-22,2260,1974.4523722271254,285.54762777287465,285.54762777287465
2016-03-22,2598,2312.207243029738,285.79275697026196,285.79275697026196
2016-03-23,978,888.5781433878657,89.42185661213432,89.42185661213432
2016-03-23,907,877.9477334755829,29.052266524417064,29.052266524417064
2016-03-23,229,247.89831506634422,-18.898315066344225,18.898315066344225
2016-03-23,199,211.39285224885552,-12.392852248855519,12.392852248855519
2016-03-23,911,851.7564559711906,59.243544028809424,59.243544028809424
2016-03-23,530,613.4221177054347,-83.42211770543474,83.42211770543474
2016-03-23,540,504.9117239491287,35.088276050871286,35.088276050871286
2016-03-23,2554,2298.234926372236,255.7650736277642,255.7650736277642
2016-03-23,454,452.3971902684528,1.602809731547211,1.602809731547211
2016-03-23,216,249.99518771964148,-33.99518771964148,33.99518771964148
2016-03-23,1898,2069.962674389671,-171.96267438967107,171.96267438967107
2016-03-23,517,451.9175752732181,65.08242472678188,65.08242472678188
2016-03-23,2866,2959.6631460532103,-93.66314605321031,93.66314605321031
2016-03-23,463,559.8050676544058,-96.80506765440578,96.80506765440578
2016-03-23,387,338.3406492754441,48.65935072455591,48.65935072455591
2016-03-23,223,327.30223069870465,-104.30223069870465,104.30223069870465
2016-03-23,3666,3493.42459084314,172.57540915686013,172.57540915686013
2016-03-23,758,777.8995522108532,-19.899552210853244,19.899552210853244
2016-03-23,1727,1664.0906241352288,62.909375864771164,62.909375864771164
2016-03-23,2177,1952.5825851332315,224.41741486676847,224.41741486676847
2016-03-23,283,309.6077620387749,-26.607762038774922,26.607762038774922
2016-03-23,762,742.0268555296052,19.9731444703948,19.9731444703948
2016-03-23,1598,1430.68194311243,167.31805688757004,167.31805688757004
2016-03-23,1445,1432.633505856069,12.36649414393105,12.36649414393105
2016-03-23,2470,2228.550979394235,241.44902060576487,241.44902060576487
2016-03-23,439,315.04107933689363,123.95892066310637,123.95892066310637
2016-03-23,831,999.4643628313354,-168.4643628313354,168.4643628313354
2016-03-23,2241,2073.451729903487,167.54827009651308,167.54827009651308
2016-03-23,2065,2101.568068489378,-36.56806848937822,36.56806848937822
2016-03-23,452,317.12583060658847,134.87416939341153,134.87416939341153
2016-03-24,517,468.17333173868786,48.826668261312136,48.826668261312136
2016-03-24,576,533.6786021751135,42.3213978248865,42.3213978248865
2016-03-24,802,982.4857684857533,-180.48576848575328,180.48576848575328
2016-03-24,2156,2026.4049468474732,129.59505315252682,129.59505315252682
2016-03-24,388,334.2196374280907,53.78036257190928,53.78036257190928
2016-03-24,1704,1429.655219170624,274.3447808293761,274.3447808293761
2016-03-24,768,758.6443815368268,9.355618463173187,9.355618463173187
2016-03-24,2261,2089.7706380799114,171.22936192008865,171.22936192008865
2016-03-24,245,244.82165326400062,0.17834673599938355,0.17834673599938355
2016-03-24,825,1017.297285841324,-192.29728584132397,192.29728584132397
2016-03-24,299,305.4088748109479,-6.408874810947907,6.408874810947907
2016-03-24,2095,2079.3989818593345,15.601018140665474,15.601018140665474
2016-03-24,1453,1418.7448710487472,34.2551289512528,34.2551289512528
2016-03-24,2681,2289.111523514729,391.888476485271,391.888476485271
2016-03-24,474,432.03315234199243,41.966847658007566,41.966847658007566
2016-03-24,285,222.05191107864735,62.94808892135265,62.94808892135265
2016-03-24,335,338.6982097136186,-3.69820971361861,3.69820971361861
2016-03-24,1626,1634.6672029256167,-8.66720292561672,8.66720292561672
2016-03-24,821,859.2000202961236,-38.200020296123625,38.200020296123625
2016-03-24,2223,2281.117894118303,-58.11789411830296,58.11789411830296
2016-03-24,260,312.742183377059,-52.74218337705901,52.74218337705901
2016-03-24,190,242.18264961845847,-52.18264961845847,52.18264961845847
2016-03-24,474,590.7286182461004,-116.72861824610038,116.72861824610038
2016-03-24,300,311.718757164538,-11.718757164537976,11.718757164537976
2016-03-24,815,760.4572338052393,54.5427661947607,54.5427661947607
2016-03-24,1984,2057.383178835159,-73.38317883515901,73.38317883515901
2016-03-24,3380,3449.6629823641456,-69.66298236414559,69.66298236414559
2016-03-24,2764,2826.74426437701,-62.74426437701004,62.74426437701004
2016-03-24,764,872.9555170526612,-108.95551705266121,108.95551705266121
2016-03-24,538,619.8030403857656,-81.8030403857656,81.8030403857656
2016-03-25,528,384.7183155610663,143.28168443893372,143.28168443893372
2016-03-25,907,879.9225428015912,27.07745719840875,27.07745719840875
2016-03-25,3411,3062.01612497238,348.9838750276199,348.9838750276199
2016-03-25,1619,1560.1995002135332,58.800499786466844,58.800499786466844
2016-03-25,3503,2309.5221650074423,1193.4778349925577,1193.4778349925577
2016-03-25,1091,946.5300135240379,144.46998647596206,144.46998647596206
2016-03-25,446,489.82053069293426,-43.820530692934256,43.820530692934256
2016-03-25,635,392.63346986312996,242.36653013687004,242.36653013687004
2016-03-25,956,744.4025314871998,211.59746851280022,211.59746851280022
2016-03-25,389,269.8952296839958,119.10477031600419,119.10477031600419
2016-03-25,3177,2437.4511754457835,739.5488245542165,739.5488245542165
2016-03-25,3421,2817.7096083390243,603.2903916609757,603.2903916609757
2016-03-25,1817,1692.641648048636,124.35835195136406,124.35835195136406
2016-03-25,550,580.9633305269234,-30.963330526923414,30.963330526923414
2016-03-25,3179,2517.0368418204116,661.9631581795884,661.9631581795884
2016-03-25,321,275.47464729590075,45.52535270409925,45.52535270409925
2016-03-25,325,325.75000873223036,-0.7500087322303557,0.7500087322303557
2016-03-25,390,340.2490959822849,49.75090401771507,49.75090401771507
2016-03-25,918,785.0343672260288,132.96563277397115,132.96563277397115
2016-03-25,937,863.4495856326922,73.55041436730778,73.55041436730778
2016-03-25,270,253.8186490808722,16.181350919127794,16.181350919127794
2016-03-25,2271,1732.8776680403796,538.1223319596204,538.1223319596204
2016-03-25,3063,2352.494826630184,710.505173369816,710.505173369816
2016-03-25,376,357.88075678043657,18.11924321956343,18.11924321956343
2016-03-25,1045,1008.0594831533923,36.94051684660769,36.94051684660769
2016-03-25,479,487.03561058048285,-8.035610580482853,8.035610580482853
2016-03-25,2860,2179.6558548075363,680.3441451924637,680.3441451924637
2016-03-25,1486,1076.1400579103843,409.85994208961574,409.85994208961574
2016-03-25,4204,3634.6879278056454,569.3120721943546,569.3120721943546
2016-03-25,1037,899.0020676207957,137.99793237920426,137.99793237920426
2016-03-26,1147,1104.8492370260499,42.15076297395012,42.15076297395012
2016-03-26,1141,1133.986762493548,7.013237506452015,7.013237506452015
2016-03-26,589,653.9505783553385,-64.95057835533851,64.95057835533851
2016-03-26,4251,3866.8408807018336,384.1591192981664,384.1591192981664
2016-03-26,678,650.4407690737733,27.559230926226746,27.559230926226746
2016-03-26,3498,3087.1541677293503,410.8458322706497,410.8458322706497
2016-03-26,1498,1317.0370440106406,180.96295598935944,180.96295598935944
2016-03-26,5333,4924.390136226489,408.6098637735113,408.6098637735113
2016-03-26,284,319.982303993912,-35.98230399391201,35.98230399391201
2016-03-26,408,422.16162569682626,-14.161625696826263,14.161625696826263
2016-03-26,2556,2360.863020321714,195.13697967828602,195.13697967828602
2016-03-26,610,623.6133456268172,-13.61334562681725,13.61334562681725
2016-03-26,3563,3373.3570120844047,189.6429879155953,189.6429879155953
2016-03-26,4325,3538.4791276066026,786.5208723933974,786.5208723933974
2016-03-26,3821,3712.6620911576597,108.33790884234031,108.33790884234031
2016-03-26,2056,1990.1828432060488,65.8171567939512,65.8171567939512
2016-03-26,1278,1213.2239073627618,64.77609263723821,64.77609263723821
2016-03-26,326,303.9218417729258,22.078158227074198,22.078158227074198
2016-03-26,1140,1196.6808208634766,-56.68082086347658,56.68082086347658
2016-03-26,579,601.2691445604623,-22.269144560462337,22.269144560462337
2016-03-26,3034,2763.462659818762,270.53734018123805,270.53734018123805
2016-03-26,1349,1363.4126283268386,-14.412628326838558,14.412628326838558
2016-03-26,1022,1046.273652834248,-24.27365283424797,24.27365283424797
2016-03-26,375,405.96899170512415,-30.968991705124154,30.968991705124154
2016-03-26,450,413.5326842196664,36.46731578033359,36.46731578033359
2016-03-26,292,297.20646554115297,-5.206465541152966,5.206465541152966
2016-03-26,2287,1968.9961893581237,318.00381064187627,318.00381064187627
2016-03-26,464,477.44627218530115,-13.446272185301154,13.446272185301154
2016-03-26,1042,1096.0393882833594,-54.03938828335936,54.03938828335936
2016-03-26,4467,3353.3722399291205,1113.6277600708795,1113.6277600708795
2016-03-27,755,1104.722182690445,-349.7221826904449,349.7221826904449
2016-03-27,335,317.98487647158197,17.01512352841803,17.01512352841803
2016-03-27,330,388.6900542301327,-58.690054230132716,58.690054230132716
2016-03-27,2791,2809.1605131148553,-18.16051311485535,18.16051311485535
2016-03-27,334,516.1415813080408,-182.14158130804083,182.14158130804083
2016-03-27,4906,5071.0337077187705,-165.03370771877053,165.03370771877053
2016-03-27,573,570.431562007219,2.568437992781014,2.568437992781014
2016-03-27,3447,3389.956995269936,57.043004730063785,57.043004730063785
2016-03-27,934,1405.8396217343354,-471.8396217343354,471.8396217343354
2016-03-27,649,1019.230365990268,-370.23036599026796,370.23036599026796
2016-03-27,492,399.22205849953167,92.77794150046833,92.77794150046833
2016-03-27,1823,2108.17430188256,-285.17430188256003,285.17430188256003
2016-03-27,3007,3164.9513962980236,-157.9513962980236,157.9513962980236
2016-03-27,201,288.3880837274592,-87.38808372745922,87.38808372745922
2016-03-27,982,1219.763375129737,-237.76337512973691,237.76337512973691
2016-03-27,3141,3595.0631431223364,-454.06314312233644,454.06314312233644
2016-03-27,863,985.596347659477,-122.59634765947703,122.59634765947703
2016-03-27,3366,3761.5052286906675,-395.50522869066754,395.50522869066754
2016-03-27,674,666.0827833412429,7.91721665875707,7.91721665875707
2016-03-27,785,1196.499720423003,-411.49972042300305,411.49972042300305
2016-03-27,1703,1366.420883797993,336.57911620200707,336.57911620200707
2016-03-27,3087,2418.7748498054975,668.2251501945025,668.2251501945025
2016-03-27,2070,2172.1586423162175,-102.15864231621754,102.15864231621754
2016-03-27,2567,3487.783743202439,-920.7837432024389,920.7837432024389
2016-03-27,181,251.6828190175345,-70.68281901753451,70.68281901753451
2016-03-27,285,386.0543044025889,-101.05430440258891,101.05430440258891
2016-03-27,369,597.3810000084862,-228.38100000848624,228.38100000848624
2016-03-27,1167,1208.0505402934748,-41.050540293474796,41.050540293474796
2016-03-27,442,411.24700232601407,30.75299767398593,30.75299767398593
2016-03-27,4101,2966.7037231574245,1134.2962768425755,1134.2962768425755
2016-03-28,2000,2283.1728760355495,-283.1728760355495,283.1728760355495
2016-03-28,381,306.439318266812,74.560681733188,74.560681733188
2016-03-28,2403,2427.181816114344,-24.1818161143442,24.1818161143442
2016-03-28,903,1044.88967605594,-141.88967605594007,141.88967605594007
2016-03-28,366,322.5387779760821,43.46122202391791,43.46122202391791
2016-03-28,713,604.6234626167261,108.3765373832739,108.3765373832739
2016-03-28,890,892.4328524399272,-2.43285243992716,2.43285243992716
2016-03-28,2480,2717.5894658083234,-237.58946580832344,237.58946580832344
2016-03-28,988,916.7128121566644,71.28718784333557,71.28718784333557
2016-03-28,2376,2379.8149655300767,-3.8149655300767336,3.8149655300767336
2016-03-28,326,343.8148536372626,-17.814853637262615,17.814853637262615
2016-03-28,528,525.643610969637,2.356389030362948,2.356389030362948
2016-03-28,325,303.9793677060039,21.020632293996073,21.020632293996073
2016-03-28,2376,2150.1605115091943,225.8394884908057,225.8394884908057
2016-03-28,1624,1671.6319877841765,-47.631987784176545,47.631987784176545
2016-03-28,232,246.94021495291574,-14.940214952915738,14.940214952915738
2016-03-28,490,494.84625611469187,-4.846256114691869,4.846256114691869
2016-03-28,1806,1998.0276836173023,-192.02768361730227,192.02768361730227
2016-03-28,1058,915.9520023729208,142.0479976270792,142.0479976270792
2016-03-28,343,229.37108028460116,113.62891971539884,113.62891971539884
2016-03-28,956,922.4743675213106,33.52563247868943,33.52563247868943
2016-03-28,2853,2776.092646524212,76.90735347578811,76.90735347578811
2016-03-28,725,711.393086607985,13.60691339201503,13.60691339201503
2016-03-28,854,882.0841445507368,-28.084144550736823,28.084144550736823
2016-03-28,3335,3788.2489488685305,-453.24894886853053,453.24894886853053
2016-03-28,535,423.5411362422738,111.45886375772619,111.45886375772619
2016-03-28,212,208.33039549519106,3.6696045048089445,3.6696045048089445
2016-03-28,1630,1625.240091427701,4.759908572299082,4.759908572299082
2016-03-28,2026,2222.807086102487,-196.80708610248712,196.80708610248712
2016-03-28,307,367.022147459678,-60.022147459678024,60.022147459678024
2016-03-29,1011,1016.0657443506467,-5.065744350646696,5.065744350646696
2016-03-29,809,798.147174862707,10.852825137293053,10.852825137293053
2016-03-29,270,364.31504676396906,-94.31504676396906,94.31504676396906
2016-03-29,795,942.1835711777645,-147.18357117776452,147.18357117776452
2016-03-29,361,318.7463845311238,42.253615468876205,42.253615468876205
2016-03-29,241,243.6950251159536,-2.695025115953598,2.695025115953598
2016-03-29,265,249.016921535986,15.983078464014,15.983078464014
2016-03-29,1834,2330.0028640571736,-496.0028640571736,496.0028640571736
2016-03-29,2433,2372.1606333118084,60.8393666881916,60.8393666881916
2016-03-29,1556,1778.2609517003375,-222.2609517003375,222.2609517003375
2016-03-29,318,315.2547636134127,2.745236386587294,2.745236386587294
2016-03-29,1821,2112.5524049704964,-291.55240497049635,291.55240497049635
2016-03-29,444,470.9083912272194,-26.908391227219397,26.908391227219397
2016-03-29,696,650.6804533311458,45.31954666885417,45.31954666885417
2016-03-29,702,871.117210333809,-169.117210333809,169.117210333809
2016-03-29,872,878.2708782548608,-6.270878254860804,6.270878254860804
2016-03-29,1438,1507.1535699896622,-69.15356998966217,69.15356998966217
2016-03-29,2478,1994.3375108711016,483.6624891288984,483.6624891288984
2016-03-29,490,323.7606475642167,166.2393524357833,166.2393524357833
2016-03-29,785,853.9405037786172,-68.9405037786172,68.9405037786172
2016-03-29,3493,3388.3381201173847,104.66187988261527,104.66187988261527
2016-03-29,498,455.6668088788838,42.333191121116215,42.333191121116215
2016-03-29,2765,2577.323656330198,187.676343669802,187.676343669802
2016-03-29,1528,1492.293106040497,35.70689395950308,35.70689395950308
2016-03-29,2481,2350.3779850388023,130.6220149611977,130.6220149611977
2016-03-29,472,462.6060534221238,9.393946577876193,9.393946577876193
2016-03-29,578,543.7355003071841,34.26449969281589,34.26449969281589
2016-03-29,310,311.2393572151912,-1.2393572151912053,1.2393572151912053
2016-03-29,221,196.96630201236545,24.033697987634554,24.033697987634554
2016-03-29,1892,2044.9237474356153,-152.92374743561527,152.92374743561527
2016-03-30,172,218.0552099735012,-46.055209973501206,46.055209973501206
2016-03-30,754,870.2523019030971,-116.25230190309708,116.25230190309708
2016-03-30,1395,1470.9447817801472,-75.9447817801472,75.9447817801472
2016-03-30,1787,2033.632739756505,-246.6327397565051,246.6327397565051
2016-03-30,1818,2057.399559999095,-239.3995599990949,239.3995599990949
2016-03-30,284,259.9710536265581,24.028946373441897,24.028946373441897
2016-03-30,1636,1675.6518842045207,-39.651884204520684,39.651884204520684
2016-03-30,2360,2373.7489969820485,-13.748996982048538,13.748996982048538
2016-03-30,880,835.193263293722,44.806736706278,44.806736706278
2016-03-30,1371,1476.0846944941395,-105.08469449413951,105.08469449413951
2016-03-30,2050,2159.3500672163373,-109.35006721633727,109.35006721633727
2016-03-30,847,1052.6740499023151,-205.67404990231512,205.67404990231512
2016-03-30,2135,2437.31083783251,-302.31083783251006,302.31083783251006
2016-03-30,508,522.4912463551372,-14.49124635513715,14.49124635513715
2016-03-30,349,348.8912950620323,0.10870493796767278,0.10870493796767278
2016-03-30,507,464.7756864760923,42.22431352390771,42.22431352390771
2016-03-30,249,379.1266279283407,-130.12662792834072,130.12662792834072
2016-03-30,2550,2707.1445413492697,-157.14454134926973,157.14454134926973
2016-03-30,639,638.1132030342765,0.8867969657235335,0.8867969657235335
2016-03-30,229,255.73356208519104,-26.73356208519104,26.73356208519104
2016-03-30,2011,2066.192909295976,-55.192909295975824,55.192909295975824
2016-03-30,809,895.2641407304654,-86.26414073046544,86.26414073046544
2016-03-30,444,349.5045538475646,94.49544615243542,94.49544615243542
2016-03-30,465,469.0550193376876,-4.055019337687611,4.055019337687611
2016-03-30,739,767.2088282346155,-28.208828234615453,28.208828234615453
2016-03-30,881,832.4271092144994,48.57289078550059,48.57289078550059
2016-03-30,317,342.67324809381114,-25.67324809381114,25.67324809381114
2016-03-30,316,362.43514690329636,-46.435146903296356,46.435146903296356
2016-03-30,3299,3472.9166466007623,-173.9166466007623,173.9166466007623
2016-03-30,558,595.3354077205735,-37.33540772057347,37.33540772057347
2016-03-31,889,767.0823880458167,121.91761195418326,121.91761195418326
2016-03-31,300,234.73373047235762,65.26626952764238,65.26626952764238
2016-03-31,2651,2312.622012264389,338.377987735611,338.377987735611
2016-03-31,705,691.5356680094706,13.464331990529445,13.464331990529445
2016-03-31,2003,2057.162039893354,-54.16203989335418,54.16203989335418
2016-03-31,2589,2665.4546885034115,-76.45468850341149,76.45468850341149
2016-03-31,2340,2342.752836903839,-2.7528369038391247,2.7528369038391247
2016-03-31,704,585.1162474465774,118.8837525534226,118.8837525534226
2016-03-31,338,283.28676029976,54.713239700240024,54.713239700240024
2016-03-31,290,307.56179283498125,-17.561792834981247,17.561792834981247
2016-03-31,981,1149.1149541895668,-168.1149541895668,168.1149541895668
2016-03-31,536,422.81901461335065,113.18098538664935,113.18098538664935
2016-03-31,482,531.4652768903643,-49.465276890364294,49.465276890364294
2016-03-31,951,818.0772120118037,132.92278798819632,132.92278798819632
2016-03-31,1588,1766.9693393578414,-178.96933935784136,178.96933935784136
2016-03-31,306,342.49960967011555,-36.49960967011555,36.49960967011555
2016-03-31,990,826.6439616266883,163.35603837331166,163.35603837331166
2016-03-31,318,324.7547473709636,-6.754747370963628,6.754747370963628
2016-03-31,3432,3256.697280488986,175.30271951101395,175.30271951101395
2016-03-31,291,325.042511832969,-34.04251183296901,34.04251183296901
2016-03-31,1518,1431.485298389492,86.51470161050793,86.51470161050793
2016-03-31,1560,1451.1315005979627,108.86849940203729,108.86849940203729
2016-03-31,1863,2183.929793297923,-320.92979329792297,320.92979329792297
2016-03-31,347,358.46839726929977,-11.468397269299771,11.468397269299771
2016-03-31,1983,2100.9683499967605,-117.96834999676048,117.96834999676048
2016-03-31,830,873.6694591747728,-43.66945917477278,43.66945917477278
2016-03-31,877,895.7445306188441,-18.744530618844124,18.744530618844124
2016-03-31,2160,2280.2202866589,-120.22028665890002,120.22028665890002
2016-03-31,646,474.95371648124456,171.04628351875544,171.04628351875544
2016-03-31,213,239.88380805496996,-26.88380805496996,26.88380805496996
2016-04-01,2844,2644.093520097431,199.90647990256912,199.90647990256912
2016-04-01,1108,1128.9529283979366,-20.952928397936603,20.952928397936603
2016-04-01,555,669.258756034033,-114.25875603403301,114.25875603403301
2016-04-01,2684,2855.815643735748,-171.81564373574793,171.81564373574793
2016-04-01,404,406.3051876682045,-2.3051876682044963,2.3051876682044963
2016-04-01,3977,4110.264227799275,-133.26422779927543,133.26422779927543
2016-04-01,989,1137.8469923977977,-148.84699239779775,148.84699239779775
2016-04-01,1180,1095.9312769815363,84.06872301846374,84.06872301846374
2016-04-01,1181,1255.1221118374574,-74.1221118374574,74.1221118374574
2016-04-01,1046,1116.4562649994036,-70.45626499940363,70.45626499940363
2016-04-01,3132,3407.179500136888,-275.1795001368878,275.1795001368878
2016-04-01,1004,1040.4391240533776,-36.439124053377554,36.439124053377554
2016-04-01,514,507.8300030169192,6.169996983080807,6.169996983080807
2016-04-01,391,433.7960521022761,-42.79605210227612,42.79605210227612
2016-04-01,743,633.2258308387746,109.77416916122536,109.77416916122536
2016-04-01,525,504.45865807156486,20.541341928435145,20.541341928435145
2016-04-01,325,453.4061799148821,-128.4061799148821,128.4061799148821
2016-04-01,489,454.86089445587544,34.13910554412456,34.13910554412456
2016-04-01,1890,1929.2436494515473,-39.2436494515473,39.2436494515473
2016-04-01,390,442.5223927899813,-52.522392789981325,52.522392789981325
2016-04-01,1119,1159.508741667274,-40.50874166727408,40.50874166727408
2016-04-01,3695,3408.249269277625,286.750730722375,286.750730722375
2016-04-01,704,706.7647026373261,-2.7647026373260815,2.7647026373260815
2016-04-01,2038,2293.0916161009527,-255.0916161009527,255.0916161009527
2016-04-01,3081,2854.128891144536,226.87110885546417,226.87110885546417
2016-04-01,2733,2803.8880547210047,-70.88805472100466,70.88805472100466
2016-04-01,1701,1994.3946524044818,-293.3946524044818,293.3946524044818
2016-04-01,2742,2627.053389380015,114.94661061998522,114.94661061998522
2016-04-01,2047,1571.9354868307764,475.0645131692236,475.0645131692236
2016-04-01,305,336.99924823052356,-31.999248230523563,31.999248230523563
2016-04-02,5090,4350.367394339337,739.6326056606631,739.6326056606631
2016-04-02,1097,1141.6718091361445,-44.671809136144475,44.671809136144475
2016-04-02,3890,4015.7264435412876,-125.72644354128761,125.72644354128761
2016-04-02,1161,1193.0323926602011,-32.03239266020114,32.03239266020114
2016-04-02,1266,1220.6951876768794,45.304812323120586,45.304812323120586
2016-04-02,711,653.6599343804905,57.34006561950946,57.34006561950946
2016-04-02,3728,3981.8928528342794,-253.89285283427944,253.89285283427944
2016-04-02,1384,1338.060874856705,45.93912514329509,45.93912514329509
2016-04-02,588,735.7497758396676,-147.74977583966756,147.74977583966756
2016-04-02,1673,1349.0916062772885,323.9083937227115,323.9083937227115
2016-04-02,603,716.8630993126318,-113.86309931263179,113.86309931263179
2016-04-02,506,341.2402354068084,164.75976459319162,164.75976459319162
2016-04-02,3394,3465.365128066715,-71.36512806671499,71.36512806671499
2016-04-02,1153,1276.9019348704248,-123.90193487042484,123.90193487042484
2016-04-02,3087,3185.8680115452494,-98.86801154524937,98.86801154524937
2016-04-02,2351,2436.6443599052695,-85.64435990526954,85.64435990526954
2016-04-02,299,368.17811454758146,-69.17811454758146,69.17811454758146
2016-04-02,1248,1232.1476903784765,15.852309621523546,15.852309621523546
2016-04-02,409,441.05675326134093,-32.05675326134093,32.05675326134093
2016-04-02,576,481.9547852451797,94.04521475482028,94.04521475482028
2016-04-02,1680,1605.608045158996,74.39195484100401,74.39195484100401
2016-04-02,628,701.7736895227639,-73.7736895227639,73.7736895227639
2016-04-02,2152,2228.808113770359,-76.80811377035889,76.80811377035889
2016-04-02,2559,2960.1311324473772,-401.13113244737724,401.13113244737724
2016-04-02,3799,3852.7010286705627,-53.701028670562664,53.701028670562664
2016-04-02,337,348.1359517623183,-11.135951762318314,11.135951762318314
2016-04-02,432,446.1310798152209,-14.131079815220914,14.131079815220914
2016-04-02,485,496.84560557469257,-11.84560557469257,11.84560557469257
2016-04-02,4466,4952.802667569393,-486.8026675693927,486.8026675693927
2016-04-02,1920,1990.9828375330865,-70.98283753308647,70.98283753308647
2016-04-03,4031,4049.7497013646384,-18.74970136463844,18.74970136463844
2016-04-03,305,377.8848034505232,-72.88480345052318,72.88480345052318
2016-04-03,2074,2145.6349469682987,-71.63494696829866,71.63494696829866
2016-04-03,1480,1460.306324276507,19.693675723493016,19.693675723493016
2016-04-03,2677,2647.251606647168,29.748393352831954,29.748393352831954
2016-04-03,3467,3423.7190704950863,43.28092950491373,43.28092950491373
2016-04-03,478,400.284797785904,77.715202214096,77.715202214096
2016-04-03,332,397.4751250105435,-65.47512501054348,65.47512501054348
2016-04-03,790,634.0008917387933,155.99910826120674,155.99910826120674
2016-04-03,511,500.62572505879456,10.374274941205442,10.374274941205442
2016-04-03,818,691.5000604518408,126.4999395481592,126.4999395481592
2016-04-03,4226,4461.41898939237,-235.41898939237035,235.41898939237035
2016-04-03,1123,1135.780058007537,-12.780058007537036,12.780058007537036
2016-04-03,1154,928.3499305845568,225.65006941544323,225.65006941544323
2016-04-03,5207,4762.0413053364555,444.9586946635445,444.9586946635445
2016-04-03,291,287.08281163866525,3.917188361334752,3.917188361334752
2016-04-03,1437,1397.088979314695,39.91102068530495,39.91102068530495
2016-04-03,568,465.67757522848433,102.32242477151567,102.32242477151567
2016-04-03,4150,3973.881659228794,176.11834077120602,176.11834077120602
2016-04-03,3648,3696.158859785041,-48.15885978504093,48.15885978504093
2016-04-03,2982,2942.2654384369753,39.73456156302473,39.73456156302473
2016-04-03,5171,5517.239944030085,-346.2399440300851,346.2399440300851
2016-04-03,1881,1654.1997172695376,226.8002827304624,226.8002827304624
2016-04-03,734,691.9359215248439,42.064078475156066,42.064078475156066
2016-04-03,501,481.19601426937515,19.803985730624845,19.803985730624845
2016-04-03,1152,1084.3959249043812,67.60407509561878,67.60407509561878
2016-04-03,2410,2345.227398992777,64.77260100722287,64.77260100722287
2016-04-03,1293,1255.9029533177468,37.09704668225322,37.09704668225322
2016-04-03,1225,1241.979691301307,-16.979691301306957,16.979691301306957
2016-04-03,309,300.40604891071564,8.59395108928436,8.59395108928436
2016-04-04,3689,3565.8798033288194,123.12019667118057,123.12019667118057
2016-04-04,2181,2379.6710773485897,-198.67107734858973,198.67107734858973
2016-04-04,1894,1689.514429157346,204.48557084265394,204.48557084265394
2016-04-04,302,352.6069094392627,-50.60690943926272,50.60690943926272
2016-04-04,533,552.5651109417341,-19.565110941734133,19.565110941734133
2016-04-04,3273,3014.505033645261,258.49496635473906,258.49496635473906
2016-04-04,983,908.6380088439796,74.3619911560204,74.3619911560204
2016-04-04,4195,4402.761669173617,-207.7616691736166,207.7616691736166
2016-04-04,303,275.07193481130514,27.92806518869486,27.92806518869486
2016-04-04,764,808.1861947666448,-44.1861947666448,44.1861947666448
2016-04-04,255,246.94831326822523,8.051686731774765,8.051686731774765
2016-04-04,617,677.6610848719895,-60.66108487198949,60.66108487198949
2016-04-04,286,235.4776099796907,50.5223900203093,50.5223900203093
2016-04-04,412,360.4615168004668,51.538483199533175,51.538483199533175
2016-04-04,2279,2478.6284298699948,-199.62842986999476,199.62842986999476
2016-04-04,882,945.5846478985201,-63.584647898520075,63.584647898520075
2016-04-04,405,337.5490103243381,67.4509896756619,67.4509896756619
2016-04-04,332,347.3497568691603,-15.349756869160274,15.349756869160274
2016-04-04,2500,2729.294028445006,-229.294028445006,229.294028445006
2016-04-04,463,553.43221305098,-90.43221305097995,90.43221305097995
2016-04-04,2664,2559.621137811198,104.37886218880203,104.37886218880203
2016-04-04,543,538.1473549090754,4.852645090924625,4.852645090924625
2016-04-04,1005,1085.8299760516388,-80.82997605163882,80.82997605163882
2016-04-04,1840,1663.0823442997146,176.91765570028542,176.91765570028542
2016-04-04,1895,1880.5366772601249,14.463322739875139,14.463322739875139
2016-04-04,370,363.91405153972954,6.085948460270458,6.085948460270458
2016-04-04,1076,1037.8598764954584,38.140123504541634,38.140123504541634
2016-04-04,950,965.4873101066561,-15.487310106656082,15.487310106656082
2016-04-04,2509,2667.029330765693,-158.02933076569298,158.02933076569298
2016-04-04,1018,1118.445881686782,-100.44588168678206,100.44588168678206
2016-04-05,1665,1637.5151215416743,27.48487845832574,27.48487845832574
2016-04-05,912,800.8067283442489,111.19327165575112,111.19327165575112
2016-04-05,341,343.700611198683,-2.7006111986830206,2.7006111986830206
2016-04-05,2293,2618.63133283677,-325.63133283677007,325.63133283677007
2016-04-05,276,305.23716846448536,-29.237168464485364,29.237168464485364
2016-04-05,2460,2428.840536280237,31.159463719763153,31.159463719763153
2016-04-05,2248,2281.399046776646,-33.39904677664617,33.39904677664617
2016-04-05,2343,2325.4601258286143,17.53987417138569,17.53987417138569
2016-04-05,2968,2882.358526010134,85.64147398986597,85.64147398986597
2016-04-05,506,482.95868978640823,23.04131021359177,23.04131021359177
2016-04-05,2711,2751.944774031064,-40.944774031063844,40.944774031063844
2016-04-05,241,260.4666086166999,-19.466608616699887,19.466608616699887
2016-04-05,4132,4149.255954722123,-17.255954722122624,17.255954722122624
2016-04-05,1624,1683.0266032125323,-59.026603212532336,59.026603212532336
2016-04-05,220,231.88804076412157,-11.88804076412157,11.88804076412157
2016-04-05,872,938.4290122460526,-66.4290122460526,66.4290122460526
2016-04-05,2045,1840.6214796049135,204.37852039508653,204.37852039508653
2016-04-05,461,331.2260170048376,129.77398299516238,129.77398299516238
2016-04-05,545,468.0183816542939,76.98161834570612,76.98161834570612
2016-04-05,315,349.17405031066505,-34.17405031066505,34.17405031066505
2016-04-05,722,702.2335316098975,19.766468390102546,19.766468390102546
2016-04-05,1061,1037.6822696848892,23.317730315110794,23.317730315110794
2016-04-05,258,239.4621128970304,18.53788710296959,18.53788710296959
2016-04-05,355,328.6459969192827,26.35400308071729,26.35400308071729
2016-04-05,985,893.4754974129987,91.52450258700128,91.52450258700128
2016-04-05,628,580.419044304327,47.58095569567297,47.58095569567297
2016-04-05,465,501.4182193235094,-36.41821932350939,36.41821932350939
2016-04-05,807,863.1751344372985,-56.17513443729854,56.17513443729854
2016-04-05,4378,3724.605331537109,653.3946684628909,653.3946684628909
2016-04-05,846,826.3999224576525,19.60007754234755,19.60007754234755
2016-04-06,171,223.85681335269754,-52.85681335269754,52.85681335269754
2016-04-06,272,246.72540620258377,25.27459379741623,25.27459379741623
2016-04-06,839,748.171379081916,90.82862091808397,90.82862091808397
2016-04-06,1379,1644.1673072850124,-265.1673072850124,265.1673072850124
2016-04-06,2061,1872.2527750940317,188.74722490596832,188.74722490596832
2016-04-06,745,657.3679094634969,87.63209053650314,87.63209053650314
2016-04-06,325,359.665939139931,-34.66593913993103,34.66593913993103
2016-04-06,2698,2752.561618631133,-54.561618631133115,54.561618631133115
2016-04-06,4801,4075.1961993149966,725.8038006850034,725.8038006850034
2016-04-06,922,812.7591039210114,109.24089607898861,109.24089607898861
2016-04-06,761,883.1705541421344,-122.17055414213439,122.17055414213439
2016-04-06,287,332.70811167038886,-45.70811167038886,45.70811167038886
2016-04-06,2473,2324.0976342824747,148.9023657175253,148.9023657175253
2016-04-06,3829,4013.5959555540207,-184.59595555402075,184.59595555402075
2016-04-06,1078,994.417128085704,83.58287191429599,83.58287191429599
2016-04-06,2255,2532.363986084224,-277.36398608422405,277.36398608422405
2016-04-06,376,360.74724112949673,15.252758870503271,15.252758870503271
2016-04-06,2458,2565.414009475211,-107.41400947521106,107.41400947521106
2016-04-06,868,874.6556359838421,-6.655635983842103,6.655635983842103
2016-04-06,350,331.07429153032365,18.92570846967635,18.92570846967635
2016-04-06,843,885.820424327431,-42.820424327431056,42.820424327431056
2016-04-06,2122,2326.803388769209,-204.80338876920905,204.80338876920905
2016-04-06,495,489.1646977054132,5.835302294586825,5.835302294586825
2016-04-06,2934,2757.4513331995868,176.54866680041323,176.54866680041323
2016-04-06,477,505.8747765052632,-28.874776505263185,28.874776505263185
2016-04-06,430,326.8340482699323,103.16595173006772,103.16595173006772
2016-04-06,264,249.3657538798979,14.634246120102091,14.634246120102091
2016-04-06,587,569.8188442167011,17.18115578329889,17.18115578329889
2016-04-06,1607,1516.0401273258487,90.95987267415126,90.95987267415126
2016-04-06,427,478.29557151554593,-51.29557151554593,51.29557151554593
2016-04-07,942,897.071793745712,44.92820625428806,44.92820625428806
2016-04-07,2231,2242.6267622569,-11.626762256899838,11.626762256899838
2016-04-07,1157,1064.2551790618977,92.7448209381023,92.7448209381023
2016-04-07,811,850.0255001862027,-39.02550018620275,39.02550018620275
2016-04-07,962,865.946551021524,96.05344897847601,96.05344897847601
2016-04-07,493,511.0207125170497,-18.020712517049674,18.020712517049674
2016-04-07,330,320.2000499836068,9.799950016393211,9.799950016393211
2016-04-07,394,493.4209004767189,-99.42090047671888,99.42090047671888
2016-04-07,3667,3925.234636837938,-258.23463683793807,258.23463683793807
2016-04-07,675,590.9891539110981,84.01084608890187,84.01084608890187
2016-04-07,2451,2620.6160023661823,-169.61600236618233,169.61600236618233
2016-04-07,783,659.2248640267983,123.77513597320171,123.77513597320171
2016-04-07,382,314.6309428878646,67.36905711213541,67.36905711213541
2016-04-07,367,340.06521526568514,26.93478473431486,26.93478473431486
2016-04-07,489,520.0250425571321,-31.02504255713211,31.02504255713211
2016-04-07,2450,2447.6709393916126,2.329060608387408,2.329060608387408
2016-04-07,2047,1883.2840287958231,163.71597120417687,163.71597120417687
2016-04-07,2450,2755.214139604907,-305.2141396049069,305.2141396049069
2016-04-07,203,243.9453510956262,-40.945351095626194,40.945351095626194
2016-04-07,2427,2462.3833357649273,-35.383335764927324,35.383335764927324
2016-04-07,230,260.80179506978163,-30.801795069781633,30.801795069781633
2016-04-07,823,858.2758400071538,-35.27584000715376,35.27584000715376
2016-04-07,2441,2673.4328089176147,-232.4328089176147,232.4328089176147
2016-04-07,406,319.96492452938327,86.03507547061673,86.03507547061673
2016-04-07,280,283.4652040438732,-3.4652040438732,3.4652040438732
2016-04-07,1479,1509.2598581182015,-30.259858118201464,30.259858118201464
2016-04-07,1586,1557.3787494209562,28.621250579043817,28.621250579043817
2016-04-07,3905,3691.947100345348,213.0528996546518,213.0528996546518
2016-04-07,893,893.3684101508804,-0.36841015088043605,0.36841015088043605
2016-04-07,362,338.772080137523,23.227919862476995,23.227919862476995
2016-04-08,397,383.5592424076897,13.44075759231032,13.44075759231032
2016-04-08,2087,2149.387971950462,-62.38797195046209,62.38797195046209
2016-04-08,2458,2760.727280906377,-302.727280906377,302.727280906377
2016-04-08,1012,1478.8738847574753,-466.87388475747525,466.87388475747525
2016-04-08,843,954.1327947850781,-111.13279478507809,111.13279478507809
2016-04-08,582,506.25658298541526,75.74341701458474,75.74341701458474
2016-04-08,356,313.39654873393397,42.60345126606603,42.60345126606603
2016-04-08,1597,1690.0655623245643,-93.06556232456433,93.06556232456433
2016-04-08,441,493.33712074976387,-52.33712074976387,52.33712074976387
2016-04-08,3141,3071.9404941888088,69.05950581119123,69.05950581119123
2016-04-08,2379,2577.0755670760345,-198.07556707603453,198.07556707603453
2016-04-08,996,970.3258667047604,25.674133295239585,25.674133295239585
2016-04-08,2997,2984.320124747423,12.679875252576949,12.679875252576949
2016-04-08,319,319.5767956584722,-0.5767956584721787,0.5767956584721787
2016-04-08,921,1017.8840780284237,-96.88407802842369,96.88407802842369
2016-04-08,369,356.2555177581687,12.744482241831292,12.744482241831292
2016-04-08,538,573.7319152444761,-35.73191524447611,35.73191524447611
2016-04-08,941,987.6232702720221,-46.62327027202207,46.62327027202207
2016-04-08,2630,2606.224084879499,23.77591512050094,23.77591512050094
2016-04-08,314,275.7241142054613,38.27588579453868,38.27588579453868
2016-04-08,900,931.749408378171,-31.749408378170983,31.749408378170983
2016-04-08,5327,4101.466063315723,1225.5339366842773,1225.5339366842773
2016-04-08,1153,1108.8342578354145,44.16574216458548,44.16574216458548
2016-04-08,782,877.0857404019445,-95.08574040194446,95.08574040194446
2016-04-08,339,291.0605063672586,47.9394936327414,47.9394936327414
2016-04-08,1716,1682.0074451514365,33.992554848563486,33.992554848563486
2016-04-08,454,491.7054985586368,-37.705498558636805,37.705498558636805
2016-04-08,398,456.862471989963,-58.86247198996301,58.86247198996301
2016-04-08,3937,4064.985345052967,-127.9853450529672,127.9853450529672
2016-04-08,2896,2885.642811191405,10.357188808594856,10.357188808594856
2016-04-09,370,399.6994447010715,-29.699444701071513,29.699444701071513
2016-04-09,418,452.7183199186792,-34.718319918679185,34.718319918679185
2016-04-09,1530,1377.6957630661834,152.30423693381658,152.30423693381658
2016-04-09,1086,1166.1693886528383,-80.16938865283828,80.16938865283828
2016-04-09,3195,3107.7162665529545,87.2837334470455,87.2837334470455
2016-04-09,399,323.62681887828694,75.37318112171306,75.37318112171306
2016-04-09,5902,5240.046384574996,661.9536154250036,661.9536154250036
2016-04-09,1078,1039.385397695522,38.61460230447801,38.61460230447801
2016-04-09,2968,2914.1288865150927,53.871113484907255,53.871113484907255
2016-04-09,4158,3823.8714068850873,334.12859311491275,334.12859311491275
2016-04-09,1255,1185.753956150194,69.24604384980603,69.24604384980603
2016-04-09,1257,1084.2660469899788,172.7339530100212,172.7339530100212
2016-04-09,420,310.37621558449746,109.62378441550254,109.62378441550254
2016-04-09,4302,3528.0939226432665,773.9060773567335,773.9060773567335
2016-04-09,623,607.7902633035989,15.209736696401137,15.209736696401137
2016-04-09,1094,1169.5084411014263,-75.50844110142634,75.50844110142634
2016-04-09,359,410.9887297089651,-51.98872970896508,51.98872970896508
2016-04-09,357,364.9076010025295,-7.907601002529475,7.907601002529475
2016-04-09,4910,5260.01005879278,-350.01005879278,350.01005879278
2016-04-09,571,654.2511769817139,-83.25117698171391,83.25117698171391
2016-04-09,614,599.5140839849382,14.485916015061775,14.485916015061775
2016-04-09,574,522.3003537542979,51.69964624570207,51.69964624570207
2016-04-09,2617,2560.915214405295,56.084785594704954,56.084785594704954
2016-04-09,4118,3828.0756261827014,289.9243738172986,289.9243738172986
2016-04-09,648,655.3825036007535,-7.382503600753466,7.382503600753466
2016-04-09,1661,1623.6642284799354,37.335771520064554,37.335771520064554
2016-04-09,2091,1905.5205540427353,185.47944595726472,185.47944595726472
2016-04-09,4073,3942.1052947551157,130.89470524488434,130.89470524488434
2016-04-09,2224,2274.480267976494,-50.480267976493906,50.480267976493906
2016-04-09,1468,1248.9585792068224,219.04142079317762,219.04142079317762
2016-04-10,5453,5411.351182840047,41.64881715995307,41.64881715995307
2016-04-10,1053,1056.9763584642146,-3.976358464214627,3.976358464214627
2016-04-10,319,326.34591879529955,-7.3459187952995535,7.3459187952995535
2016-04-10,1181,1179.0006152381964,1.9993847618036398,1.9993847618036398
2016-04-10,605,493.81447646278394,111.18552353721606,111.18552353721606
2016-04-10,1008,984.3160004574306,23.68399954256938,23.68399954256938
2016-04-10,547,605.4147820984651,-58.41478209846514,58.41478209846514
2016-04-10,3520,3161.6080992192997,358.3919007807003,358.3919007807003
2016-04-10,636,672.4736502194933,-36.473650219493265,36.473650219493265
2016-04-10,4111,3842.250991340038,268.7490086599619,268.7490086599619
2016-04-10,4061,3872.451612960492,188.54838703950782,188.54838703950782
2016-04-10,682,624.3123369295407,57.68766307045928,57.68766307045928
2016-04-10,309,301.5973754519336,7.402624548066399,7.402624548066399
2016-04-10,3026,2828.9607115811227,197.03928841887728,197.03928841887728
2016-04-10,1174,1185.2313931042818,-11.231393104281779,11.231393104281779
2016-04-10,1185,1320.643759630387,-135.64375963038697,135.64375963038697
2016-04-10,1581,1676.888505467687,-95.88850546768708,95.88850546768708
2016-04-10,2150,2023.72919793548,126.27080206452001,126.27080206452001
2016-04-10,1361,1387.334380792695,-26.3343807926949,26.3343807926949
2016-04-10,296,288.03727201421805,7.962727985781953,7.962727985781953
2016-04-10,4518,5076.613425660975,-558.6134256609748,558.6134256609748
2016-04-10,1147,1030.137899579875,116.86210042012499,116.86210042012499
2016-04-10,467,481.32560774849014,-14.325607748490143,14.325607748490143
2016-04-10,3619,3680.848381719847,-61.84838171984711,61.84838171984711
2016-04-10,2648,2653.196419869329,-5.19641986932902,5.19641986932902
2016-04-10,363,329.23494043790106,33.76505956209894,33.76505956209894
2016-04-10,2513,2256.513537529049,256.4864624709512,256.4864624709512
2016-04-10,521,379.85998364867885,141.14001635132115,141.14001635132115
2016-04-10,462,413.19061393604835,48.80938606395165,48.80938606395165
2016-04-10,3340,3385.5283680412085,-45.52836804120852,45.52836804120852
2016-04-11,910,938.4811638811166,-28.481163881116572,28.481163881116572
2016-04-11,901,945.5626437872921,-44.56264378729213,44.56264378729213
2016-04-11,2876,2894.3246580982473,-18.324658098247255,18.324658098247255
2016-04-11,1000,949.0636243807949,50.93637561920514,50.93637561920514
2016-04-11,1965,2195.870175010156,-230.8701750101559,230.8701750101559
2016-04-11,222,249.90631552711642,-27.90631552711642,27.90631552711642
2016-04-11,2602,2763.534990512308,-161.534990512308,161.534990512308
2016-04-11,3068,3092.6431474475235,-24.64314744752346,24.64314744752346
2016-04-11,988,1019.6139367646533,-31.613936764653317,31.613936764653317
2016-04-11,2621,2763.432661292818,-142.432661292818,142.432661292818
2016-04-11,2460,2471.631788733008,-11.631788733007852,11.631788733007852
2016-04-11,701,674.1800144922931,26.81998550770686,26.81998550770686
2016-04-11,1815,1808.4722115137404,6.527788486259624,6.527788486259624
2016-04-11,293,263.2665166180759,29.73348338192409,29.73348338192409
2016-04-11,1049,992.449454410377,56.55054558962297,56.55054558962297
2016-04-11,332,350.23059252187187,-18.23059252187187,18.23059252187187
2016-04-11,4202,4428.0888474560525,-226.08884745605246,226.08884745605246
2016-04-11,4932,4461.922405030669,470.0775949693307,470.0775949693307
2016-04-11,1694,1764.3397805430634,-70.3397805430634,70.3397805430634
2016-04-11,246,284.609991077024,-38.609991077024006,38.609991077024006
2016-04-11,620,484.5563916357251,135.4436083642749,135.4436083642749
2016-04-11,401,400.51749807323165,0.48250192676835013,0.48250192676835013
2016-04-11,283,349.7468413225054,-66.74684132250542,66.74684132250542
2016-04-11,516,540.2669753874111,-24.266975387411094,24.266975387411094
2016-04-11,325,337.59831943649624,-12.59831943649624,12.59831943649624
2016-04-11,431,349.37071625432634,81.62928374567366,81.62928374567366
2016-04-11,2671,2532.095912496153,138.90408750384722,138.90408750384722
2016-04-11,987,1084.8047556793504,-97.80475567935036,97.80475567935036
2016-04-11,563,534.2970672930061,28.70293270699392,28.70293270699392
2016-04-11,753,735.9451998622407,17.054800137759344,17.054800137759344
2016-04-12,661,686.8676102395457,-25.867610239545684,25.867610239545684
2016-04-12,914,1013.9026101469985,-99.90261014699854,99.90261014699854
2016-04-12,2627,2575.1168572815163,51.88314271848367,51.88314271848367
2016-04-12,2257,2533.0219974185134,-276.02199741851337,276.02199741851337
2016-04-12,391,499.3258449418334,-108.3258449418334,108.3258449418334
2016-04-12,4768,4276.629857226394,491.37014277360595,491.37014277360595
2016-04-12,501,470.6597535950067,30.34024640499331,30.34024640499331
2016-04-12,805,907.3590281831166,-102.3590281831166,102.3590281831166
2016-04-12,196,272.30560181572366,-76.30560181572366,76.30560181572366
2016-04-12,3172,3043.462400258261,128.5375997417391,128.5375997417391
2016-04-12,2028,1994.7444726065946,33.25552739340537,33.25552739340537
2016-04-12,2372,2541.9221962504907,-169.92219625049074,169.92219625049074
2016-04-12,360,351.26746987273043,8.73253012726957,8.73253012726957
2016-04-12,431,344.1192419496911,86.88075805030888,86.88075805030888
2016-04-12,450,490.0712510772303,-40.07125107723027,40.07125107723027
2016-04-12,2669,2497.5299294803294,171.47007051967057,171.47007051967057
2016-04-12,811,894.1127981769287,-83.11279817692866,83.11279817692866
2016-04-12,818,855.7795865952382,-37.77958659523824,37.77958659523824
2016-04-12,304,332.74770767856995,-28.747707678569952,28.747707678569952
2016-04-12,418,336.6745647194322,81.32543528056777,81.32543528056777
2016-04-12,1395,1562.605491242824,-167.60549124282397,167.60549124282397
2016-04-12,3692,3742.5256590820727,-50.52565908207271,50.52565908207271
2016-04-12,252,253.2507134710503,-1.2507134710502896,1.2507134710502896
2016-04-12,278,354.00889494750567,-76.00889494750567,76.00889494750567
2016-04-12,1499,1604.2195196427494,-105.21951964274945,105.21951964274945
2016-04-12,640,594.7131035173765,45.28689648262355,45.28689648262355
2016-04-12,2444,2442.2881455582806,1.7118544417194244,1.7118544417194244
2016-04-12,816,838.7769388156623,-22.776938815662334,22.776938815662334
2016-04-12,304,219.86303929121425,84.13696070878575,84.13696070878575
2016-04-12,796,934.2803966149522,-138.28039661495222,138.28039661495222
2016-04-13,317,329.8026485628506,-12.802648562850607,12.802648562850607
2016-04-13,938,846.6941462483342,91.30585375166584,91.30585375166584
2016-04-13,2320,2630.1351186352886,-310.13511863528856,310.13511863528856
2016-04-13,505,497.795397259725,7.204602740274993,7.204602740274993
2016-04-13,276,260.8810691584781,15.118930841521887,15.118930841521887
2016-04-13,728,867.2955618056918,-139.29556180569182,139.29556180569182
2016-04-13,2341,2446.0647507240255,-105.06475072402554,105.06475072402554
2016-04-13,722,772.5276620158133,-50.52766201581335,50.52766201581335
2016-04-13,829,814.3670566237294,14.632943376270646,14.632943376270646
2016-04-13,306,236.1225526748657,69.87744732513431,69.87744732513431
2016-04-13,3403,3592.597943297836,-189.59794329783608,189.59794329783608
2016-04-13,1901,1941.466014544268,-40.46601454426809,40.46601454426809
2016-04-13,343,377.5743117520615,-34.574311752061476,34.574311752061476
2016-04-13,458,323.9533729741779,134.0466270258221,134.0466270258221
2016-04-13,355,331.69885439601956,23.301145603980444,23.301145603980444
2016-04-13,2264,2537.1902650064476,-273.1902650064476,273.1902650064476
2016-04-13,1469,1469.3163020982347,-0.3163020982347007,0.3163020982347007
2016-04-13,415,433.3902368116212,-18.390236811621207,18.390236811621207
2016-04-13,506,651.6015662295357,-145.6015662295357,145.6015662295357
2016-04-13,2164,2344.4922932911277,-180.49229329112768,180.49229329112768
2016-04-13,675,854.4213898128521,-179.4213898128521,179.4213898128521
2016-04-13,545,578.1189592957548,-33.11895929575485,33.11895929575485
2016-04-13,197,252.03182338520472,-55.03182338520472,55.03182338520472
2016-04-13,482,473.4523352979,8.547664702100008,8.547664702100008
2016-04-13,2381,2454.074232337768,-73.07423233776808,73.07423233776808
2016-04-13,2166,2426.540567327287,-260.54056732728714,260.54056732728714
2016-04-13,854,987.7070755344043,-133.70707553440434,133.70707553440434
2016-04-13,385,355.9629213620798,29.037078637920217,29.037078637920217
2016-04-13,3533,3956.6194140402386,-423.61941404023855,423.61941404023855
2016-04-13,1415,1461.2460852902682,-46.246085290268184,46.246085290268184
2016-04-14,313,266.4065726435557,46.593427356444295,46.593427356444295
2016-04-14,3344,3490.2379553572364,-146.2379553572364,146.2379553572364
2016-04-14,997,895.4039496112243,101.59605038877567,101.59605038877567
2016-04-14,429,403.9472726527247,25.052727347275322,25.052727347275322
2016-04-14,374,332.36079492602664,41.63920507397336,41.63920507397336
2016-04-14,505,308.2783980828407,196.72160191715932,196.72160191715932
2016-04-14,2361,2386.6873809598264,-25.68738095982644,25.68738095982644
2016-04-14,2200,2471.8644177059423,-271.8644177059423,271.8644177059423
2016-04-14,2353,2355.3872064574425,-2.3872064574425167,2.3872064574425167
2016-04-14,839,782.5690922065847,56.43090779341526,56.43090779341526
2016-04-14,867,916.3109883933633,-49.310988393363345,49.310988393363345
2016-04-14,408,355.9225783302703,52.07742166972969,52.07742166972969
2016-04-14,452,518.1229186449253,-66.12291864492533,66.12291864492533
2016-04-14,1541,1446.001852068142,94.99814793185806,94.99814793185806
2016-04-14,2421,2415.8173867885293,5.1826132114706525,5.1826132114706525
2016-04-14,558,496.2570029655592,61.742997034440805,61.742997034440805
2016-04-14,2752,2744.429378666656,7.5706213333442065,7.5706213333442065
2016-04-14,1808,1874.9333396282714,-66.93333962827137,66.93333962827137
2016-04-14,599,653.4268037629141,-54.42680376291412,54.42680376291412
2016-04-14,4230,3711.8094075927957,518.1905924072043,518.1905924072043
2016-04-14,333,352.6504619478586,-19.650461947858616,19.650461947858616
2016-04-14,787,777.1967797609902,9.803220239009761,9.803220239009761
2016-04-14,814,979.7782323713673,-165.77823237136727,165.77823237136727
2016-04-14,277,249.05454422157575,27.945455778424247,27.945455778424247
2016-04-14,219,261.48806177517923,-42.48806177517923,42.48806177517923
2016-04-14,786,850.9138406840764,-64.91384068407638,64.91384068407638
2016-04-14,1591,1448.1170803162534,142.88291968374665,142.88291968374665
2016-04-14,2446,2397.833949739837,48.16605026016305,48.16605026016305
2016-04-14,370,358.59969013858404,11.400309861415963,11.400309861415963
2016-04-14,555,626.4493532975829,-71.44935329758289,71.44935329758289
2016-04-15,2700,2680.389717899905,19.61028210009499,19.61028210009499
2016-04-15,298,316.2446958703318,-18.244695870331782,18.244695870331782
2016-04-15,2396,2645.29763693965,-249.29763693965015,249.29763693965015
2016-04-15,4836,4268.989766145752,567.0102338542483,567.0102338542483
2016-04-15,777,923.7021770520265,-146.7021770520265,146.7021770520265
2016-04-15,490,512.9882758762836,-22.988275876283637,22.988275876283637
2016-04-15,2549,2832.4738358285545,-283.47383582855446,283.47383582855446
2016-04-15,1664,1645.3712469551597,18.628753044840323,18.628753044840323
2016-04-15,1434,1677.9764418134557,-243.97644181345572,243.97644181345572
2016-04-15,258,299.08722372788503,-41.08722372788503,41.08722372788503
2016-04-15,489,401.09444437801153,87.90555562198847,87.90555562198847
2016-04-15,483,422.48815511622297,60.51184488377703,60.51184488377703
2016-04-15,348,331.6916420502966,16.308357949703407,16.308357949703407
2016-04-15,375,425.7370103984626,-50.73701039846259,50.73701039846259
2016-04-15,934,969.6342156446863,-35.634215644686265,35.634215644686265
2016-04-15,360,376.3428726548099,-16.342872654809923,16.342872654809923
2016-04-15,432,631.4885856822647,-199.48858568226467,199.48858568226467
2016-04-15,1125,1106.1696208481337,18.830379151866282,18.830379151866282
2016-04-15,2706,2903.299211928329,-197.299211928329,197.299211928329
2016-04-15,2049,2026.025875771672,22.974124228328037,22.974124228328037
2016-04-15,875,990.0949247996809,-115.09492479968094,115.09492479968094
2016-04-15,2891,2807.3379726177404,83.66202738225957,83.66202738225957
2016-04-15,3471,3646.8294916046448,-175.82949160464477,175.82949160464477
2016-04-15,3420,3136.1842109552695,283.81578904473054,283.81578904473054
2016-04-15,988,1013.8305152951983,-25.830515295198325,25.830515295198325
2016-04-15,401,590.7370887463818,-189.7370887463818,189.7370887463818
2016-04-15,1066,1079.1996738955445,-13.199673895544493,13.199673895544493
2016-04-15,342,371.936175881212,-29.936175881212023,29.936175881212023
2016-04-15,787,745.1202951811644,41.87970481883565,41.87970481883565
2016-04-15,845,860.3351046925238,-15.335104692523828,15.335104692523828
2016-04-16,605,621.1912985026248,-16.191298502624818,16.191298502624818
2016-04-16,623,638.35621765337,-15.356217653369981,15.356217653369981
2016-04-16,2737,2794.376449481396,-57.376449481395866,57.376449481395866
2016-04-16,3195,3479.084065908776,-284.0840659087762,284.0840659087762
2016-04-16,4175,4540.753016764389,-365.75301676438903,365.75301676438903
2016-04-16,2795,3059.310550091753,-264.31055009175316,264.31055009175316
2016-04-16,1080,1124.2603826179777,-44.26038261797771,44.26038261797771
2016-04-16,444,485.2492786568114,-41.249278656811384,41.249278656811384
2016-04-16,411,351.89536281833233,59.10463718166767,59.10463718166767
2016-04-16,1086,1325.6262594380917,-239.62625943809167,239.62625943809167
2016-04-16,3423,3026.714854944531,396.285145055469,396.285145055469
2016-04-16,2412,2391.9219895829806,20.078010417019414,20.078010417019414
2016-04-16,1062,1097.1933802592605,-35.19338025926049,35.19338025926049
2016-04-16,1883,1949.5547032938864,-66.5547032938864,66.5547032938864
2016-04-16,318,327.2841760616751,-9.284176061675112,9.284176061675112
2016-04-16,4307,4350.415453845279,-43.415453845279444,43.415453845279444
2016-04-16,486,495.0933546412088,-9.093354641208805,9.093354641208805
2016-04-16,1234,1282.5303162031357,-48.530316203135726,48.530316203135726
2016-04-16,3599,3720.992833373944,-121.992833373944,121.992833373944
2016-04-16,273,377.6836158213603,-104.68361582136032,104.68361582136032
2016-04-16,1039,1084.9943266395717,-45.99432663957168,45.99432663957168
2016-04-16,3481,3636.6836834430414,-155.68368344304145,155.68368344304145
2016-04-16,887,1042.8924326929473,-155.8924326929473,155.8924326929473
2016-04-16,635,617.3742600603416,17.625739939658388,17.625739939658388
2016-04-16,333,408.2426920845798,-75.2426920845798,75.2426920845798
2016-04-16,722,564.5976432072908,157.40235679270916,157.40235679270916
2016-04-16,1273,1189.7865123443173,83.21348765568268,83.21348765568268
2016-04-16,1443,1335.0576484500748,107.9423515499252,107.9423515499252
2016-04-16,407,443.65586006980243,-36.65586006980243,36.65586006980243
2016-04-16,1994,2018.8939320148402,-24.893932014840175,24.893932014840175
2016-04-17,2629,2553.4304215853417,75.56957841465828,75.56957841465828
2016-04-17,708,658.2738069389028,49.726193061097206,49.726193061097206
2016-04-17,5127,4716.300599164274,410.699400835726,410.699400835726
2016-04-17,2296,2242.5353312934617,53.464668706538305,53.464668706538305
2016-04-17,3221,3052.1395990081123,168.86040099188767,168.86040099188767
2016-04-17,4157,4407.86368358264,-250.86368358264008,250.86368358264008
2016-04-17,1995,2092.0951341944424,-97.09513419444238,97.09513419444238
2016-04-17,848,663.6881712879474,184.3118287120526,184.3118287120526
2016-04-17,3267,3319.75539895226,-52.75539895225984,52.75539895225984
2016-04-17,1116,1181.4431504765912,-65.4431504765912,65.4431504765912
2016-04-17,546,463.51417325682246,82.48582674317754,82.48582674317754
2016-04-17,2867,2846.9944194485997,20.00558055140027,20.00558055140027
2016-04-17,854,1034.8402513626897,-180.84025136268974,180.84025136268974
2016-04-17,483,456.6065173434758,26.393482656524213,26.393482656524213
2016-04-17,1106,1124.794932305212,-18.794932305211887,18.794932305211887
2016-04-17,4004,3958.239895758127,45.760104241872796,45.760104241872796
2016-04-17,1088,1138.8252688078112,-50.8252688078112,50.8252688078112
2016-04-17,1003,971.0960642387028,31.903935761297248,31.903935761297248
2016-04-17,447,298.604962745655,148.39503725434503,148.39503725434503
2016-04-17,457,496.41382909018705,-39.41382909018705,39.41382909018705
2016-04-17,321,288.45927855493807,32.54072144506193,32.54072144506193
2016-04-17,1548,1327.8481713825101,220.15182861748985,220.15182861748985
2016-04-17,3729,3179.744349842603,549.2556501573972,549.2556501573972
2016-04-17,655,628.2785895915398,26.7214104084602,26.7214104084602
2016-04-17,1295,1321.0600114839601,-26.060011483960125,26.060011483960125
2016-04-17,251,298.9130556913704,-47.9130556913704,47.9130556913704
2016-04-17,344,349.68724558871486,-5.687245588714859,5.687245588714859
2016-04-17,1309,1218.3088806426572,90.69111935734281,90.69111935734281
2016-04-17,468,445.2470978212161,22.752902178783927,22.752902178783927
2016-04-17,3501,3280.672308758188,220.32769124181186,220.32769124181186
2016-04-18,2268,2412.820079228162,-144.82007922816183,144.82007922816183
2016-04-18,2434,1864.7725382309948,569.2274617690052,569.2274617690052
2016-04-18,2612,2382.990948503386,229.00905149661412,229.00905149661412
2016-04-18,760,884.3086007098689,-124.30860070986887,124.30860070986887
2016-04-18,216,295.10949361126745,-79.10949361126745,79.10949361126745
2016-04-18,174,239.6648763012215,-65.66487630122151,65.66487630122151
2016-04-18,2282,2364.668361566628,-82.66836156662794,82.66836156662794
2016-04-18,1774,1755.2597537234492,18.740246276550806,18.740246276550806
2016-04-18,917,976.1659671799993,-59.16596717999926,59.16596717999926
2016-04-18,467,558.3030965155228,-91.30309651552284,91.30309651552284
2016-04-18,297,266.6261476582285,30.37385234177151,30.37385234177151
2016-04-18,2886,2705.5978781030126,180.4021218969874,180.4021218969874
2016-04-18,3827,3764.176348723605,62.82365127639514,62.82365127639514
2016-04-18,286,405.5286750215706,-119.52867502157062,119.52867502157062
2016-04-18,553,531.8981431010185,21.10185689898151,21.10185689898151
2016-04-18,885,1035.9047742951784,-150.9047742951784,150.9047742951784
2016-04-18,328,366.0111582706021,-38.011158270602095,38.011158270602095
2016-04-18,770,720.7161910201183,49.283808979881655,49.283808979881655
2016-04-18,316,365.07627353858464,-49.076273538584644,49.076273538584644
2016-04-18,320,341.1131411113774,-21.113141111377388,21.113141111377388
2016-04-18,2132,2281.6218888797052,-149.62188887970524,149.62188887970524
2016-04-18,3206,3465.3177753887767,-259.3177753887767,259.3177753887767
2016-04-18,638,659.6377334880348,-21.63773348803477,21.63773348803477
2016-04-18,2625,2581.2446226856314,43.755377314368616,43.755377314368616
2016-04-18,715,967.1646162767925,-252.16461627679246,252.16461627679246
2016-04-18,1879,1617.8132801898153,261.18671981018474,261.18671981018474
2016-04-18,844,961.3032291581335,-117.30322915813349,117.30322915813349
2016-04-18,377,327.2025753513182,49.79742464868178,49.79742464868178
2016-04-18,542,516.0834172289846,25.91658277101544,25.91658277101544
2016-04-18,729,932.2941897263877,-203.29418972638769,203.29418972638769
2016-04-19,932,872.0279230808028,59.97207691919721,59.97207691919721
2016-04-19,2513,2018.1908656676383,494.80913433236174,494.80913433236174
2016-04-19,368,323.6652432936567,44.334756706343285,44.334756706343285
2016-04-19,588,457.6064091290641,130.3935908709359,130.3935908709359
2016-04-19,1722,1538.4755779296333,183.52442207036665,183.52442207036665
2016-04-19,991,762.9416741901728,228.05832580982724,228.05832580982724
2016-04-19,299,343.6677146095847,-44.66771460958472,44.66771460958472
2016-04-19,988,814.7139347667302,173.28606523326982,173.28606523326982
2016-04-19,853,814.2342006546837,38.76579934531628,38.76579934531628
2016-04-19,398,347.244846489428,50.75515351057197,50.75515351057197
2016-04-19,547,576.9870628631961,-29.987062863196115,29.987062863196115
2016-04-19,495,455.4675093854442,39.5324906145558,39.5324906145558
2016-04-19,3468,3558.9430727660556,-90.9430727660556,90.9430727660556
2016-04-19,434,339.77837419604424,94.22162580395576,94.22162580395576
2016-04-19,1627,1508.1998621016307,118.80013789836926,118.80013789836926
2016-04-19,2488,2419.1983741975023,68.80162580249771,68.80162580249771
2016-04-19,292,229.62795520757683,62.37204479242317,62.37204479242317
2016-04-19,2410,2393.0043257757566,16.99567422424343,16.99567422424343
2016-04-19,2377,2281.263923269391,95.73607673060906,95.73607673060906
2016-04-19,387,324.6742397729043,62.325760227095714,62.325760227095714
2016-04-19,852,791.4978641671786,60.50213583282141,60.50213583282141
2016-04-19,557,481.31223874456475,75.68776125543525,75.68776125543525
2016-04-19,250,256.36339361154273,-6.363393611542733,6.363393611542733
2016-04-19,3282,3100.602605621834,181.39739437816615,181.39739437816615
2016-04-19,2113,1872.6804198850778,240.31958011492225,240.31958011492225
2016-04-19,2440,2067.421453027303,372.57854697269704,372.57854697269704
2016-04-19,810,821.2457160673476,-11.245716067347644,11.245716067347644
2016-04-19,276,232.63680614365222,43.36319385634778,43.36319385634778
2016-04-19,2135,2138.225250459615,-3.2252504596149265,3.2252504596149265
2016-04-19,678,668.5625867738916,9.437413226108447,9.437413226108447
2016-04-20,2212,2178.259244028886,33.74075597111414,33.74075597111414
2016-04-20,1581,1488.140784956266,92.85921504373391,92.85921504373391
2016-04-20,1834,1841.726432375621,-7.726432375621016,7.726432375621016
2016-04-20,273,269.3962908196316,3.603709180368412,3.603709180368412
2016-04-20,794,799.1462763970716,-5.146276397071574,5.146276397071574
2016-04-20,841,832.4099092513443,8.590090748655712,8.590090748655712
2016-04-20,815,857.771390946009,-42.77139094600898,42.77139094600898
2016-04-20,405,320.74108579726465,84.25891420273535,84.25891420273535
2016-04-20,344,364.57451552175945,-20.57451552175945,20.57451552175945
2016-04-20,626,543.124327763149,82.87567223685096,82.87567223685096
2016-04-20,326,345.7388973995836,-19.738897399583607,19.738897399583607
2016-04-20,2506,2231.6110852720544,274.3889147279456,274.3889147279456
2016-04-20,373,365.5799451971018,7.420054802898221,7.420054802898221
2016-04-20,2290,2056.9913508192353,233.00864918076468,233.00864918076468
2016-04-20,3286,3386.495702111636,-100.49570211163609,100.49570211163609
2016-04-20,683,620.2958081823724,62.70419181762759,62.70419181762759
2016-04-20,2196,2203.4094917963403,-7.409491796340262,7.409491796340262
2016-04-20,913,873.7354537743057,39.26454622569429,39.26454622569429
2016-04-20,869,765.2693179494901,103.73068205050993,103.73068205050993
2016-04-20,276,239.38121649752404,36.618783502475964,36.618783502475964
2016-04-20,3005,2936.8685098201468,68.13149017985324,68.13149017985324
2016-04-20,363,438.0842051515571,-75.08420515155711,75.08420515155711
2016-04-20,2232,2082.7328304385737,149.26716956142627,149.26716956142627
2016-04-20,534,507.0433452526563,26.95665474734369,26.95665474734369
2016-04-20,514,491.6315646908721,22.368435309127904,22.368435309127904
2016-04-20,334,394.85590734320976,-60.855907343209765,60.855907343209765
2016-04-20,769,849.8085628332016,-80.80856283320156,80.80856283320156
2016-04-20,1415,1435.7159783061961,-20.71597830619612,20.71597830619612
2016-04-20,244,258.6639743557396,-14.663974355739583,14.663974355739583
2016-04-20,2490,2381.58717197634,108.41282802366004,108.41282802366004
2016-04-21,780,801.6996511973757,-21.699651197375715,21.699651197375715
2016-04-21,219,250.56814996712762,-31.568149967127624,31.568149967127624
2016-04-21,397,333.30150764062375,63.698492359376246,63.698492359376246
2016-04-21,281,255.1727022567134,25.827297743286607,25.827297743286607
2016-04-21,771,823.1565201244451,-52.15652012444514,52.15652012444514
2016-04-21,3078,2959.09246819408,118.90753180591992,118.90753180591992
2016-04-21,2308,2137.9707036770233,170.02929632297673,170.02929632297673
2016-04-21,2285,2073.500969060325,211.49903093967487,211.49903093967487
2016-04-21,3056,3258.8021592892364,-202.80215928923644,202.80215928923644
2016-04-21,203,263.4762041429544,-60.47620414295437,60.47620414295437
2016-04-21,906,774.0693191889135,131.93068081108652,131.93068081108652
2016-04-21,2533,2365.61107901827,167.38892098172983,167.38892098172983
2016-04-21,540,519.8752140041216,20.12478599587837,20.12478599587837
2016-04-21,766,815.8446207974703,-49.84462079747027,49.84462079747027
2016-04-21,271,348.69106247520483,-77.69106247520483,77.69106247520483
2016-04-21,1034,886.2489764891765,147.75102351082353,147.75102351082353
2016-04-21,460,482.1080757690126,-22.1080757690126,22.1080757690126
2016-04-21,642,579.8997585736156,62.1002414263844,62.1002414263844
2016-04-21,410,412.4754548390356,-2.475454839035592,2.475454839035592
2016-04-21,867,878.7919223738971,-11.791922373897137,11.791922373897137
2016-04-21,2239,2147.561241829829,91.43875817017079,91.43875817017079
2016-04-21,715,629.2132400462732,85.7867599537268,85.7867599537268
2016-04-21,1629,1523.827930423905,105.17206957609505,105.17206957609505
2016-04-21,1422,1420.6742609281173,1.3257390718827082,1.3257390718827082
2016-04-21,340,366.3927270246086,-26.392727024608575,26.392727024608575
2016-04-21,323,352.2393215532468,-29.239321553246782,29.239321553246782
2016-04-21,2151,2086.2754041862036,64.72459581379644,64.72459581379644
2016-04-21,1777,1778.7215044033187,-1.7215044033187041,1.7215044033187041
2016-04-21,2261,2276.677510965672,-15.6775109656719,15.6775109656719
2016-04-21,369,354.224691274359,14.775308725641025,14.775308725641025
2016-04-22,924,961.1558176337842,-37.15581763378418,37.15581763378418
2016-04-22,2665,2893.9035263159544,-228.90352631595442,228.90352631595442
2016-04-22,2790,2754.7552662662606,35.244733733739395,35.244733733739395
2016-04-22,388,370.64606316551766,17.35393683448234,17.35393683448234
2016-04-22,900,940.4722940597671,-40.47229405976714,40.47229405976714
2016-04-22,3409,3514.9241159066664,-105.92411590666643,105.92411590666643
2016-04-22,527,489.2397892450111,37.76021075498892,37.76021075498892
2016-04-22,303,303.9922039290269,-0.992203929026914,0.992203929026914
2016-04-22,397,407.78046380318307,-10.780463803183068,10.780463803183068
2016-04-22,1616,1578.827078747132,37.172921252868036,37.172921252868036
2016-04-22,1751,1738.5721363103119,12.427863689688138,12.427863689688138
2016-04-22,967,965.4158483396419,1.5841516603580885,1.5841516603580885
2016-04-22,1101,1037.4240033470933,63.575996652906724,63.575996652906724
2016-04-22,598,544.7109007236576,53.28909927634243,53.28909927634243
2016-04-22,415,478.6015787718565,-63.60157877185651,63.60157877185651
2016-04-22,2547,2497.2225696072073,49.77743039279267,49.77743039279267
2016-04-22,3419,3333.3700677955367,85.62993220446333,85.62993220446333
2016-04-22,2960,2958.493851136698,1.5061488633018598,1.5061488633018598
2016-04-22,472,492.76235318322017,-20.76235318322017,20.76235318322017
2016-04-22,271,283.61535536624035,-12.615355366240351,12.615355366240351
2016-04-22,867,825.25881169635,41.741188303650006,41.741188303650006
2016-04-22,829,853.8007393051199,-24.80073930511992,24.80073930511992
2016-04-22,1922,1978.949772525044,-56.949772525043954,56.949772525043954
2016-04-22,1266,1220.4564026239484,45.54359737605159,45.54359737605159
2016-04-22,2370,2433.2449844286994,-63.244984428699354,63.244984428699354
2016-04-22,405,341.1277787138337,63.87222128616628,63.87222128616628
2016-04-22,2871,2798.231668438772,72.76833156122802,72.76833156122802
2016-04-22,786,807.5567045846251,-21.556704584625095,21.556704584625095
2016-04-22,296,321.9943508210052,-25.994350821005185,25.994350821005185
2016-04-22,485,430.8468871955591,54.15311280444092,54.15311280444092
2016-04-23,542,518.4035690048391,23.59643099516086,23.59643099516086
2016-04-23,986,1078.3245529596552,-92.3245529596552,92.3245529596552
2016-04-23,3242,3565.0125136867564,-323.0125136867564,323.0125136867564
2016-04-23,1582,1481.7357473444658,100.26425265553416,100.26425265553416
2016-04-23,503,591.9718640301697,-88.97186403016974,88.97186403016974
2016-04-23,413,354.2216836034827,58.77831639651731,58.77831639651731
2016-04-23,3751,4087.1930111608626,-336.1930111608626,336.1930111608626
2016-04-23,1252,1216.4046333251574,35.59536667484258,35.59536667484258
2016-04-23,282,316.1936311900242,-34.19363119002418,34.19363119002418
2016-04-23,670,602.1686916725939,67.83130832740608,67.83130832740608
2016-04-23,765,624.7700606892964,140.22993931070357,140.22993931070357
2016-04-23,497,459.587492164496,37.412507835504016,37.412507835504016
2016-04-23,3760,3640.572617808233,119.42738219176681,119.42738219176681
2016-04-23,3655,3763.5393418747326,-108.5393418747326,108.5393418747326
2016-04-23,1027,1082.802087028704,-55.80208702870391,55.80208702870391
2016-04-23,2600,2759.4589528098163,-159.4589528098163,159.4589528098163
2016-04-23,3240,3321.259840269218,-81.25984026921788,81.25984026921788
2016-04-23,289,312.5690537939278,-23.56905379392782,23.56905379392782
2016-04-23,4459,4410.461793160727,48.53820683927279,48.53820683927279
2016-04-23,1371,1274.833758472019,96.1662415279809,96.1662415279809
2016-04-23,2195,1982.9625152463748,212.03748475362522,212.03748475362522
2016-04-23,1033,965.0080351948657,67.99196480513433,67.99196480513433
2016-04-23,1092,1072.0524743083824,19.947525691617557,19.947525691617557
2016-04-23,2930,2996.8034737895823,-66.80347378958231,66.80347378958231
2016-04-23,593,599.0683115904611,-6.068311590461121,6.068311590461121
2016-04-23,436,420.66196716537513,15.338032834624869,15.338032834624869
2016-04-23,390,376.83293309605085,13.167066903949149,13.167066903949149
2016-04-23,1117,1169.0813058227695,-52.08130582276954,52.08130582276954
2016-04-23,1971,1962.5412809798297,8.458719020170292,8.458719020170292
2016-04-23,2319,2389.3798781724227,-70.37987817242265,70.37987817242265
2016-04-24,2853,3178.9028569221596,-325.9028569221596,325.9028569221596
2016-04-24,413,426.7400433578025,-13.740043357802506,13.740043357802506
2016-04-24,1026,1112.2745191749902,-86.27451917499025,86.27451917499025
2016-04-24,2421,2713.911745312177,-292.9117453121771,292.9117453121771
2016-04-24,481,477.61944614076094,3.3805538592390576,3.3805538592390576
2016-04-24,1233,1070.3751787273816,162.62482127261842,162.62482127261842
2016-04-24,3317,2861.2622473934175,455.7377526065825,455.7377526065825
2016-04-24,574,430.0364559911892,143.9635440088108,143.9635440088108
2016-04-24,983,834.6041196200647,148.3958803799353,148.3958803799353
2016-04-24,3659,3642.3253382089833,16.67466179101666,16.67466179101666
2016-04-24,235,255.5462907767414,-20.546290776741387,20.546290776741387
2016-04-24,2491,2511.5818873726325,-20.581887372632536,20.581887372632536
2016-04-24,1055,1008.1703076247304,46.82969237526959,46.82969237526959
2016-04-24,251,287.9468525818241,-36.94685258182409,36.94685258182409
2016-04-24,1563,1579.3520242390023,-16.352024239002276,16.352024239002276
2016-04-24,466,335.756224288867,130.24377571113303,130.24377571113303
2016-04-24,2043,2017.9214244851028,25.07857551489724,25.07857551489724
2016-04-24,2353,2248.240946780579,104.75905321942082,104.75905321942082
2016-04-24,670,701.7428145807618,-31.742814580761774,31.742814580761774
2016-04-24,4698,4973.626132829879,-275.62613282987877,275.62613282987877
2016-04-24,507,508.88682771654385,-1.8868277165438485,1.8868277165438485
2016-04-24,4012,3809.913829693725,202.0861703062751,202.0861703062751
2016-04-24,1346,1149.5433106888377,196.45668931116234,196.45668931116234
2016-04-24,714,522.0014361101141,191.99856388988587,191.99856388988587
2016-04-24,4053,3790.9134974939475,262.0865025060525,262.0865025060525
2016-04-24,3107,3047.1657739142847,59.83422608571527,59.83422608571527
2016-04-24,1170,1114.6813110706764,55.31868892932357,55.31868892932357
2016-04-24,372,332.0700647406189,39.929935259381125,39.929935259381125
2016-04-24,762,606.5987073872884,155.4012926127116,155.4012926127116
2016-04-24,967,944.5004933008602,22.49950669913983,22.49950669913983
